:020000041000EA
:10000000002008205D0100101301001015010010F0
:100010001101001011010010110100101101001058
:100020001101001011010010110100102D8B0010A2
:100030001101001011010010AD8A00100988001094
:100040001D0100101D0100101D0100101D010010F8
:100050001D0100101D0100101D0100101D010010E8
:100060001D0100101D0100101D0100101D010010D8
:100070001D0100101D0100101D0100101D010010C8
:100080001D0100101D0100101D0100101D010010B8
:100090001D0100101D0100101D0100101D010010A8
:1000A0001D0100101D0100101D0100101D01001098
:1000B0001D0100101D0100101D0100101D01001088
:1000C0001D0100101D0100101D0100101D01001078
:1000D0001D0100101D0100101D0100101D01001068
:1000E0001D0100101D0100101D0100101D01001058
:1000F0001D0100101D0100101D0100101D01001048
:100100001D0100101D0100101D0100101D01001037
:1001100000BE00BE00BE00BE00BE00BEEFF3058004
:10012000103800BEF2EB8871E0A2001004A30010AA
:10013000A801001090A31AE7D3DEFFFF42012110AF
:10014000FF010000DCBB0000793512AB4FF000006E
:100150002049086006C881F3088810474FF05040D6
:10016000006810B14FF00000F2E70FA40ECC002998
:1001700002D000F015F8F9E71749184A002000E00E
:1001800001C19142FCD1002080F30A8814498847BC
:10019000144988471449884700BEFDE701C901C2D8
:1001A0009A42FBD3704700BF04A300101001002047
:1001B000201B002014BD00100000082000000820B3
:1001C00014BD0010001008200010082000000000DE
:1001D0007047000008ED00E0201B0020A82A002046
:1001E0000D3C0010C1090010053C0010F8B500BF1F
:1001F000064B0749C91A891048BF0131491003D07D
:10020000044B0BB101481847704700BF201B00206A
:10021000201B00200000000008B5054B1BB105495C
:100220000548AFF30080BDE80840FFF7E1BF00BF1D
:1002300000000000A82800208C9C0010002380B53E
:100240000C2084B000934FF0010600F0C9FC0C2391
:1002500046EC44304FF0000747EC40300D2000F0F2
:10026000BFFC0D2346EC443047EC40301B4D1C4C8A
:100270004FF0FF3201A9286806F072FD4FF0FF32FF
:100280006946206806F06CFD0128F1D1DDED007AA9
:100290009DED037AB4EEE77AF1EE10FA0DD50C235A
:1002A00046EC40309DED027AF4EEC77AF1EE10FA9A
:1002B0000ED50D2346EC4030DAE7F3DD0C2347EC96
:1002C00040309DED027AF4EEC77AF1EE10FAF0D4E8
:1002D000CEDD0D2347EC4030CAE700BF7C2900206B
:1002E00078290020002380B52C4E8EB0DFF8C08026
:1002F0002B4F02934FF0FF31306806F075FE012856
:1003000004463FD1642203A9D8F8000006F028FD76
:10031000642202A9386806F023FD08F04FFD002191
:10032000084608F04FFD039A1E4906A803F010FC8A
:1003300006A808F05FFD2046002108F043FD05985F
:1003400009F062FC044604980D4609F05DFC224663
:100350002B46CDE90001144906A803F0F9FB06A8D5
:1003600008F048FD0021022008F02CFD029809F059
:100370004BFC02460B4606A80C4903F0E9FB06A815
:1003800008F038FD002330681A46194606F074FB61
:100390004FF4FA7007F05EFDACE700BF9C29002027
:1003A00078290020909C00109C9C0010B09C0010AC
:1003B000902900202DE9F0432DED028B002300222F
:1003C000DFED418A9FED418A85B0DFF81491DFF8B7
:1003D00014813F4F3F4E404D404C01930292039297
:1003E0008DF803304FF0FF32D9F800000DF1030112
:1003F00006F05AFF9DF80330012B4DD0022B31D06F
:10040000032B18D104232B602368DB05FCD563681C
:10041000F2EE046A9BB207EE103AB8EEC77A27EE06
:10042000287AC7EE087A67EEA67AFCEEE77AF8EE4D
:10043000677ACDED027A01A900236422D8F8000082
:1004400006F01AFB01A900236422386806F014FBA9
:1004500000236422306801A906F00EFB642007F037
:10046000F9FCBFE704232B602368DA05FCD5636839
:10047000F2EE046A9BB207EE103AB8EEC77A27EEA6
:10048000287AC7EE087A67EEA67AFCEEE77AF8EEED
:10049000677ACDED037ACEE704232B602368D90574
:1004A000FCD56368F2EE046A9BB207EE903AF8EE70
:1004B000E77A67EEA87A87EE887A67EE267AFCEE0E
:1004C000E77ACDED017AB6E73333534000F07F454C
:1004D0007C2900208C29002000200A4000000A40CE
:1004E00030240020902900202DE9F0430025DFF87A
:1004F000948083B0294621488DF8075003F072FD9F
:1005000002232A460DF10701D8F8000006F0B4FADC
:100510009DF807101A4803F065FD4FF05047012180
:100520002E4615E09DF8076002230136F6B2042E30
:1005300008BF00260022D8F800000DF107018DF851
:10054000076006F099FA01260A2007F083FC21468D
:100550007B68C3F38044A14203F4802902D007F0F2
:10056000BBFC054607F0B8FC431B322BECD9A64276
:10057000EAD0B9F1000FD5D14E46E5E7C09C001096
:10058000E09C00103024002080B5274DDFF8B080BB
:1005900086B020E09DF816709DF815609DF8144017
:1005A0009DF810309DF811209DF81210CDE90167DB
:1005B000009403F017FD00236422D8F8000004A97A
:1005C00006F05AFA002328681A46194606F054FA2B
:1005D000642007F03FFC154803F084FC4FF0FF3126
:1005E000286806F001FD0128ECD1114803F07AFCDF
:1005F000104804A908F0C0FC04460F48002CC9D1DB
:100600000E4803F06FFC4FF0FF322346D8F800008D
:1006100004A98DF81240ADF81040ADF814408DF8E3
:10062000164006F029FACDE79C290020049D001011
:10063000149D0010AC150020289D0010589D00103E
:10064000882900202DE9F0432DED068B002341F28F
:10065000873101220B249FED4B8A99B008A8CDE980
:100660000933CDE90B12089408F0C4FA0F220E21C9
:1006700003A808F0F9FB44484449454A454B10900B
:1006800045480D910E924549454A0F93454B1790A9
:100690000DA81292139311918DED148A8DED158A88
:1006A0008DED168A08F0D6FC40F6AC5108A808F08B
:1006B000E3FA40F6B83001F04FF93B4803F012FC82
:1006C0009FED3AAADFED3A9A9FED3A9ADFF8F8806B
:1006D000394F3A4E3A4DDFF8F490052205A93868B3
:1006E00006F03EFBDDED057A03A8F8EE678A08F018
:1006F000D3FB07EE900A7AEE677A0023052202A95F
:100700003068CDED027A06F0B7F9DDED027A28EE19
:10071000298AA7EE898A434618EE901A18EE102A05
:100720000DA808F09FFC07EE900AFDEEE77A17EEA1
:10073000903A2A8899B28B1A642B08A805DD89FBA8
:100740000341A1EBE371114489B2B1F57A6F28BF7F
:100750004FF47A61B1F5E16F38BF4FF4E1610C46B7
:1007600008F08AFA18EE100A2C8009F04DFA0B46B0
:10077000059902460091134803F034FC0A2007F063
:1007800069FBAAE7000000008FC2F53C0000C841E9
:10079000000040400000204000002F450000E144E0
:1007A00000007A4500403545709D0010000034423D
:1007B0003333333F9A99993E9029002078290020BD
:1007C000F8140020949D00100AD7A33C56555555A7
:1007D00038B50F220E212D4808F046FB2C492D4834
:1007E00006F084F80321082000F0B8F9032109205D
:1007F00000F0B4F900220121082000F0CDF9002218
:100800000121092000F0C8F906F0A6F81F211A20DE
:1008100000F0A4F900221A20114600F0BDF90021D1
:100820001A2000F0CDF91C4B1C4A1B68272103F449
:1008300070431360174808F0E9FA08F0BFFA002186
:10084000084608F0BFFA164808F0D4FA154808F030
:10085000D1F90C2000F0C4F94FF001050C2345EC50
:1008600044304FF0000444EC40300D2000F0B8F963
:100870000D2345EC443044EC40300B4803F032FB90
:10088000BDE83840002007F05FB900BFA029002074
:10089000801A0600AC15002000000A4000100A4033
:1008A000C49D0010FC140020D89D001080B54FF4AA
:1008B000E131C2B0354801F08BF90221042000F08B
:1008C0004DF90221052000F049F9DFF8CC80304FC6
:1008D000DFF8C8902D4C64220DA9D8F8000006F06E
:1008E0003FFA64220BA9386806F03AFA0E9809F02C
:1008F0008BF902460B460F98CDE9082309F084F9DD
:1009000002460B469DF82F500D98CDE906239DF821
:1009100031602A4604909DF82C509DF82D003346F6
:10092000CDE902059DF82E609DF832501949CDE9B8
:10093000005610A803F00CF99DF84020AAB100233E
:100940000D25B9F9020010A99BB9904218D0A369EE
:100950009B06FCD4226011F8013BA3F10D03B3FA0E
:1009600083F30A785B09002AEED1C82007F072FAF7
:10097000B1E7A3699B06EDD5A3699B06F9D4E9E726
:10098000A3699E06FCD42560E1E700BF0080074014
:1009900088290020E89D00108C290020B42900201F
:1009A00008B5122000F01CF912204FF0000343ECB0
:1009B0004400BDE808400121002200F0EDB800BF6E
:1009C00000B583B003F04AFAFFF7EAFF00220421E2
:1009D000052006F015F80446474B002204210520A7
:1009E0001C6006F00DF80446444B00220C21052043
:1009F0001C6006F005F80446414B00220C2105203E
:100A00001C6005F0FDFF04463E4B00220C21052032
:100A10001C6005F0F5FF04463B4B00220221052037
:100A20001C6005F0EDFF0446384B00220221052032
:100A30001C6005F0E5FF0121354B002218600846D7
:100A400005F0DEFF0246334B01201A6006F054F930
:100A50008446314D00240323C5F800C002254FF41D
:100A60008072CDE900342D4923462D4806F0EAFF77
:100A70004FF4807223462B49CDE900542A4806F0F2
:100A8000E1FF4FF4807223462849CDE900542848FD
:100A900006F0D8FF4FF4807223462649CDE9005472
:100AA000254806F0CFFF4FF0010C4FF48062CDE9EE
:100AB00000C423462149224806F0C4FF4FF4807247
:100AC00023462049CDE900541F4806F0BBFF4FF4F0
:100AD000807223461D49CDE900541D4806F0B2FF3F
:100AE0004FF4807223461B49CDE900541A4806F0A2
:100AF000A9FF07F087F8FEE7882900207829002061
:100B0000902900207C2900208C29002080290020A9
:100B100084290020302400209C290020549E0010AD
:100B2000D10700105C9E0010B5030010689E0010F5
:100B3000AD080010749E0010E5020010849E0010A5
:100B4000E9040010949E00103D020010A49E0010C5
:100B500089050010B49E00104506001010B44FF433
:100B600080740C4B53F8202003EB8003C00082F00C
:100B7000400200F1804003F5805C02F0C00200F505
:100B8000203003F54053CCF8002041601C605DF834
:100B9000044B70470480034010B4084CC90041EA7C
:100BA000820154F8202004EB8003514003F5805368
:100BB00001F00C015DF8044B19607047048003409C
:100BC000064B402203EB800319B103F500531A6072
:100BD000704703F540531A60704700BF048003401C
:100BE00030B44FF0000343EC440043EC40000525D3
:100BF0004FF480740B4BC20053F8201003EB8000BD
:100C000081F0400102F1804303F5203301F0C0027E
:100C100000F5805100F540500A605D60046030BC12
:100C2000704700BF048003400FB400B583B0049C3C
:100C3000074803F057F93CB105A92046019102F09D
:100C4000B1FF044803F04EF9012002F0C3FF00BFDA
:100C5000C09E0010D09E001070B58646EFF3108540
:100C600072B6124CD4E8CF6F0120002EFAD1C4E83E
:100C7000460F002EF6D1BFF35F8F4FF0010CC8086E
:100C800001F007030CFA03F31EF800C01CEA030688
:100C900008D14CEA030C0EF800C0C4E88F6F85F34E
:100CA000108870BD1046FFF7BFFF00BF172000205F
:100CB000F8B5EFF3108772B61C4ED6E8CF5F01246B
:100CC000002DFAD1C6E8454F002DF6D1BFF35F8F56
:100CD0009A421BD8012502E00132934222D3D40864
:100CE00010F804E002F0070C05FA0CFC1EEA0C0FE9
:100CF000F2D14EEA0C0E00F804E010460023C6E8DC
:100D00008F3F87F31088984207DBF8BD0023C6E8C1
:100D10008F3F87F310884FF0FF300029F5D00698F9
:100D2000FFF782FF4FF0FF30E8E700BF17200020F9
:100D3000044A1078431CDBB2182B28BF1023137011
:100D4000704700BF1015002010B5054C82B0014659
:100D50001F23182200940348FFF7AAFF02B010BD1A
:100D6000D49E0010282400204FF0E022936843F026
:100D700000539360704700BF0021044B03F1200231
:100D8000C3E88F1F01339342FAD170470C20002033
:100D90004FF0E0234FF08032C3F80024C3F804245E
:100DA000C3F80824C3F80C24C3F81024C3F814248F
:100DB000C3F81824C3F81C24C3F82024C3F824243F
:100DC000C3F82824C3F82C24C3F83024704700BF8C
:100DD000012300F01F029340400941B1800000F15F
:100DE000604000F56140C0F8803103607047024AFE
:100DF000203042F82030704700E100E00123064A2D
:100E0000410952F8212000F01F0003FA00F01040C1
:100E1000003818BF0120704700E100E001224309BB
:100E2000034900F01F008240403341F823207047FF
:100E300000E100E0054A10309268054B52F82000AE
:100E4000C01A2F288CBF00200120704700ED00E061
:100E500014150020F8B50D46EFF3108772B6124E48
:100E6000D6E8CF2F0123002AFAD1C6E8423F002A54
:100E7000F6D1BFF35F8F0D4B00F110049B680C4A55
:100E800053F82430934203D0994201D001F094F8F2
:100E9000064B9B6843F82450BFF35F8F0023C6E8DE
:100EA0008F3F87F31088F8BD1520002000ED00E08B
:100EB0001D0100102DE9F04F81468B46164683B088
:100EC000EFF3108372B6DFF8D0A10093DAE8CF1FFA
:100ED00001230029FAD1CAE8413F0029F6D1BFF326
:100EE0005F8F664B93F90040002CC0F2A080644DE8
:100EF00004EB440705EB870898F8061009F1100980
:100F00001970604BBF009B6853F829006300411BB8
:100F10002F292FD95C49884240F0A4801C445B4BA8
:100F200002372F44043BDB1BC3F34A036FEAC3437E
:100F30004FF421416FEAD34325F8241005EB8404D4
:100F400063804BF60153A380FF2348F00100E67154
:100F5000C4F808B0A3714B4B9B6843F82900BFF35A
:100F60005F8F0023CAE88F3F009B83F3108803B094
:100F7000BDE8F08F20F0010E9EF80710B1422ED888
:100F80004FF42143EB53414BB91C2944043B043734
:100F90005B1A2F44AEF10401C91BC1F34A043C495A
:100FA000C3F34A030B432143A8F804103949A8F8B6
:100FB00002304AF6AA2073465B1B5B415843000D82
:100FC00088F8076088F80600C8F808B048F0010003
:100FD000CEF80010BFE7D179B1422ED996469EF9DE
:100FE00006C00CEB4C02BCF1000F05EB8202F2DAFA
:100FF0004BF601510EF10402A8F10407BF1AC7F322
:101000004A076FEAC7476FEAD7478EF8064003EBF7
:101010000408204C05EB8803AEF8047045F828401E
:10102000998083F806C0DE71C3F808B093E700F03A
:10103000C3FF124B93F9004059E7724632F8041F80
:10104000490514D44915023102EB410101916FF0B9
:101050000701C91B019F491B3944C1F34A0141F4EF
:101060006041C9E7019300F0A7FF019B56E701F536
:10107000FF1101F5FF511F31E4E700BFA02A002056
:101080001415002000ED00E01D01001044150020A3
:1010900000E0FFFF0148804715200020F0B5EFF386
:1010A0000585EDB2EFF3108C72B62649D1E8CF2F4B
:1010B0000123002AFAD1C1E8423F002AF6D1BFF34A
:1010C0005F8F214E40F0010EB4684AF6AA2354F80F
:1010D00025701E4A0446A41A644163431B0D7745DC
:1010E0005BB21BD092F906409C421CD092F9124090
:1010F0009C4223D092F91E409C4221D092F92A4072
:101100009C4208BF03240FD0114A002415781370A5
:101110008571C1E88F4F8CF31088F0BDB2680D4C1B
:1011200042F82540F0E7002404EB440402EB84027B
:10113000FF2494714BF601549480E5E70124F3E712
:101140000224F1E71520002000ED00E01415002036
:10115000A02A00201D01001010B5074C82B00146E6
:101160000523002200940548FFF7A2FD0028A8BF30
:10117000C0F1330002B010BDF09E0010A42A002080
:10118000014B0B44036070470C20002070B5104CDD
:10119000104DAC420ED2FF26236863B1FFF7C8FDA5
:1011A00001462046FFF7ECFFA680BFF35F8F0834AF
:1011B000AC42F1D370BDFFF7BBFD01462046FFF7FF
:1011C000DFFF2671BFF35F8F0834AC42E4D370BDFC
:1011D000181B0020201B002010B50446FFF7A8FDB7
:1011E00001462046FFF7CCFFFF232371BFF35F8F3B
:1011F00010BD00BF10B504460120FFF7A5FD034B4D
:1012000003442360BFF35F8F10BD00BF0C2000209C
:10121000024B0B440360BFF35F8F70470C2000202C
:101220000D4B1A68EFF3108172B6D2E8CFCF0120D0
:10123000BCF1000FF9D1C2E84C0FBCF1000FF4D1A2
:10124000BFF35F8F00221B68C3E88F2F81F31088E4
:1012500040BF002000217047A829002000000000A6
:101260002DE9F04F2DED028B85B0EFF30583DBB256
:10127000103B9A0818BF01224FF0010103F0030B45
:1012800018BFAF4DAF4B08BFAF4D0BEB820253F809
:10129000226001FA0BF205F541539FEDA78B0192F5
:1012A0005A602FE0B3881C0440F19380B379002B7F
:1012B00040F0DD80B6F90820002AC0F21E81736973
:1012C00002EB420203EBC203D3E90247B7F1FF3F4F
:1012D00008BFB4F1FF3F0ED005EB8B01AB6A0A6982
:1012E000D21AE31A934205D301232A6A03FA0BF3B5
:1012F000134200D10C61284600F018FCA042B9410D
:10130000C0F2FB80B6F90830019A002B0093EA6323
:10131000C8DBD6F8148003EB4309284608EBC9075D
:10132000D7E9024A00F002FCA04271EB0A01B9DBE6
:10133000BAF1000FC0F2C380D7E90431834A934267
:1013400000F0ED807A88B6F9080092B242EA0040D7
:10135000984702460B4652EA030100F0B080002B8A
:1013600080F2D180B4EB020E6AEB030A38F939300F
:10137000C7E902EA002B95DB716903EB430201EB3D
:10138000C202D2E90270BE457AEB000C4FEA43027A
:1013900088DBB4462CF8083F06E003EB430001EB82
:1013A000C0005A00D0E90270BE451A447AEB000032
:1013B00001EBC20404DB31F93230A446002BECDA35
:1013C00028F83930009BACF80030B3881C043FF596
:1013D0006DAF3369EFF3108272B6D3E8CF0F0121FE
:1013E0000028FAD1C3E8401F0028F6D1BFF35F8F71
:1013F0004FF6FF74B0880023316900B2B480C1E8B1
:101400008F3F82F310889842FFF650AF0746A946F7
:10141000746906F1080807EB470E04EBCE03D3E925
:101420000250B6F90830C446002B13DBB2460097D1
:1014300004E034F936309446002B09DB03EB430615
:1014400004EBC602D2E90271BD4270EB0101F0DA91
:101450005646009FACF8007034F93E7024F83E30D8
:10146000002FD8DAB3794D46002B3FF423AF002389
:10147000B371B6F9083006F10808581C3DD01A4679
:10148000776903E08046591C3FF416AF03EB430134
:1014900007EBC100B0F802C01C461CF4004F9E468A
:1014A00037F93130EED0944280ED028B05D0A8F8A8
:1014B0000030328927F8312034817246E3E738F86A
:1014C000393033813369EFF3108272B6D3E8CF0F2E
:1014D00001210028FAD1C3E8401F0028F6D1BFF34C
:1014E0005F8F7388316928F83930009B738000233F
:1014F000C1E88F3F82F31088D4E640BF05B0BDEC51
:10150000028BBDE8F08F2846CDE9022300F00EFBE8
:10151000029A039B10EB020E43EB010A26E70846F2
:101520000B69029198470028C9D00299D1E900239C
:1015300011E700BFAFF30080FFFFFFFFFFFFFFFFDA
:1015400000800B40C828002000000B4061120010F2
:101550002DE9F84F364C25692DB1BDE8F84F0A2129
:101560003448FFF70DBEDFF8E4800321404600F069
:10157000CBFA0326C4F80C80FFF7DAFB4FF0504C8F
:101580002D4B267003442361DCF800300F2163707B
:10159000636961801D834FF00405A3F878504FF014
:1015A0000505A3F890504FF00605A3F8A8504FF09A
:1015B00007050E214FF6FF7208274FF00A0EA3F819
:1015C000C0504FF001094FF00C0C4FF0020B4FF0E0
:1015D000090A0D204FF00B05A3F868111749A280E6
:1015E000A3F808E1A160A3F848B0A3F8F0A0A3F81D
:1015F0002051A3F838C1A3F85001A3F83090A3F804
:101600006060A3F8D8701A800D4B3046C8F820707F
:101610000C49DC60FFF71EFC49463046FFF7D8FB5B
:10162000094B0A211F640348BDE8F84FFFF7A8BD26
:101630005C150020A82900200C200020FFFF1000CE
:10164000C82800206112001000200B4000000B4051
:10165000004870475C150020F8B59DF820500446FE
:1016600017461E4635B900F069FA874266EB01015C
:1016700000295CDB2169EFF3108372B6D1E8CF0F4C
:1016800001220028FAD1C1E8402F0028F6D1BFF38B
:101690005F8FB4F90220656902EB4201002A4FEA2C
:1016A000C10C206905EBC10139DB35F80CE0A4F869
:1016B00002E04FF0000EC0E88FEF83F310884888F7
:1016C000069B0130C0F30E00012838BF01200B61DA
:1016D000079B48804B61C1E9027640EA02402369DA
:1016E000EFF3108172B6D3E8CF7F0126002FFAD135
:1016F000C3E8476F002FF6D1BFF35F8FA38825F8AB
:101700000C30A2802369C3E88FEF81F31088012297
:10171000E368217803F501538A405A60F8BD00223E
:10172000C0E88F2F83F310884FF0FF30F8BD2846B4
:10173000F8BD00BF0146F0B50069EFF3108772B63F
:10174000D0E8CF5F0124002DFAD1C0E8454F002D2D
:10175000F6D1BFF35F8FB1F902E04C690EEB4E0C8E
:10176000BEF1000F4FEACC05086904EBCC0C3CDB62
:10177000665B4E800026C0E88F6F87F31088BCF848
:101780000200CCE902230130C0F30E00012838BF6B
:101790000120059BACF80200CCF81030069B40EA13
:1017A0000E40CCF814300B69EFF3108272B6D3E818
:1017B000CFCF0127BCF1000FF9D1C3E84C7FBCF1BA
:1017C000000FF4D1BFF35F8F8B886353A1F804E05F
:1017D0000B69C3E88F6F82F310880122CB68097808
:1017E00003F501538A405A60F0BD0023C0E88F3FE3
:1017F00087F310884FF0FF30F0BD00BF03464089EB
:10180000B0EB214F37DD58690A1402EB420210B5E4
:1018100000EBC2001C69EFF3108C72B6D4E8CFEF76
:101820000122BEF1000FF9D1C4E84E2FBEF1000F26
:10183000F4D1BFF35F8F428889B292B28A4207D057
:1018400000221B69C3E88F2F8CF31088002010BD85
:1018500042F4004242800121002218699971C0E8D7
:101860008F2F8CF310881C78DA68084602F5015334
:10187000A140596010BD0020704700BF40787047FC
:101880002DE9F04182B004460E4600F057F94FF0C2
:10189000FF326FF00043241846EB0106A24273EBBF
:1018A00006013CBF14461E46A51F46F1FF37AC4259
:1018B00076EB07033CBF00252F4600F03FF9281ABE
:1018C00067EB010C01287CF1000C06DA204631465A
:1018D00002B0BDE8F04100F069B900F02FF985428F
:1018E00067EB010100290ADB0021174B2A46009310
:1018F00016483B460191FFF71DFF0130E6D04FF03F
:10190000000C134A1349536A9F4204D8906AA842B4
:10191000DCD29F42DAD10B68EFF3108072B6D3E8C5
:10192000CF8F5FF0010EB8F1000FF8D1C3E848EF98
:10193000B8F1000FF3D1BFF35F8F0B68C3E88FCF0F
:1019400080F3108820BFDEE7211200105C15002014
:1019500000000B40A82900202DE9F04182B0064686
:1019600000F0ECF84FF47A7304464FF0FF306FF05C
:101970000042E6FB0341A04272EB01033ABF04467A
:1019800015460D46A61F45F1FF37B44275EB070318
:101990003CBF0026374600F0D1F8301A67EB010152
:1019A000012871F1000106DA2046294602B0BDE89F
:1019B000F04100F0FBB800F0C1F8864267EB01018E
:1019C00000290ADB0021174B3246009316483B469C
:1019D0000191FFF7AFFE0130E6D04FF0000C134A43
:1019E0001349536A9F4204D8906AB042DCD29F42A6
:1019F000DAD10B68EFF3108072B6D3E8CF8F5FF0C7
:101A0000010EB8F1000FF8D1C3E848EFB8F1000FAC
:101A1000F3D1BFF35F8F0B68C3E88FCF80F31088DB
:101A200020BFDEE7211200105C15002000000B40F3
:101A3000A82900202DE9F04306460D4683B0EFF3B8
:101A40000584E4B23CB12D4B5A6AAA421CD2002054
:101A500003B0BDE8F0832A4FD7F80C9097F80080C8
:101A6000484600F063F808F1040859F828301B1ABA
:101A7000301A65EB0101984271F1000110DB20BFC3
:101A80001E4B5A6AAA42E2D314BF012400249B6A67
:101A9000B34234BF204644F0010003B0BDE8F083F8
:101AA00000F04CF8864265EB0101002914DB154B70
:101AB0003846CDE9003432462B46FFF73BFE011E87
:101AC0000ADD0E4B5A6AAA4216D39B6AB34211D35F
:101AD0000B48FFF793FEB6E7084B5C6AAC42B6D3FF
:101AE000641B18BF01249B6AB34234BF204644F0F4
:101AF0000100ADE7AA42EBD120BFE9E700000B40AF
:101B00005C1500202112001010B4054B054C064A4C
:101B1000A04214BF1846581C5DF8044BFFF79CB850
:101B20002C24002000800B400C9F00100346416ACB
:101B30000A46986A596A8A42FAD17047034B596A31
:101B40000A46986A596A9142FAD1704700000B40E0
:101B500030B4154A536A9C46946A536A6345FAD175
:101B6000021959414FF0000528BF01250E4B5B6A51
:101B7000B5B15A1C08BF1A4608D04FF0FF310A46CB
:101B80000948436A8B42FCD38B4207D1064902E0E5
:101B9000486A984202D1886A9042F9D330BC7047B3
:101BA0009942EDD8F0E700BF00000B40074A536AA6
:101BB0009942FCD8994207D1044B02E05A6A9142FB
:101BC00002D19A6A9042F9D8704700BF00000B40DA
:101BD000F8B5054606200E4600F0E4F8002842D08D
:101BE000354A3648954214BF4FF080624FF000628C
:101BF000334B344902601A608C6832EA0404FBD12A
:101C00002D4B4FF48071EB1AB3FA83F32E4A5B0924
:101C1000062022F8131000F0C5F8C300B3FBF6F35A
:101C20000133DA0920D1402601216962AA622F6BB3
:101C3000FB0722D42B46002253F82C1F062003F565
:101C4000805422602F6300F0ADF840F2013103228E
:101C50008000B0FBF6F0EB6A83F0700303F07E03C4
:101C600023602963AA64F8BD4FF6FE718A421BD92E
:101C700022464FF6FF71154ED7E740F2013205F5C7
:101C800040531A636B6AAC6A062004EB831400F0BD
:101C900089F80F4BA402A3FB0023DB0A0021B4FB4D
:101CA000F3F0FFF755FFC5E7C3F34503114603EB18
:101CB00082161A46B9E700BF0080074000200240A4
:101CC0000030024000000240B4290020C0FF3F0065
:101CD000757B2B8F00EB400C4FEA8C0C0CF1804C89
:101CE0000CF5803CF0B51646DCF80420051FB2F573
:101CF000803F38BF4FF48032EDB238BFCCF80420BB
:101D0000012D2AD94FF40067254C0CF5405217607D
:101D100054F82020B2B9DCF80020012D82EA4612E6
:101D200002F0E0020CF5805632602AD94FF40061CF
:101D300044F820304FF480330CF500521160CCF899
:101D40000430F0BD6769B7FBF2FE0EF1010E0EEB39
:101D50004E0EBEF1030EFCD2DDE70129D2D10324E1
:101D60000CF540521460DCF80820D207FBD5DCF8F3
:101D700000200B4C82EA461202F0E0020CF580567D
:101D800032600122DCF800504D4005F0030535605B
:101D900002FA01F1DCF808200A42FBD0C6E700BFD6
:101DA00034240020014B53F82000704734240020D5
:101DB00070B4039D04682D0345EA03451B4B002CBA
:101DC000B3FBF1F3B2FBF3F61FDB194A194B904258
:101DD00014BF4FF480424FF40042174C1A6003F5D1
:101DE00080531A60A36832EA0303FBD1212200F575
:101DF00040530433016086601A600268002AFCDAEE
:101E00000822C5601A6070BC7047036803F03F0386
:101E10008B42DAD18368C3F30B03B342D5D1C368D5
:101E200003F4EE23AB42D0D1EDE700BF001BB700B7
:101E300000800540002002400000024030B44FF016
:101E400080441C4B1C60E0B11B4CA3F54053DC618B
:101E50001A4C40F0010044401C62596298624FF0F5
:101E600080454FF0E061134B1548164C1D608460AF
:101E700019604AB930BC4FF00042A3F580531A6094
:101E80007047114BD861EAE74FF47A7303FB02F213
:101E9000B2F1807F2ABF6FF07F4313461A464FF09E
:101EA00080410A4C08482360094B426030BC1960ED
:101EB000704700BF00B00D40D3C007B02D3FF84FB2
:101EC00000A00140F3FFFF0100800D40A02800208A
:101ED00000A00D40012300EB4000800000F1804095
:101EE00000F5841041600360704700BF002370B5A7
:101EF000DB8A04460D46002242E800F2520254BF3B
:101F00001021042144F25220984786462B4622464F
:101F1000F446BDE870400A214FF48170604700BF6D
:101F20000023DB8A002242E800F2520201D4102191
:101F300018470421184700BF08B503460846191E74
:101F400002DB1AB140F03000FFF7D0FF40F0200074
:101F5000FAE700BF034AD2F82838002BFBD0BFF3C2
:101F60005F8F704700000E400021044B044ABFF30E
:101F70005F8F43F8041B9342F9D170470C080E4061
:101F80002C080E4010B44FF48D704FF42A64064AAA
:101F9000064B07491460D06019605368002BFCDAC7
:101FA0005DF8044B704700BF0080044000A004406F
:101FB00000B0FA00704700BF08B50148FEF734FED4
:101FC000309F001038B5054C054DAC4204D254F892
:101FD000043B9847AC42FAD338BD00BF409C001088
:101FE000809C001010B40748074C084B084A094968
:101FF00004601A608B6832EA0303FBD15DF8044B7E
:10200000704700BF002002407F3BEFEF00300240EE
:10201000F6FFF30300000240044BDB6CB3F5004F06
:1020200003D14FF48022024BDA6470470000115054
:10203000002011504FF0E022044BD2F8881D0B43D2
:10204000C2F8883D10EE3004704700BF0303300033
:102050006FF06041044B054A19609368DB4333F02D
:102060006043FAD1704700BF0030024000000240D8
:1020700010B545F25320FFF753FFBDE8104003466B
:102080000420184710B545F25320FFF749FFBDE87B
:102090001040034601201847FEF76EBE10B5054BF1
:1020A000054C4FF488721846A16807F0A7FBA060A2
:1020B00010BD00BF0000002000ED00E0002370B55F
:1020C0002B4C82B0C4F88430FFF75CFF0122294B0F
:1020D000DA63636C012BFCD10321264A244B116384
:1020E0009C6B012CFCD10226052521460523224AA2
:1020F00022480096FFF75CFE21462B46204A2148E5
:102100000095FFF755FE0022042031461E4BFFF7D5
:10211000E1FD2146284600221C4BFFF7DBFD002293
:10212000082011461A4BFFF7D5FD00220920114661
:10213000174BFFF7CFFD002206201146134BFFF788
:10214000C9FD0022114B07201146FFF7C3FD0420F3
:10215000FFF728FE00240F4BA3FB0035AD0CE0B2C7
:1021600029460134FFF7B6FE062CF8D102B070BD47
:102170000000014000300140002F68590000054078
:10218000008C864700800540001BB70080D1F00816
:10219000006CDC0283DE1B4386B003B451FC0804F0
:1021A000CDE9020151FC0904CDE9040151EC0A0416
:1021B000CDE9060103BCF047BDE800504EEC00C479
:1021C000BDE800504EEC01C4BDE800504EEC02C426
:1021D00000BD000000B5FFF7DFFF02E010FE30F4A5
:1021E000F8D441EC100443EC112400EE010410EE8D
:1021F000010480EE200451EC1004704700B5FFF795
:10220000CBFF02E010FE30F4F8D441EC100443ECB4
:10221000112400EE010410EE210480EE200451ECA4
:102220003004704700B5FFF7B7FF02E010FE30F44E
:10223000F8D410B541EC100443EC112451EC040423
:1022400053EC0524A0FB024C5FF0000EE0FB03CE34
:10225000E1FB02CE4CEC20440024E1FB03E444EC1F
:1022600030E480EE200451EC5004BDE8104070478B
:1022700000B5FFF791FF02E010FE30F4F8D441EC16
:10228000100443EC112451EC2104A0FB01126FEA6D
:10229000820252FB100052FB12F252FB1000A0EB24
:1022A000D07C53EC04245CFB13F153EC1524A1FB0C
:1022B000022001FB030053EC4424A2EB000050FB7E
:1022C0001CF24FEA111312EB017043EBE27140EA8A
:1022D000515020EA915020F0070053EC7524A0FBE8
:1022E000023C53EC752400FB03CC01FB02CC53EC05
:1022F0000424ACEB824C40EA5C70A0F1010041EC9C
:10230000400480EE200451EC7004704700B5FFF7E4
:1023100043FF02E010FE30F4F8D441EC100480EEEC
:10232000220410EEB204704700B5FFF735FF02E05B
:1023300010FE30F4F8D440EC700400EE010410EE0E
:10234000210480EE200451EC3004704700B5FFF703
:1023500023FF02E010FE30F4F8D440EC600400EEFD
:10236000010410EE210480EE200451EC300470478B
:1023700000B5FFF711FF02E010FE30F4F8D441EC95
:10238000800400EE010410EE010480EE400410EE23
:102390001304704700B5FFF7FFFE02E010FE30F4B3
:1023A000F8D441EC800400EE010410EE010480EE4C
:1023B000400410EE3304704700B5FFF7EDFE02E075
:1023C00010FE30F4F8D441EC100443EC112400EE7C
:1023D000010410EE3004C0F30070704700B5FFF741
:1023E000DBFE02E010FE30F4F8D443EC102441ECA4
:1023F000110400EE010410EE30F48CBF0120002027
:10240000704700BF00B5FFF7C7FE02E010FE30F4D2
:10241000F8D443EC102441EC110400EE010410EE5A
:1024200030F42CBF01200020704700BF00B5FFF73B
:10243000B3FE02E010FE30F4F8D441EC100443EC9B
:10244000112400EE010410EE30F42CBF0120002016
:10245000704700BF00B5FFF79FFE02E010FE30F4AA
:10246000F8D441EC100443EC112400EE010410EE0A
:1024700030F48CBF01200020704700BF10B5044627
:1024800006F06CFE28B10346034A2344934200D869
:1024900010BD0248FEF7C8FB000008203C9F00105A
:1024A00006F064BE9A4238BF88547047704700BF38
:1024B0002DE9F04F83B09946DDE90DAB0F9B8846BF
:1024C00011469A07074616D1DA453AD20C460D4610
:1024D000ABEB0A060E4422464B464146202001340F
:1024E000B847B442F7D12946BAF1000F08D12046C7
:1024F00003B0BDE8F08F0C46BAF1000F10D00E46C5
:1025000055460C9B2E449A440191721B4B46013D4B
:1025100041461AF8010D3446B847002DF5D101990E
:102520000F9B9B07E3D5651AAB45E0D922464B4686
:10253000414620200135B8475D4504F10104F5D33B
:10254000D5E70C46BAF1000FD9D1D0E72DE9F04F0D
:102550000F9FDDF8248017F0020F0A9C9DF82CA035
:102560000E9DDDE90C9644D1F5BBB44241D207F093
:10257000010B04F1FF3C4FF0300EC44404E0013481
:10258000A6420CF801EF01D9202CF8D1BBF1000FC5
:1025900000F08880A5422CD904F1FF3C4FF0300EAA
:1025A000C44404E00134AC420CF801EF21D0202CEB
:1025B000F8D117F0100F0ED017F4806F54D1A64247
:1025C00063D0A54261D0B9F1100F50D0B9F1020F1C
:1025D00056D0202C29D12024CDE90B57CDE90984F0
:1025E000BDE8F04FFFF764BF17F0010B34D1B442E0
:1025F000BFD317F0100F1ED017F4806FE3D1002C5B
:10260000DDD1B9F1100F63D0B9F1020F77D03024CA
:1026100088F800400124BAF1000F11D17E0748D597
:102620002B2608F804600134D6E7264601344FF023
:10263000300C08F806C0202CCDD0BAF1000FEDD038
:102640002D2608F804600134CDE90B57CDE9098443
:10265000BDE8F04FFFF72CBFBAF1000F30D0B44205
:1026600005F1FF3585D395E7B9F1100FB3D1BE065B
:102670003BD5202CAFD0582608F804600134A8E7D9
:10268000202CA8D02646013407E0661EB9D0B9F147
:10269000100F36D0B9F1020FC9D14FF0620C08F813
:1026A00006C096E717F0100FC5D017F4806F86D0DC
:1026B00089E73E0790D5202608F8046001348BE7AF
:1026C00017F00C0F00D0013DB442FFF452AF61E7A8
:1026D000BC0612D4782488F80040302488F80140E1
:1026E0000224BAF1000F99D0AAE7202C3FF473AF6F
:1026F000782608F8046001346BE75824EBE762247D
:10270000E9E717F0200FA4F1020C04D04FF0580EA7
:1027100008F80CE08BE74FF0780E08F80CE086E73D
:1027200000B9704701F09CBB10B1D1E900311847E6
:10273000704700BF000000002DE9F04F97B09DEDFD
:10274000207BDDE9225B0746884651EC170B249C71
:1027500099460C920B4602468DED047B0794FFF7D9
:102760002FFE002840F0F481DDE904014FF0FF3234
:102770006FF48013FFF736FE002840F01B81DDE97F
:1027800004014FF0FF32AC4BFFF768FE002840F029
:10279000EE80DDE90401A4A3D3E90023FFF75EFE88
:1027A000002840F0D380DDE90401A1A3D3E9002390
:1027B000FFF718FE002840F0C980DDE9040100227F
:1027C0000023FFF70FFE002840F0E88023460D901D
:1027D00013F4806F08BF062530212B460EAAA5F101
:1027E000200605E0013BB34202F8011B00F0938193
:1027F000092BF7D81E46ED1ADDE90401FFF7BCFDF1
:102800008E4B044603EBC60393ED007B8DED087BF6
:10281000FFF78EFD02460B46DDE90401FFF7F2FCEF
:10282000DDE90823FFF702FD02460B46CDE90A2346
:10283000FFF7B4FD8246FFF78DFD02460B46DDE94A
:102840000A01FFF7DFFC02460B46CDE90A2300220E
:102850007B4BFFF703FE002800F0FE800AF1010A1F
:102860005046FFF777FD02460B46DDE90801FFF70A
:10287000CDFD10B14FF0000A0134002E00F0FD80B4
:10288000681E0EABDFF8CCC118440FE0ACFB0A2188
:10289000C90801EB8102AAEB42023032BAF1090FFA
:1028A00000F8012F40F21C818A461D46202D05F1BB
:1028B000010306F1FF36E9D12025691E0EAB614800
:1028C000194410E080FB0462C3EBA20303EB830214
:1028D000A4EB420404F1300201351C4601F8012F3B
:1028E000002B00F0EB80202D4FEAE473EAD1079B28
:1028F00003F00303012B18D1BBF1000F15D00D9B82
:10290000002B00F00A810BF1FF3BBBF1200F0CD92B
:102910006B1E0EA930220B4405E001355D4503F81E
:10292000012F80F0D180202DF7D1079B0EACCDE98F
:1029300002B341464B4638460C9A01950094FFF786
:10294000B7FD8246504617B0BDE8F08F079B9DED5E
:10295000047BCDE923B341464B4638460C9A8DEDB6
:10296000207B229517B0BDE8F04F00F045B9610714
:1029700023464CBF042303234146219338464B464C
:10298000079A48BF304CCDE922B258BF2F4C0C9A61
:10299000209417B0BDE8F04FFFF78ABDDDE90423AE
:1029A00000200021FFF72EFC0123CDE904010D9347
:1029B00023460DE723469C0740F0AA80BBF1040F95
:1029C00040F2A6800C9B1D461C1F04EB0B0A2A46F6
:1029D0004B46414620200135B847AA45F7D1554618
:1029E0001B4C261F14F8010D2A464B464146B8479A
:1029F000B44205F10105F5D1079B0AF1040A9807D5
:102A0000A0D50C9CAAEB04039B459BD952464B4690
:102A1000414620200AF1010AB847AAEB04035B45AE
:102A2000F4D38FE7AFF300800000000065CDCD4107
:102A30000000000065CDCDC1FFFFEF7FB8A0001002
:102A40000000E03F67666666909F0010989F001048
:102A5000A49F0010CDCCCCCC0022DDE90A01634B51
:102A6000FFF7C0FC00287FF408AFBAF1000F6AD16D
:102A70000AF1010A002E7FF403AF2046FFF758FC4D
:102A800002460B46DDE90401FFF7BCFB02460B469C
:102A9000CDE904230022554BFFF7A4FC00287FF466
:102AA0000CAFDDE904010022504BFFF7D7FC0028F2
:102AB0007FF403AF013424F00104FEE6079B03F02A
:102AC0000303012B00F08280202D3FF42EAF0D9BDD
:102AD0007BB32D220DEB050383F83820013524E765
:102AE000202B3FF4E9AE0EAA15441E44302204E028
:102AF000202B05F8012F3FF4DFAE9E4203F10103C6
:102B0000F6D12E220DEB060383F83820751CD4E68F
:102B1000DDF830A063E720256EE6079B13F00C0F6D
:102B200050D00BF1FF3BAB453FF6F2AE202D3FF40A
:102B3000FCAE079B5A0701D52B22CBE71B077FF57D
:102B4000F4AE2022C6E71AF0010F3FF496AE8FE7ED
:102B5000A60734D1BBF1030F31D90C9B1D46DC1EF7
:102B600004EB0B0A2A464B46414620200135B84764
:102B70005545F7D155461E4CE61E14F8010D2A4660
:102B80004B464146B847A64205F10105F5D1079BE2
:102B90000AF1030A9D077FF5D5AE0C9CAAEB04034E
:102BA0009B457FF6CFAE52464B46414620200AF168
:102BB000010AB847AAEB04039B45F4D8C2E6DDF846
:102BC00030A0D7E7AB453FF6A3AEAEE6BBF1000FB2
:102BD0003FF47AAF0D9B002B9FD00BF1FF3B5D457F
:102BE000FFF496AE202D7FF474AF9EE60000E03F28
:102BF0009F9F0010000000002DE9F04F9FB02A9E1B
:102C0000DDE92845074693460891099322462B465D
:102C1000204629460E96DDE92BA6FFF7D1FB0028BA
:102C200040F0BE80204629464FF0FF32784BFFF738
:102C300015FC002840F0B480204629464FF0FF32B2
:102C40006FF48013FFF7CEFB002840F0A9802046E8
:102C5000294600220023FFF7C5FB002840F0D5815C
:102C6000CDE90A45DDE90A239046994606F400625B
:102C700016F480630F92139340F0A18058EA090381
:102C800040F0CA80002A40F0E38106230E9316F03C
:102C90000202109240F0D4815346042B38BF042323
:102CA0000C920422043B12920F93204629460022E4
:102CB0000023FFF797FB002840F0F3819DED0A7B8E
:102CC0000F9B5A4603930E9B8DED007B029326F4D7
:102CD000006304933846099B0899FFF72DFD0246CF
:102CE00016F0200F099B08990CBF6520452002F1C2
:102CF0000108B8470C9A129B16AC5D1E82EAE2737B
:102D0000A3EBE273D10F002622469946DFF804C1F7
:102D100001E0202E10D0CE46ACFB0930C00800EBFD
:102D20008003A9EB43033033BEF1090F814606F15E
:102D3000010602F8013BECD80523002006930A2384
:102D400005950094099D089C4246CDE90330CDE9E4
:102D500001612B4621463846FFF7F8FB109A804662
:102D6000D2B1A0EB0B06B24516D90BEB06022B46EF
:102D7000214620200136B847B245F6D80BF1FF3383
:102D80005344CBF10102A3EB08034244924538BF00
:102D9000002308F10108984440461FB0BDE8F08FB9
:102DA0005A463846CDE92845CDE92BA60E9C099B0D
:102DB00008992A941FB0BDE8F04FFFF7BDBC58EA50
:102DC00009032BD1002A3FF462AF00230C930E9B22
:102DD0000C9A934200F3B9814FF00008204629462F
:102DE00000220023FFF7FEFA002840F013819DED3A
:102DF0000A7B26F4006646F480668DED287B5A46F1
:102E00003846CDE92A8A099B08992C96D2E700BF5B
:102E1000FFFFEF7FCDCCCCCC06230E93C9F30A5035
:102E2000A0F2FF30FFF784FAC1A3D3E90023FFF734
:102E3000FDF9C1A3D3E90023FFF7D0F9C9F31309C2
:102E4000CDE90C0149F07F5140460022B24B41F4DC
:102E50004011FFF7D7F9A4A3D3E90023FFF7E6F960
:102E600002460B46DDE90C01FFF7B8F9FFF784FADB
:102E70000C90FFF75DFA9EA3D3E9002380468946B4
:102E8000FFF7D4F90022A54BFFF7A8F9FFF774FA72
:102E9000034649464046129397A3D3E90023FFF720
:102EA000C5F9804612988946FFF742FA94A3D3E900
:102EB0000023FFF7BBF902460B4640464946FFF7A1
:102EC000A1F902460B4680468946FFF7AFF9424614
:102ED0004B46CDE9100140464946FFF77FF90022F5
:102EE000CDE91401DDE910018D4BFFF7C5F9002292
:102EF0008C4BFFF773F902460B46DDE91001FFF733
:102F0000BBF90022884BFFF769F902460B46DDE961
:102F10001001FFF7B1F942464B4680468946002032
:102F20004FF08041FFF76EF902460B464046494696
:102F3000FFF754F902460B46DDE91401FFF79CF94F
:102F400000227A4BFFF74AF9129B002203F2FF3C62
:102F50004FEA0C53FFF76AF980468946DDE90A011A
:102F600042464B46FFF73EFA50B10C9B4046013BB0
:102F700049460C9300226B4BFFF77EF98046894649
:102F80000C9A43466332C62A06F002021092494662
:102F90000F9A2CD8002A5ED0042212920B433FF4E1
:102FA00016AFDDE90A0158A3D3E90023FFF742FA7F
:102FB00048B1DDE90A0156A3D3E90023FFF712FA6D
:102FC00000287FF404AF0E9B002B50D0139A002AE8
:102FD0007DD0013B0E93129B9A4505D9109B002B87
:102FE00000F0AE800223109300230F9344E022BB35
:102FF000BAF1050F4FD906F00203002B49D1052382
:103000001293AAF105030F933AE005F100430A94E5
:103010000B9327E626F4006646F4806638462C9625
:10302000DDE90A67344607F100455A46CDE92A8AA8
:10303000CDE92845099B0899BCE605221292ADE727
:1030400000230222CDE90F3204220C9312922CE6C7
:103050004FF00508C2E6BAF1040F1FD9109B002BF0
:1030600078D104231293AAF104030F9304E0129B76
:103070009A4531D80E9B0F930C9B002B3FF415AE55
:10308000DDE90A0142464B46FFF7F6F8CDE90A01B1
:103090000BE60223109305231293F1E70423129306
:1030A000EAE7DDE90A45A0460F9B05F100490393D5
:1030B0000E9B5A46029326F4006304933846CDE9EA
:1030C0000089099B0899FFF737FB024608E6129B27
:1030D0009A4544D80F92CFE7109B8BB30E9B0F936A
:1030E00002231093C8E700BF61436F63A787D23FF5
:1030F00071A379094F930A401655B5BBB16B0240D5
:10310000EF39FAFE422EE63F2D431CEBE2361A3F22
:103110000000000080842E410000F83F0000E03FE6
:1031200000002C4000002440000018400000F03F48
:10313000FB799F501344D33FB3C8608B288AC63FA6
:10314000129BAAEB03030F9396E7A3EB020808F187
:10315000FF3843E604231293022310938CE7109B5D
:10316000002BEDD002230F92109385E72DE9F04F4D
:103170009BB0249C954D0A94954CB1F1000A18BF60
:10318000834625601878934C914608BFA34609935F
:10319000002800F093824FF000080AE042464B46B8
:1031A000514608F10108D847099B1878002800F01B
:1031B000CE80099B252803F101030993EED11C461B
:1031C0000023224612F8010BA0F1200110290AD891
:1031D000DFE801F04009093C090909090909093832
:1031E000093409093000A0F130010929099440F29D
:1031F0008A802A2800F0F08000252E2800F0968092
:103200000026A0F1680112292DD8DFE811F049014C
:103210002C0043012C0038012C002C002C002C0029
:103220002C002C002C0027002C002C002C002C0043
:103230002C002700144643F00103C2E7144643F074
:103240000203BEE7144643F00403BAE7144643F012
:103250001003B6E7144643F00803B2E7099948782B
:1032600043F480730132672809927ED8242840F203
:10327000C180A0F12502422A00F2BC80DFE812F0F2
:103280005001BA00BA00BA00BA00BA00BA00BA00D7
:10329000BA00BA00BA00BA00BA00BA00BA00BA005E
:1032A000BA00BA00BA00BA00BA00BA00BA00BA004E
:1032B000BA00BA00BA00BA00BA00BA00BA00BA003E
:1032C000190137011901BA00BA00BA00BA00BA00F0
:1032D000BA00BA00BA00BA00BA00BA00BA00BA001E
:1032E000BA00BA00BA00BC01BA00BA00BA00BA000B
:1032F000BA00BA00BA00BA00BA00BC015801BC0159
:10330000190137011901002500E0013205EB85059F
:1033100000EB45051078303DA0F130010929F4D9C2
:103320002E28099202F101027FF46AAF099943F451
:10333000806348781146A0F13006092E40F22181C1
:103340002A2800F02F8109920026013259E74446CD
:10335000C14501D809F1FF384B464246514600208D
:10336000D84720461BB0BDE8F08FA0F16902D2B269
:103370000F2A3FD8012149F241079140394040F0DE
:10338000F3800A2A3DD0072A34D10A9D55F8042B30
:10339000002A00F0138143F0210012AB1F460B936B
:1033A00003E0202900F014811A4602F00F0423469E
:1033B000092C94BF303337330F2A07F8013B01F152
:1033C00001014FEA1213ECD802E100BF6D31001089
:1033D00098280020AD2400100A99099851F8045B40
:1033E0004078002DCDE90921BCBF43F002036D42B6
:1033F000013202E742464B46514608F10108D847E0
:10340000D2E60A99002E51F8047B18BF324638786C
:1034100008BF4FF0FF32002800F07B83BC18A446A1
:103420003A4604E012F8014F002C00F03F81944529
:10343000F8D16446E41B5A0540F12281B44228BF0A
:10344000344613F0020300F088820223CDE90A51CA
:1034500042461D46464408E04B465146D84717F8B9
:10346000010F08F1010810B142464645F4D12B4640
:103470000B990A9D002B40F041810A9194E609992D
:1034800048786C287FF4ECAE0A46887843F44073A1
:103490000332E8E6099943F4007348780132E2E622
:1034A00009994878682800F0038143F080030132CD
:1034B000D9E6672800F0D980472800F0DC8045284D
:1034C00000F0DB80CDE903530A9B0296073323F01B
:1034D00007031C464246F4E802674B4651465846ED
:1034E000CDE900670A94FFF787FB80465CE6462833
:1034F00008BF43F02003CDE903530A9B029607332C
:1035000023F007031C464246F4E802674B46514647
:103510005846CDE900670A94FFF70EF9804643E666
:1035200042464B465146252008F10108D8473BE664
:103530000A9A990702F1040408F1010640F1C680D5
:1035400010784B4642465146D847012D88BFA844C3
:1035500040F2BD8132464B46514620200136D847C5
:103560004645F7D10A941FE66F2800F0818040F2AB
:103570004882782800F090810A2723F01003BC4687
:1035800041E0002606EB860600EB4600A0F130067F
:1035900011F8010FA0F13002092AF3D90A46099166
:1035A00001322EE6DDE9092151F8046B90780232F0
:1035B00009920A91013226EAE67622E623F010000B
:1035C00013F4806240F021003FF4E7AE12AB0B939E
:1035D0000B9B06900093082310200593002342467E
:1035E000CDE9023001914B46514658460496FEF70C
:1035F000ADFF0A958046D7E5582862D0622840F092
:103600008F800227BC4613F4806000F0DD8023F039
:103610000D0313F4007240F081810A990F1D13F419
:10362000807140F037825C060A9A40F13B81127843
:10363000002A40F04E8123F01003002800F0498159
:10364000114612AA0B92CDE90553CDE903C60191AB
:103650000B9B4246009300235146029358464B462B
:10366000FEF774FF0A9780469EE543F4006329E75E
:103670000827BC46C7E743F4006343F0200321E773
:1036800013F0020300F08E8102230A951E460D46B8
:1036900042464B465146D84717F8010F08F101083A
:1036A0000028F5D1294633460A9DE3E6D41BC2E63D
:1036B0000A46887843F0C0030332D4E504468046C6
:1036C00046E6102743F02003BC469CE7012D40F25C
:1036D000F880464608F1FF372F4432464B465146A4
:1036E00020200136D847BE42F7D10A9B32461878CF
:1036F00051464B46D847A8440A9455E54646A5424C
:103700007FF6BBAEA844A8EB04080C4632464B46F5
:10371000514620200136D8474645F7D12146ACE630
:1037200013F4806200F0BB804FF4806223F0110C30
:103730001CF400770A9B4AD11CF4807003F1040446
:1037400040F034811CF0400F40F0A3801CF0800F4B
:1037500000F0D381B3F9001081EAE177A7EBE177BC
:10376000BFB2CB0F002900F056813A4612A90F468E
:10377000DFF8D8E30B910A930C9501E020280FD0D5
:103780001546AEFB0213DB0803EB8301A2EB4101FC
:103790003031092D1A4600F1010007F8011BEDD860
:1037A0000A9B0C9DCDE9055CCDE9010304960B9BBA
:1037B000424600930A235146039358464B46FEF770
:1037C000C5FE0A948046EFE423F00C0321E707339B
:1037D00023F00703194608465B6850F8081BDF0F03
:1037E0000A9051EA030062D1002A40F09F811346FB
:1037F000114612AACDE90C7500201546CDE90E68D8
:10380000DFF848E30B9201E020282DD05A1842F14E
:103810000002AEFB027828F0030707EB9807D21BE3
:103820001E469B1A61F100070C464FF0CC3101FB9C
:1038300003F10EFB0711A3FB0E731944052307F0D8
:103840000108A8FB03389B180A2E03F130034FEA46
:10385000570774F1000405F8013B00F1010047EA45
:10386000C1734FEA5101CFD2DDE90C75DDE90E6875
:103870000B9B424600930A23CDE9055CCDE9010785
:10388000049603934B4651465846FEF75FFE80462A
:103890008AE419780F4664E71027BC46B3E623F0A4
:1038A000100C45E71C064CBF12881268C0E60A4699
:1038B000191E01DB13469CE75242134661EB41019E
:1038C00097E713465146187842464B46D847B046CC
:1038D00048E613F0200F14BF4120612012ACA64629
:1038E0000B940A93A0F10A040C9502E0202912D04F
:1038F0002A46B2FBFCF50CFB1520C3B2092803F1E4
:1039000030008ABF1B19C3B2DBB262450EF8013B1F
:1039100001F10101EAD20A9B0C9D94E60A9A073252
:1039200022F00702516852F8084B8E460A9254EA78
:10393000010276D123F01003002872D00022114634
:1039400012AA0B92CDE905530B9B4246009300232C
:10395000CDE903C60191029394E7A54298BF0134D3
:103960007FF674AD4FF48063CDE90A7505EB08026C
:103970001F460D46141B42464B465146202008F177
:103980000108D847A045F6D13B460A9F294638781A
:103990000B9D6C1C00283FF470AD002B3FF475AEFE
:1039A000002353E5A542DFD801346EE61968CB0F3A
:1039B000002900F0A88081EAE172A2EBE17212A96D
:1039C0000846DFF888E10B910A930C9501E0202F5F
:1039D0000FD01546AEFB0213DB0803EB8301A2EB0D
:1039E00041013031092D1A4607F1010700F8011B8A
:1039F000EDD80A9B0C9DCDE9055CCDE901730496D9
:103A0000D5E6692823F0100C40F08C8013F4806216
:103A10003FF48EAE88E6002A3FF4A8AE12AA0B92BD
:103A2000C0E613F0200F14BF41226122002012A92A
:103A30000A3ACDE90E68CDE90C35CDF844B006461A
:103A40008846754693460B91CDF840C003E0202E82
:103A500017D004460D4629463A460023204606F074
:103A6000D7F8D2B2092A02F1300388BF02EB0B0368
:103A7000BC42DBB275F1000508F8013B06F1010616
:103A8000E5D23146DDE90C35DDE910CBDDF83C80CF
:103A90000E9E57E70A99096851B923F0100338B10F
:103AA00012A90B91CDE90553CDE903C60192CFE5EB
:103AB00013F0200F14BF4120612012ACA6460B94D6
:103AC0000A93A0F10A040C9502E0202A12D029469C
:103AD000B1FBFCF50CFB1510C3B2092803F1300053
:103AE0008ABF1B19C3B2DBB261450EF8013B02F17C
:103AF0000102EAD20A9B0C9DD4E7196881EAE177BA
:103B0000A7EBE1772DE6002A3FF459AF12AA0B92FA
:103B100071E713F480640DD013F0020412D0044650
:103B20004646ECE50A276346BC466CE512AB00202E
:103B30000B939DE613F002037FF4E0AD002D7FF4BC
:103B400013AF9AE4002D7FF40DAF96E4CDCCCCCC2E
:103B50000EB410B585B007AC54F8043B01464FF0E5
:103B6000FF32009404480394FFF700FB05B0BDE862
:103B7000104003B0704700BFA524001070B59446F4
:103B80001E4605460C4684B04FF0FF32634602A93C
:103B900000960348CDE90254FFF7E8FA04B070BD7F
:103BA0002927001010B5094B84B01C684CB103469E
:103BB00000914FF0FF3203A90548A047012004B04F
:103BC00010BD00F08FF9204604B010BD98280020E9
:103BD0002127001000BEFDE7074A0346106838B1F0
:103BE000064903448B428CBF4FF0FF30136070478F
:103BF000034908461160F3E79424002000000820E0
:103C0000A82A002008B5FFF7E5FF00BF38B5064C2D
:103C1000064DFEF7D7F9AC4204D254F8043B98475E
:103C2000AC42FAD338BD00BF809C00108C9C0010C1
:103C300003680846114618472DE9F0411546427DB4
:103C400007468846002A46D0002D1DDD0B780A2B3A
:103C500023D0012D4FF0000C18D04646012416F851
:103C6000012F21460A2A04F1010422D0A542F6D1EF
:103C700065450BDC08EB050313F8013CA3F10D03CC
:103C8000B3FA83F35B093B75BDE8F0813B68A5EBB4
:103C90000C0108EB0C009847ECE7037D002BD8D112
:103CA000036802210F489847012DE3D04FF0010C23
:103CB000D3E716F8013C0D2BD8D08C4508EB0C004F
:103CC000A1EB0C0101DA3B689847022105483B68EB
:103CD0009847A446CAE7294640463B68BDE8F041FC
:103CE000184700BF08A100100B682DE9F041802B98
:103CF0000D46064605D05A1C2B442A601E71BDE8AD
:103D0000F0810F4B1C68A4B10E4F01F1040801E0D3
:103D1000246974B12368002BFAD03B680BB1A3422D
:103D2000F6D1204641462A68FFF786FF2469002C19
:103D3000F0D1002301222B442A601E71BDE8F081DE
:103D400084240020902400202DE9F04782B00D4605
:103D500091461C460646FDF7F1FE4FF0FF3C6FF022
:103D600000472E4A821841F10003944577EB030186
:103D70003CBF62463B462A4805F05AFF6B1C804612
:103D800040D00CB3274F284B1C68B4B1B9F1000FD9
:103D90001CD1DFF89C9001E0246974B12368002BEA
:103DA000FAD0D9F800300BB19C42F5D120462A4612
:103DB0003146B8472469002CF0D1B8F1000F26D164
:103DC000284602B0BDE8F087184FDCE74FF00A0A3A
:103DD000DFF85C9002E02469002CEED02368002B11
:103DE000F9D0D9F800300BB1A342F4D12A463146BC
:103DF0002046B847012220460DF107018DF807A0A3
:103E0000B847E8E7304605F06FFD0546B9E70448D6
:103E100005F002FF284602B0BDE8F08740420F00DF
:103E2000181B0020393C001084240020313C001075
:103E300090240020084A136823B90AE003F1100215
:103E40001B6933B18342F9D129B91869106019612E
:103E5000704701B1106070478424002000F0DEBA82
:103E6000F0B583B006468DF80700FDF767FE4FF00A
:103E7000FF356FF00044174A821841F10003954264
:103E800074EB03013CBF23462A46134805F0D0FEDD
:103E9000124B07461C689CB1114D01E024697CB1AE
:103EA0002368002BFAD02B680BB19C42F6D1204638
:103EB00001220DF10701FFF7BFFE2469002CEFD1AD
:103EC00017B9304603B0F0BD034805F0A5FE3046F3
:103ED00003B0F0BD40420F00181B002084240020D6
:103EE0009024002038B5044605F0FEFC0123054669
:103EF0001A4620462946FFF727FF084B1C682CB1BD
:103F000063682BB198472469002CF9D1284638BD45
:103F10002469002CF4D1284638BD00BF8424002039
:103F20002DE9F041A2B004460D46FDF707FE4FF023
:103F3000FF376FF00046264ADFF8A480821841F16F
:103F40000003974276EB03013CBF3A4633462148D3
:103F500005F06EFE00272B462246064601A91E48A4
:103F60000197FFF70BFE019B0546D8F80040C3B14F
:103F7000002C2BD0194F01E0246974B12368002B69
:103F8000FAD03B680BB1A342F6D12046019A02A9B0
:103F9000FFF752FE2469002CF0D10023D8F800402E
:103FA00001932CB1636843B198472469002CF9D17F
:103FB0002EB9284622B0BDE8F0812469F1E7054812
:103FC00005F02AFE284622B0BDE8F0810194EFE713
:103FD00040420F00181B0020E93C001090240020F4
:103FE000842400200FB400B583B004A951F8040B59
:103FF0000191FFF795FF03B05DF804EB04B0704743
:10400000704700BF0022014B1A707047A12A0020A0
:104010004B79FF2B0BD1887948B9CB79012B07D18C
:10402000082A05D9034B8A7809201A7070470020A6
:10403000704700BFA12A002001207047012901D04C
:104040000120704708B5104B91881B78994201D028
:10405000002008BD5378012B08D0022BF8D1002195
:1040600064220846FDF7EAFE012008BD5188CB0511
:1040700048BF480AC1F3402258BF4FF0FF3001F05B
:104080007F01FDF759FF00BFA12A002000487047BB
:10409000D4A10010012907D15378012B02D19388B4
:1040A000072B03D000207047012070471146A6233C
:1040B000014A01F039BA00BF2CA1001003460122C9
:1040C00001481A70704700BF0CA1001008B50B68BA
:1040D000B3F5966F00D008BD00224FF0FF301146B7
:1040E000FDF72AFF024A034B10601960704700BFBA
:1040F0002024002024240020184B70B51A68002AC0
:1041000028D0EFF3108172B6D2E8CF4F0120002CF7
:10411000FAD1C2E8440F002CF6D1BFF35F8F002222
:104120000F4C186859602270C0E88F2F81F31088F7
:10413000002400250B4E3078FCF760FE20B90024E7
:1041400000252046294670BD3078FCF767FE2046E2
:10415000294670BD4FF47A740025EBE7C028002093
:10416000A32A0020A22A0020014B1878FCF756BE93
:10417000A22A002038B5044600200D4601F004FBB9
:10418000A8B3002001F016FB88B3FDF7D7FC4FF071
:10419000FF3E6FF0004C174A821841F1000396452C
:1041A0007CEB03013CBF72466346134805F040FDBB
:1041B000E8B1002001F0E8FA58B900214FF0FF30D3
:1041C00000F00AFD6FF002040B4805F025FD2046C3
:1041D00038BD002001F0EEFA0028EED021462A4634
:1041E000002001F0F1FA04460028EDD1EAE76FF073
:1041F0000204ECE740420F00AC29002008B5FDF7AF
:104200009DFC4FF0FF3E6FF0004C0F4A821841F1C9
:10421000000396457CEB03013CBF724663460B48A6
:1042200005F006FD70B14FF0FF30002100F0D4FC26
:10423000002001F011FB0028F5D1BDE8084003483B
:1042400005F0EABC08BD00BF40420F00AC290020C9
:104250002DE9F84380460F46FDF770FC4FF0FF351F
:104260006FF00044334A821841F10003954274EB29
:1042700003013CBF2A4623462F4805F0D9FC08B964
:10428000BDE8F883002001F07FFA002847D0002F16
:1042900040DD0025DFF8A890284E13E022460020DC
:1042A00001F020FB002104464FF0FF3000F094FCA9
:1042B000002001F0D1FAFDF741FCC9E900012544D5
:1042C000AF4227DD002001F02DFB7C1B8442A8BFFC
:1042D000044608EB0501002CE0D121464FF0FF30E9
:1042E00000F07AFC204601F0B7FA204601F04CFAC3
:1042F00080B1204601F016FB0028E1D1FDF71EFC3D
:10430000D9F80030D9F804209B1942F10002834209
:104310008A41D5D20848BDE8F84305F07DBC0020AD
:104320000021074BC3E90001BDE8F843024805F04E
:1043300073BC00BF40420F00AC29002020A1070041
:10434000A01C002030B5002185B02E4805F074FC7B
:10435000F0B92D4B1A68CAB1EFF3108172B6D2E8EA
:10436000CF5F0124002DFAD1C2E8454F002DF6D1D0
:10437000BFF35F8F254C1D6822785960D3B20122AC
:104380002270C5E88F0F81F31088CBB105B030BD26
:1043900000214FF0FF3000F01FFC002001F00AFA6E
:1043A0000446184805F038FC002CEFD0184B1B6869
:1043B000002BEBD0174A106805B0BDE83040184715
:1043C000FDF746F90446FDF7B9FB4FF0FF3C6FF0EF
:1043D000004510F57A7241F10003944575EB030135
:1043E00038BF2B464FF000014FF0010520460A4C24
:1043F00038BF6246CDE901150094FDF72DF905B0EF
:1044000030BD00BFAC290020C0280020A32A002016
:104410002024002024240020F94000104FF05043B5
:1044200030B585B01C68FDF713F9FDF727FAA042F7
:1044300002D0002005B030BD00212A4B08461B7871
:1044400001F038FD28480368002B47D00120FCF715
:1044500083FE0346254C2649C0B22370FCF7FAFCC4
:1044600020780121FCF7B4FC0E20FCF7E3FC40BBF4
:10447000204B0125C3E90000FDF7EAF80446FDF7EB
:104480005DFB4FF0FF3E6FF0004C10F57A7241F18A
:10449000000396457CEB03014FF000012046164CCB
:1044A0003CBF72466346CDE901150094FDF7D4F890
:1044B0000028BEDB01211148FFF7BCFC012005B03C
:1044C00030BD0120FCF740FC01460A48FCF7A0FE85
:1044D00000220E200A49FCF7EDFCEBE7FCF77CFE1E
:1044E000B4E700BF00A30010AC290020A22A0020DE
:1044F00045430010C0280020F9400010741500202A
:10450000694100100048704770A2001000487047D1
:104510001CA2001038B5184B04461A780AB344B9E7
:1045200040F209424FF44173144D6A8013482B80C6
:1045300038BD052C1DD8124B104D53F824102846B9
:104540000023013903E0132B20F8022F0ED011F8BD
:10455000012F0133DBB2002AF5D15B0043F4407335
:10456000E4E71121184600F025F8D8E74FF44A7324
:10457000DCE7002038BD00BFBC2900205C240020FF
:1045800004A2001000B545F247308BB0FDF7C8FC1F
:1045900001220346092101A89847DDE903320449B5
:1045A00012BA1BBAC1E900230BB05DF804FB00BFCF
:1045B00094290020012901F1FF3300F0B3805D4907
:1045C0000A784FEA121C9F2A8CBF0CF1370C0CF1B1
:1045D000300C012B80F800C000F0A78002F00F0221
:1045E000092A8CBF37323032022B427000F09D8096
:1045F0004A784FEA121C9F2A8CBF0CF1370C0CF141
:10460000300C032B80F802C000F08F8002F00F0204
:10461000092A8CBF37323032042BC27000F08580FB
:104620008A784FEA121C9F2A8CBF0CF1370C0CF1D0
:10463000300C052B80F804C077D002F00F02092A55
:104640008CBF37323032062B42716ED0CA784FEAB7
:10465000121C9F2A8CBF0CF1370C0CF1300C072B6D
:1046600080F806C061D002F00F02092A8CBF3732F1
:104670003032082BC27158D00A794FEA121C9F2A97
:104680008CBF0CF1370C0CF1300C092B80F808C0F2
:104690004BD002F00F02092A8CBF373230320A2B7E
:1046A000427242D04A794FEA121C9F2A8CBF0CF109
:1046B000370C0CF1300C0B2B80F80AC035D002F00F
:1046C0000F02092A8CBF373230320C2BC2722CD029
:1046D0008A794FEA121C9F2A8CBF0CF1370C0CF11F
:1046E000300C0D2B80F80CC01FD002F00F02092AED
:1046F0008CBF373230320E2B427316D0CA79110973
:104700009F2A8CBF373130310F2B81730DD002F0CF
:104710000F02092A94BF30323732102BC27318BFF0
:10472000103002D000230370704718440023037038
:10473000704700BF9429002070B500F02DF90C23BC
:104740004026194CFF22A3670E201849FCF7B2FB44
:1047500032460021164804F0D9FF012500238021AC
:104760001348144A4184457006830687826043607B
:10477000136042F8043C80F8213080F83B304362FB
:104780000D4B4FF00056C360C362803B836205F05F
:104790002BFA4FF480320949094B25642846E66418
:1047A000C4F89010DA6470BD000011509D03002021
:1047B00098240020840010500001105010D00100F7
:1047C0000020115001210E20FCF702BB00220248FC
:1047D000114600F001B900BFB8240020044B197045
:1047E00021B14FF40032034BC3F89020704700BF53
:1047F0009D2A0020002011500B785B0602D14B78D7
:10480000052B00D070474B88014ADBB2136070471C
:1048100000001150CB782DE9F04103F0030EBEF1FA
:10482000010FC3F301005BD0002791F802C0344CA4
:104830000CF07F025600898806EBDC1304EB43136F
:104840004FEADC15D876C1F30A0185F0010083F840
:1048500002C019835870DF70D3008DBB2948043320
:1048600004EB821C03EB0008CCF808801F5082B3D5
:10487000254BD2001344CCF80430244B3F311A6846
:1048800021F03F01BEF1020F08BF49001144196039
:104890001F4B771904EB47179942FA602BD82E4427
:1048A00004EB4613D97E82F0A04282F480125B684A
:1048B00042EA816242F000421A600120BDE8F081C4
:1048C000104804EB821C0344CCF8283040F83270C6
:1048D0004AB900220F4904EB4513D9605A60ECE74E
:1048E0000020BDE8F081D20002F1A04202F5801262
:1048F000CCF82420C1E7FDF75FFBFA68CFE700BFE3
:10490000982400208000105004001050A42800209B
:10491000FF0F10500001105005F066B98C4608B525
:10492000114607481A460CF07F034FEADC1C0CEBDB
:10493000430C00EB4C1000F04FF8012008BD00BF05
:104940009824002011F07F0205D100290CBF02201D
:104950000120064B9866C909054B01EB420003EBA9
:1049600040104FF40062002105F05EB900201150A4
:104970009824002011F07F0300D1704700220548E1
:104980005B0003EBD11300EB43106FF40061C270C6
:1049900005F04AB9982400204FF0805209480A498E
:1049A00008B50A4B02600A609968C94311F080514A
:1049B000FAD14FF48052064804F0A8FE0922054BB4
:1049C0005A6708BD0020024000300240000002404B
:1049D000000010500000115000234FF0010C10B5E2
:1049E00080F81AC08282C3820161044605F018F97A
:1049F00020B14FF40032074BC3F89020204605F059
:104A0000FFF810B10123237710BD2046BDE8104008
:104A100005F0F2B8002011502DE9F04100241D4EA0
:104A2000054623463278DFF878801B4F0DE03B685F
:104A300013EB441324D0DB682846984732780134BE
:104A4000E4B2511CA142234606DBA242A3EB0203BF
:104A5000EDD808EB4313EEE7542200210F4804F091
:104A600055FE4FF0FF330D482022041D4360C4E97A
:104A70000133E360FF21BDE8F041143004F046BE8D
:104A80004FF0E023D3F8F03DDB0700D500BEBDE8D2
:104A9000F08100BF9C2A0020681E002038200020E2
:104AA00084A20010704700BF704700BF002070470D
:104AB00000207047704700BF704700BF704700BFBD
:104AC000704700BF024B5878003818BF012070476C
:104AD00038200020024B1878C0F38000704700BFD8
:104AE000382000202DE9F047DFF8E4A09AF80030E4
:104AF000FF2B56D10E4600293ED0002154220746F6
:104B0000294804F003FE0022284C294B20461A7045
:104B1000FCF762FB274B28481C60284CFCF76AFB1B
:104B2000204601F0ABFD264A264B146023B12648EF
:104B3000FFF7C4FA254B18600024234D23462A783A
:104B4000DFF89090DFF884800EE0D8F8003013EBA7
:104B5000441311D05B687BB198472A780134E4B2E2
:104B6000511CA142234611DBA242EED89B1A09EB4D
:104B700043135B68002BEFD14FF0E023D3F8F03DF7
:104B8000DB0700D500BE0020BDE8F087314638467F
:104B90008AF80070FFF7D0FD0028EDD03846FFF707
:104BA00011FE0120BDE8F0873820002030200020D1
:104BB0009E2A00208C200020A01500208C150020AB
:104BC00090200020BD4000109C2A0020681E00207C
:104BD000A815002084A200102DE9F04FDFF8C8923C
:104BE0008BB099F80030FF2B00F0F180A84CA94D54
:104BF000DFF8B0A2DFF8B4B226687369EFF3108271
:104C000072B6D3E8CF0F01210028FAD1C3E8401FC4
:104C10000028F6D1BFF35F8FB261304607A901F0DB
:104C200077FB00237269C2E88F3FB36983F3108872
:104C3000002800F0CC809DF81D30013B072B00F2CE
:104C40007D83DFE803F0A7B1959D8E350A04089BAC
:104C5000002BD1D009989847CEE79DF8201001F09D
:104C60007F0605EB460000EBD11090F8343023F0BE
:104C7000010380F8343090F8343023F0040380F8D6
:104C80003430002E00F0A680037D9AF80020934275
:104C900080F09380804A126812EB431300F09080FA
:104CA0009E699DF82120099B9DF81C00B047A3E751
:104CB0009BF80030002B00F083809BF80030013B14
:104CC000DBB28BF800309BF8003003F0FF00002BC4
:104CD00092D1704F9DF81C803B7843F001033B70EC
:104CE00097F8343060F3000387F8343097F83430A5
:104CF00060F3820387F8343097F8353060F30003AF
:104D000087F8353097F8353060F3820387F835300F
:104D100000F06CFC9DF8203003F06002602A6CD03B
:104D2000402A7CD003F01F03012B00F0C180022B2E
:104D300000F08180002B60D1202A00F0E981002A58
:104D40005BD19DF82130092B57D8DFE813F0B00173
:104D5000A2015600C101560095016B015600600189
:104D6000F4002B78D9077FF547AFFFF7A9FE43E79B
:104D7000EB78DA077FF540AF0898FFF795FE3BE741
:104D80002B78D8077FF538AF2878C0F3C000FFF73D
:104D900095FE31E79DF81C00FFF73EFE00F01CFC7D
:104DA0009DF82030AB7027E79DF81C00FFF734FE1C
:104DB00000F012FCFFF780FE1EE7501C984211DA4B
:104DC0004FF0E023D3F8F03DDC0700D500BE0BB078
:104DD000BDE8F08F099B9DF821209DF81C0000F094
:104DE00019FC09E79B1A2D4A02EB431358E7FFF71A
:104DF0008DFB0246002840F082814FF0E023D3F87B
:104E0000F03DDE0700D500BE9DF81C000021FFF735
:104E100099FD80219DF81C00FFF794FDECE62048E9
:104E200000F0E4FB0121404608AAFFF733F900280F
:104E30007FF4E2AEE8E79DF8241011F0700FDCD1AA
:104E400001F07F0607EB4600164B00EBD1101B78F4
:104E5000007D7600019698424FEAD116009659D30C
:104E60005E1C8642C0F26681C01A0C4B03EB4016F2
:104E7000002A00F06381706900F0B8FB0121404610
:104E8000736908AA984700287FF4B6AEBCE700BF54
:104E90009020002038200020681E002084A20010EE
:104EA000954000109C2A0020A81500209E2A002072
:104EB0009DF824300F2BA7D8AE4A3B441B791278BB
:104EC000934232D3511C99429EDBAB4E9B1A06EBA8
:104ED0004316706900F08AFB01214046736908AAF5
:104EE000984700287FF488AE9DF8203013F06006C4
:104EF0008AD19DF821300A3B012B85D800F076FB42
:104F00009DF821300A2B00F0F281404608A900F0FC
:104F1000F1FA71E6994B1B6803EB4016002A00F08A
:104F20000D81002E3FF470AFA5E7944A166816EB8A
:104F30004316CED168E77B789DF822609E4200F050
:104F40004F817B78002B40F0BE817E70002E00F0F8
:104F50004581701EC0B2FFF7D9FA0346002800F061
:104F60005F814278022A40F05B81C17903F1090632
:104F7000C1F340121201C1F3801142EA41123146DD
:104F8000387820F0300002433A705A88CDF80C800F
:104F90009A180192019B8B4240F2A4814A780B2A15
:104FA00000F0AF810123042A40F03A810026019AE3
:104FB0000096521A92B202926E4A049312781DE041
:104FC0006E4B1B6813EB461800F02A81029AD8F842
:104FD000103003980591984708280246059906F174
:104FE000010303D90298904280F0FF80DEB2614B4A
:104FF00000961A78531C9E4200F31281009BB24225
:10500000A3EB0202DCD85C4B03EB4218DEE77B78B3
:1050100040468DF81A300DF11A02012308A900F05C
:1050200083FAE9E5BDF82200030A013B020AC0B297
:105030000E2B3FF6E9AE01A151F823F051520010BA
:10504000ED5000108D520010094E0010094E001056
:105050006F520010ED500010094E0010094E001064
:10506000094E0010094E0010094E0010094E0010A4
:10507000094E00104352001008A800F0BDFA404647
:105080009DF82210FFF7A2FB3B7843F002033B7030
:10509000B2E5BDF82230012B7FF4B6AE3B78404636
:1050A00023F0080308A93B7000F024FAA4E5404669
:1050B0003B789A0802F00202C3F340131343ADF8A1
:1050C0001A300DF11A02022308A900F02DFA93E517
:1050D000BDF82230012B7FF497AE3B78404643F079
:1050E000080308A93B7000F005FA85E5022A3FF4A1
:1050F0007EAEFFF7DDFC024600283FF485AE404659
:10510000538808A900F010FA00287FF475AD7BE6FB
:105110009DF824300F2B3FF677AE164A3B441B799F
:10512000127893421DD2154A166816EB43167FF487
:10513000A2AE69E6002A7FF467AE00269DF8212022
:1051400002F0FD03012B1BD0002A7FF456AE019B19
:10515000009A3B44134493F834304046C3F3400371
:10516000ADE7511C9942FFF64FAE034E9B1A06EB7A
:10517000431680E69C2A002084A20010681E0020AE
:10518000BDF82230B3B9012A99F8000000F08680FA
:10519000FFF7D8FB019B009A3B44134493F834205B
:1051A00042F0020283F8342093F8342042F00102E6
:1051B00083F83420002E3FF41FAD706900F016FA1A
:1051C0007369012108AA40469847002000F00EFAB2
:1051D00097F83530DF073FF50FAD96E6FFF76CFC2B
:1051E000404608A900F086F906E5049B012B00F073
:1051F0009E80002B00F08A80002091F8028005E05C
:105200008CF804605FFA80FC63457FD908EB000CE2
:1052100057FA8CFC9CF804E00130BEF1FF0FEFD090
:105220004FF0E023D3F8F03DDA0700D500BE4FF091
:10523000E023D3F8F03DDB0700D500BE00237B70F0
:10524000E2E5FEF723FF024600287FF458AFDBE5D6
:10525000FFF758F9024600283FF4CFAD404612232D
:1052600008A900F061F900287FF4C6ACCCE5FFF78F
:105270001DFC024600283FF4C7AD4046137808A93C
:1052800000F052F900287FF4B7ACBDE5BDF824105A
:10529000FFF740F902460028EFD1B5E50293FFF78A
:1052A00069FB019A009B3A441A4492F83410029B1D
:1052B00063F3410182F8341092F8341063F3000173
:1052C00082F8341076E700214046FFF787FA40461F
:1052D000FFF722FBBB7840460093FFF79DFB009B46
:1052E000BB7032E6DDF80C80FFF7E4FB78E7404660
:1052F000012308A90DF11A028DF81A6000F014F9C3
:105300007AE40A78CB7811444A784CE63346104860
:105310000492029100F076FE0E4B049A02991B78DB
:105320001144009A01339342BFF634AE78E7D8F8BF
:1053300010C00948844508BF02235DE74FF0E02311
:10534000D3F8F03DDB077FF557AC00BE54E400BF57
:105350004C2000209C2A0020255A00102DE9F84FEF
:105360000A9F002A40D00C461E4615464FF0000A00
:10537000DFF87C90DFF87C8018E0204698F8021077
:1053800099F800B000F00EFEE0B121465846FFF754
:1053900041FAF0B1A2780AF1010AD10916BF0B9BBC
:1053A0003A701A702278AA4514441DD06278052AF2
:1053B0000FD1E17801F00301B1420AD1A27812F0D5
:1053C000700FDAD04FF0E023D3F8F03DDA0700D5C4
:1053D00000BE4FF0E023D3F8F03DDB0702D40020FD
:1053E000BDE8F88F00BEFAE70120BDE8F88F00BFE6
:1053F000A81500203820002038B58B7813F0700FE6
:1054000008D04FF0E023D3F8F03DDB0700D500BE15
:10541000002038BD074A084B0C46084691781D7895
:1054200000F0C0FD0028ECD021462846BDE83840F9
:10543000FFF7F0B938200020A81500200B46064AD7
:1054400006481168DA09343203F07F0302EB4303A4
:10545000184400F061BD00BF8C20002038200020DF
:105460000B46064A06481168DA09343203F07F0316
:1054700002EB4303184400F079BD00BF8C200020EC
:105480003820002010B5194801F07F0C00EB4C00CB
:1054900000EBD11090F834C01CF0010F08D04FF091
:1054A000E023D3F8F03DDA0700D500BE002010BDA0
:1054B00000F1300494F804C00D484CF0010C007861
:1054C00084F804C0FFF72AFA0028F0D14FF0E02159
:1054D000227960F300022271227960F38202227144
:1054E000D1F8F03DDB07E1D500BEDFE73820002032
:1054F000A815002030B50B4C8C46A646054608681A
:1055000049680023AEE803009CF800102846C94310
:10551000C4E90233BDE830401A4601F08001FFF7CC
:10552000B1BF00BFF81F00202DE9F041284F4FF018
:105530000008BE468C46064608684968BA60AEE870
:105540000300A7F80E801546BCF80620934228BF3A
:105550001346BB819AB11C4633B3DDB197F90030D5
:10556000402C28BF4024002B29DB414623463046EF
:10557000184AFFF787FF68B10120BDE8F0819CF869
:1055800000101346C943304601F08001FFF77AFF4F
:105590000028F1D14FF0E023D3F8F03DDB0700D530
:1055A00000BE0020BDE8F0811A46397801F0800184
:1055B00023463046FFF766FF0028DDD1EAE72246A2
:1055C0002946044804F01AF98021024AF0E700BF96
:1055D000F81F0020B81F00200022034BC3E900225F
:1055E000C3E902221A617047F81F0020014B1861BD
:1055F000704700BFF81F002030B40246044C00255D
:10560000234600685168C4E9025530BC03C37047A3
:10561000F81F002070B53D4CC90922780646B1EB51
:10562000D21F1D4682B017D053B14FF0E023D3F8FC
:10563000F03DDB0702D4002002B070BD00BEFAE7E7
:105640002146FFF7D9F823691BB1224603213046D2
:105650009847012002B070BD94F90030002B06DBA2
:10566000A0680028E7D02A46294904F0C7F8E08955
:10567000A168E388284480B229448342E081A16084
:1056800016D03F2D14D9A28994F90040131A9BB269
:10569000402B28BF4023002C27DB90424FF0000115
:1056A00031D01B4A3046FFF7EDFE0028D1D1BCE7D0
:1056B000236923B102213046144A984760B121780A
:1056C0000023C94330461A4601F08001FFF7DAFE95
:1056D0000028AAD00120BDE701463046FFF732F985
:1056E00080213046FFF72EF9B3E7904208D01A46E2
:1056F0000748019304F082F88021054A019BD1E715
:1057000080210022CEE70A46CCE700BFF81F002028
:10571000B81F00202DE9F0410446FFF7D3F908B97E
:10572000BDE8F081FFF7D6F905460028F8D1C82377
:1057300004FB03F3124EF718F9780029F0D0103368
:105740001E44304600F0D2FD3F28E9D92846F978BA
:10575000FFF774FE0028E3D0304600F0C7FD3F2875
:10576000F97808D9074A284602EBC4124023BDE85D
:10577000F041FFF787BE2846BDE8F041FFF770BE55
:10578000F01E00206C1E002010B50446FFF79AF9A9
:1057900008B9002010BDFFF79DF90028F9D1C822F3
:1057A000034B02FB0433187900F0010010BD00BF69
:1057B000F01E0020C82208B5024B02FB003000F0AA
:1057C0007BFD08BD001F00202DE9F8434FF6FF7355
:1057D000C8249A4228BF1A4600FB04F4DFF87480FC
:1057E00004F110054544064692B2284600F0DAFD61
:1057F0000746FFF767F910B93846BDE8F883FFF7A9
:1058000069F981460028F7D1A04498F80330002BAD
:10581000F2D0284600F06AFD3F28EDD9484698F8B6
:105820000310FFF70BFE0028E6D0284600F05EFDCF
:105830003F2898F8031007D9054A4846402302EB51
:10584000C612FFF71FFED7E74846FFF709FED3E76A
:105850006C1E0020F01E00202DE9F0410446FFF7E9
:1058600031F910B90020BDE8F081FFF733F90546A2
:105870000028F7D1C82604FB06F6DFF8648006F19D
:1058800024074744384600F017FD0028EAD0B0440A
:10589000284698F80210FFF7D1FD0028E2D00F4EFD
:1058A000384606EBC4163146402200F07BFD98F8DE
:1058B0000210044668B1034632462846FFF7E2FD6F
:1058C00050B94FF0E023D3F8F03DDB07CAD500BE56
:1058D000C8E7FFF7C5FDC5E72046C4E7AC1E0020BA
:1058E000F01E002038B54FF6FF75C823AA4228BF26
:1058F0002A460B4C92B203FB00440546204600F0BA
:105900000FFE034620461C4600F0D6FC3F2801D877
:10591000204638BD2846FFF79FFF204638BD00BF10
:10592000141F0020C82208B5024B02FB003000F013
:10593000DDFC08BD141F0020F0B5002483B0C82290
:105940000021174803F0E2FEFF234FF4E131082263
:1059500014480470124800940746437181608273B2
:1059600000F1380101234022103000F075FC0123C2
:10597000402207F17801009307F1B80607F12400EF
:1059800000F06AFC07F1C0053046FBF725FC28460D
:10599000FBF722FCC7E90746C7E90C5403B0F0BD8A
:1059A000F01E0020EC1E00200A4A116B136A61B140
:1059B0003BB10023C2E90C33D36100231362012001
:1059C00070470120C2E90C337047002BF7D0D1613A
:1059D000F3E700BFF01E0020002210B50E4C0F4868
:1059E000237802600271DA0707D59B070BD5BDE863
:1059F000104001210A4800F05DBE103000F03EFE6C
:105A000023789B07F3D4064800F038FEBDE8104029
:105A10000121034800F04EBEEC1E0020F01E0020C5
:105A2000141F0020F0B54B7983B0022B02D18B7983
:105A3000022B03D00025284603B0F0BD274FBB78CA
:105A40003BB14FF0E023D3F8F03DDB07F2D500BEC9
:105A5000F0E78B7806463B700B78CC1861782429E8
:105A600008BF092507D036E023781C4461782B4411
:105A700024299DB207D1AA42F6D20020FFF74AFEA0
:105A8000284603B0F0BD0B46052916D0042BF4D1EF
:105A900063790A2BF1D1124B2778019301330093DC
:105AA000022330461A46E119FFF758FC0028C8D0F7
:105AB0000E3517FA85F5ADB2DFE721463046FFF720
:105AC0009BFC0028BDD0A3787B7023785A191C4416
:105AD000637895B2DAE70B460925D5E7F01E00207A
:105AE000F21E0020137803F06003202B08D170B55C
:105AF000264C938894F800C09C4503D0002070BDCC
:105B0000002070475378203B032BF7D8DFE803F0E1
:105B100027230D0201292ED003291ED11C4BE3B1EE
:105B200000205188AFF3008017E0012923D003291A
:105B300013D15588174805F0010686F0010125713B
:105B400000F0B8FD144B43B131460020C5F34002CC
:105B5000AFF3008001E0012911D0012070BD0129BF
:105B60000DD00329F9D10D4B002BF6D000200C49A4
:105B7000FEF7ACFAF1E71146FFF7BCFCEDE7114682
:105B80000723074AFFF7D0FCE7E700BFF01E00201D
:105B900000000000141F002000000000CD40001095
:105BA000F81E00202DE9F843354E0C46F2780746E2
:105BB0008A421D463DD0B3788B4212D04FF0E0238D
:105BC000D3F8F03DDB0732D40020BDE8F8832D4B3D
:105BD00023B12D4800F080FB00284DD00020FFF7B6
:105BE00099FDB378A34201D00120EEE7274B13B112
:105BF0000020AFF300800020FFF72EFE0028F3D135
:105C0000234800F059FB0028EED1002DECD015F010
:105C10003F05E9D13846B178FFF710FC0028E3D002
:105C20002B462A463846B178FFF72CFCDCE700BE4D
:105C3000CAE79AB2174906F1100000F071FC164B42
:105C4000002BC4D07379FF2BC1D0002DBFD0DFF85B
:105C5000448008EB050902E0C845B8D0737918F80C
:105C6000012B9A42F8D1084800F036FB0028F3D106
:105C70007179AFF30080EFE7AFF30080AEE700BFCC
:105C8000F01E002000000000001F002000000000A7
:105C9000141F00206C1E002000000000F0B54FF41F
:105CA000137285B00021124803F030FD4026002316
:105CB0004FF480750E4F0F4C07F5A6721946CDE9CB
:105CC0000246009201951A4607F5947000F0C6F955
:105CD0000023384607F12801344400910122194677
:105CE000CDE902460195043000F0B8F905B0F0BDE9
:105CF000D42100205421002008B5054800F0DAF92D
:105D0000034BA3F5927000F0D5F9012008BD00BF48
:105D1000FC22002038B50025064C04F5987025704B
:105D200000F0ACFC04F10C0000F0A8FC84F8295150
:105D3000657138BDD42100202DE9F8434B79FF2B44
:105D400051D1354E96F82931002B4CD196F805806B
:105D5000B8F1000F47D18B780C7833700B790F4670
:105D60000C44ABB38146A51803E0A54230D9237893
:105D70001C446378052BF8D1AC4229D22146484611
:105D8000FFF73AFB40B3A378DB092FD1234800F09B
:105D900075FCA37896F8282186F82931A38848460F
:105DA000C3F30A03A3F50073B3FA83F35B0963F348
:105DB00041021B4986F8282100F0EAF960B12378F6
:105DC0003A7908F101081C445FFA88F39A42D0D866
:105DD000E11B88B2BDE8F8834FF0E023D3F8F03D33
:105DE000DB0700D500BE0020BDE8F8830D4800F0B9
:105DF00045FCA37832797371A3880B49C3F30A0376
:105E0000A3F50073B3FA83F35B0963F34102002047
:105E1000327100F085F9D2E7D4210020042300205C
:105E2000FC220020E0210020D821002070B51B4C6E
:105E3000064694F829C11D468C4511D063798B42E2
:105E400001D0002070BD164B1BB10020A9B2AFF3EA
:105E500000803046134900F063F9C8B1012070BDDD
:105E6000B4F8343163B9104B23B100200F49AAB202
:105E7000AFF3008030460E4900F08AF90120EEE7CA
:105E8000D4F82C11AAB204F5987000F049FBEAE7A7
:105E90002A463046034900F00FF9DFE7D4210020FD
:105EA00000000000D8210020000000005421002044
:105EB000FC22002010B582B0C9B101280CD80B78A3
:105EC00053B1144C012B235402D0012002B010BD59
:105ED000FEF708FE0028F8D14FF0E023D3F8F03D9C
:105EE000DB0702D4002002B010BD00BEFAE7012497
:105EF000084601A9ADF80440FEF7F4FD38B94FF0AB
:105F0000E023D3F8F03DDA07EDD500BEEBE7014B17
:105F10001C70E8E72C200020F8B5037813F001048A
:105F20001AD1037805465A07C3F3800701D52046E6
:105F3000F8BD0E464FF0FF31304603F059FE2B7886
:105F400013F001040BD12B785B0709D42B780124C3
:105F500043F004032B7003E000242046F8BD3C46C8
:105F6000304603F059FE2046F8BD00BF70B50C4620
:105F700005464FF0FF31204603F03AFE2B78C3F37D
:105F800080065B0708D52B7813F0010311BF0026AC
:105F90002A7863F382022A70204603F03DFE3046E1
:105FA00070BD00BFC378828803F003000228C2F3EB
:105FB0000A0215D003280AD001281CD1022940F278
:105FC000FF3308BF4FF4806393420DD3704702291B
:105FD00014BF40234FF48063934205D301207047E0
:105FE00002290AD0402AF9D94FF0E023D3F8F03D36
:105FF000DB0700D500BE00207047B2F5007FEDD072
:10600000F2E700BF0A44914226D291F801C0BCF1E8
:10601000050F05D091F800C061448A42F5D8704759
:1060200000B591F802C00CF07F0E00EB4E0E4FEA67
:10603000DC1C0EF80C3091F800C061448A4209D98A
:1060400091F801C0BCF1050FEBD091F800C061449C
:106050008A42F5D85DF804FB704700BF2DE9F04196
:106060008E4682B0009390F800C0089EBDF8247060
:106070006EF3000C04461546012331463A4600F8FB
:1060800008CBBDF82C8000F0E7F806B13FB901203D
:106090000A9BA4F80280636002B0BDE8F08104F1BD
:1060A0001C063046FBF798F80DB135460026C4E9CA
:1060B0000556ECE701207047F8B50746084640F260
:1060C000FF13154610F8082B0C4612F0020F0CBFF8
:1060D0003F261E4600F0F0F828B925B12E4202D125
:1060E0002378DA0701D50020F8BD38466178FFF73C
:1060F000A5F90028F7D0237813F0010307D04FF05B
:10610000E023D3F8F03DDB07EDD500BEEBE71A4600
:1061100038466178FFF7B6F90028F0D0F8BD00BF27
:1061200070B501F10805064628460C4600F0C4F893
:1061300010B12378DA0701D5002070BD30466178B0
:10614000FFF77CF90028F7D028466288616800F0E4
:1061500029F92378054603F0010340B173B14FF0EC
:10616000E023D3F8F03DDB07E6D500BEE4E7002BE3
:10617000E2D130466178FFF773F9DDE703466268E4
:1061800030466178FFF77EF90028E8D0284670BDD8
:106190008A892DE9F0410B780C46064622B9DD07C5
:1061A00034D50020BDE8F08104F10807990738468E
:1061B00047BF4FF47E484FF400754FF6C078402536
:1061C00000F094F88542ECD82378DA07E9D4304619
:1061D0006178FFF733F90028E3D0384600F086F8FD
:1061E0002378854203F001032DD8BBB9658808EAFE
:1061F0000008454528BF454661785DB362682B4677
:106200003046FFF73FF948B12846CBE74978FFF71A
:1062100015F90028C5D02378D80707D54FF0E0231B
:10622000D3F8F03DDB07BCD500BEBAE763886178E0
:106230003BB162683046FFF725F90028EED0608850
:10624000B0E71A46F6E7002BABD130466178FFF78E
:1062500007F9A6E72A46D2E72DE9F041B2F5004F4B
:106260009DF8188024D80446C06817460E461D467F
:1062700018B14FF0FF3103F0BBFC206918B14FF0AB
:10628000FF3103F0B5FC0022C5F30E03E06843EADA
:10629000C83362812660A780E380228108B103F0C1
:1062A000BBFC206908B103F0B7FC0120BDE8F08118
:1062B0000020BDE8F08100BF038942899BB292B201
:1062C0008088934236BFC2EB40029B1A9B189BB258
:1062D000984228BF184670470289438990B29BB202
:1062E000C01AB0FA80F04009704700BF03894289A4
:1062F0009BB2808892B2934236BFC2EB40029B1A97
:106300009B189BB2984286BFC01A80B2002070478B
:1063100038B5044600690D4618B14FF0FF3103F05F
:1063200067FC2189638989B29BB2A288994236BFF2
:10633000C3EB4200C81A401880B250B3824209D25F
:1063400091422CBF891A89188BB29A42638103D873
:106350009B1A9BB29A42FBD9E2882168C2F30E02D3
:1063600002FB0311284603F049FA6189012589B22D
:106370004B1C9BB29942A2880ED9002302FA05F168
:106380005B1A9BB22069638108B103F045FC284683
:1063900038BD054663899BB2B3EB420F4FEA420119
:1063A000F0DBEDE72DE9F0470646006988469146A7
:1063B00018B14FF0FF3103F01BFC338974899BB295
:1063C000A4B2B588A34236BFC4EB45071F1BFF1814
:1063D000BFB2002F4AD0BD4240D3B94528BFB9460D
:1063E000A5421FFA89F703D8641BA4B2A542FBD9C2
:1063F000B6F806A02B1B31689BB2CAF30E029F426F
:10640000924602FB041123D913FB02F31FFA83F90E
:106410004A4640467D1B03F0F1F9621912FB0AF26D
:10642000316808EB090092B203F0E8F97289B58887
:1064300092B2D3199BB29A421AD96A009B1A9BB2A4
:106440003069738108B103F0E7FB3846BDE8F08797
:10645000404607FB02F203F0D1F9E7E7AB422CBF5D
:106460005B1B5B199CB22F467481B6E773899BB2A4
:10647000B3EB450F4FEA4502E2DBDFE7F8B5044630
:10648000C0680E4618B14FF0FF3103F0B1FB25890B
:10649000238961899BB289B2A2888B4236BFC1EB46
:1064A00042015B1A5B189BB29A42ADB208D8E779F9
:1064B000FF0905D1E06808B103F0AEFB3846F8BD2E
:1064C000954228BF2B4618D39B1A9BB29342FBD20E
:1064D000E2882068C2F30E0202FB0300314603F09B
:1064E0008DF96B1C9BB29D42A28812D900235100EA
:1064F0005B1A9BB201272381DCE7E2882068C2F3A4
:106500000E0205FB0200314603F078F90135A2883E
:10651000ABB2B3EB420F4FEA4201EBDBE8E700BF5F
:106520002DE9F04F174683B0002A75D00646C068A3
:10653000894618B14FF0FF3103F05AFBF379B6F8F2
:1065400008807289DB09B5881FFA88F892B23CD1BD
:10655000904536BFC2EB4502A8EB0202424492B21C
:10656000AA425ED2AA1A92B2BA4228BF3A46B6F8F6
:1065700006B097B27B1B08EB070ACBF30E0B9BB25E
:106580001FFA8AFAA845444603D3641BA4B2AC425E
:10659000FBD22D1B3068ADB2BD420BFB040057D3BC
:1065A00049460BFB07F203F029F9B288D0454FEAC0
:1065B000420302D8BAEB420F03DBAAEB03031FFA34
:1065C00083FA3D46A6F808A02CE0B6F806B0AF4224
:1065D000CBF30E0B2FD2904536BFC2EB4501A8EB93
:1065E0000201414489B2680039447B1B81429BB25D
:1065F0000DDB02EB050A1FFA8AFAAAEB07081FFA5D
:1066000088F8424537D9A8EB00001FFA80F807EB5D
:10661000080A1FFA8AFAB5E71546284603B0BDE80E
:10662000F08F0025F0680028F7D003F0F5FA28462F
:1066300003B0BDE8F08F002DF4D07F1B02EB050AFC
:106640000BFB079990462F4600231FFA8AFA99E719
:1066500015FB0BF5ADB22A464946019303F0CEF87F
:10666000019B3068E21812FB0BF209EB050192B2B4
:1066700003F0C4F899E7404584DCC4E710B504464C
:10668000C06818B14FF0FF3103F0B2FA206918B1B9
:106690004FF0FF3103F0ACFA0023E06863812381FF
:1066A00008B103F0B9FA206908B103F0B5FA012086
:1066B00010BD00BF38B50446C0680D4618B14FF094
:1066C000FF3103F095FA206918B14FF0FF3103F064
:1066D0008FFAE379E06865F3C713E37108B103F05B
:1066E0009BFA206908B103F097FA012038BD00BF7A
:1066F000F8B504460D46EFF3108772B60C4B9B6855
:1067000053F82060B14204D00A4B9E420BD2FBF7F3
:1067100053FC074B9B6843F82450BFF35F8F87F30C
:1067200010883046F8BD044B9E42F2D3EFE700BF1D
:1067300000ED00E0100100101C01001070B50025F4
:1067400001260468002BE5668446616028469DF8B2
:1067500010E0E66616DD5D1E616F1029FCD000B307
:106760000021A84204BF8EF0010641EA462141F40F
:1067700080712161D4F88010616B490605D54FF016
:10678000FF30636D8CF804E070BDA16F0029F1D07B
:1067900021690130834202F8011BF3D0DCF800408C
:1067A000DAE79CF804108902DBE700BF2DE9F0412D
:1067B00000270124944602680546D7665160D466D6
:1067C0001C1E38469DF818601EDD297986F00107E9
:1067D00089027F0204F1FF3E70450CBFB8464FF0BE
:1067E00000081CF8013B0B4343EA08031361536B99
:1067F000D906FCD5D2F8801049B970451CD00130BB
:1068000084424FF00001E7D12E71BDE8F0814FF0D6
:106810000108536D536B9B05FCD5136EB8F1000F47
:10682000EDD069B1CB070BD411F0080F08BF4FF0C2
:10683000FF302E71BDE8F081002EE0D1B046E9E7CF
:106840004FF0FF30E0E700BFF8B5044605200F46E3
:10685000FBF7A8FA00EB570CBCFBF7FC204D0CEB48
:106860004C02A5FB02651F49AE088F4200EB4003B6
:10687000ACEB95052ED801F1D64101F5A10101F649
:106880002C01A1FB03139B0D013300214F2A98BF5C
:1068900001222468B0FBFCF0E166216804F5805712
:1068A00081F0040101F00601396088BF0C49E561FF
:1068B00084BFA1FB021292092662C4F8A0202246DE
:1068C000012152F87C5F6B409BB202F5805213604D
:1068D000E166F8BD0449A1FB0313DB0D0133D4E7E6
:1068E000CDCCCCCC3F420F00893BE6550E4A30B4AC
:1068F000904214BF202210220C4D0D4B0D4C2A60EB
:106900001A60A36832EA0303FBD140F26515032441
:1069100002680371D3661560D3639363C2F888403D
:1069200030BCFFF791BF00BFAC1500200020024033
:10693000003002400000024010B49DF80440019471
:106940005DF8044BFFF732BF10B49DF8044001948A
:106950005DF8044BFFF7F2BE012307480749084AD8
:1069600003600B609368D907FCD50123054A1360C7
:106970001368DB05FCD57047002002400030024060
:106980000000024000000A4070B51646026C044642
:10699000856B2AB9066801354EB31046A56370BDF4
:1069A0008EB9406802F02AFF6368216CA2680B442C
:1069B0009342636028BF236805F1010528BF636027
:1069C0000020A56370BDC06802F018FF226CE36868
:1069D00051429B1A2268E360934202D2A3680B449F
:1069E000E360022E08D001350020A56370BD8068E9
:1069F00001F07EFCA660D1E7012D38BF0125DFE75D
:106A000070B5A0B3A1FB002305460E467BBB01FB7E
:106A100000F010F1490F2AD8483001F0CFFE0446AB
:106A200028B33EB300F148032360C4E90F5601F0D8
:106A30001FFF0023FF20A363216CE36B226801FB8F
:106A400003F3591A626013440A44C4E9023284F819
:106A5000440084F8450004F1100002F081F804F1CC
:106A6000240002F07DF801F011FF204670BD0024E3
:106A7000204670BD0346D7E72DE9F043044685B0B4
:106A80001F460192884601F0F3FEA26BE36B9A4227
:106A900079D3022F77D0002204F12406019B002B2A
:106AA00000F0D480002A00F0CD8001F0EFFE01F06C
:106AB00009F901F0DDFE94F84430FF2B04BF0023F8
:106AC00084F8443094F84530FF2B04BF002384F849
:106AD000453001F0DBFE02A801A901F08BFB002884
:106AE00040F0BA8001F0C4FEA26BE36B9A425CD026
:106AF00001F0CCFE01F0BCFE94F8452055B2002D0B
:106B000004DC11E06A1ED3B255B26BB1636A5BB1AB
:106B1000304601F0FBFA0028F4D001F09BFB6A1E1E
:106B2000D3B255B2002BF1D1FF2384F8453001F0E8
:106B3000ADFE01F09DFE94F8442055B2002D14DD09
:106B400004F1100903E06A1ED3B255B26BB1236998
:106B50005BB1484601F0DAFA0028F4D001F07AFB84
:106B60006A1ED3B255B2002BF1D1FF2384F8443012
:106B700001F08CFE01F0AEF801F07AFEA16BE36B40
:106B8000012299428AD23A4641462046FFF7FCFE4E
:106B9000636A002B40F0A880002840F0A28001F03A
:106BA00075FE012005B0BDE8F08304F1100901F085
:106BB0006DFE4846019901F0F7F901F059FE94F88D
:106BC00045305DB2002D04DC11E06B1EDAB25DB21F
:106BD0006AB1636A5BB1304601F098FA0028F4D0DC
:106BE00001F038FB6B1EDAB25DB2002AF1D1FF234F
:106BF00084F8453001F04AFE01F03AFE94F8443042
:106C00005DB2002D04DC11E06B1EDAB25DB26AB138
:106C100023695BB1484601F079FA0028F4D001F00D
:106C200019FB6B1EDAB25DB2002AF1D1FF2384F8A2
:106C3000443001F02BFE01F04DF800289CD101F00A
:106C40000BFE99E702A801F0C9FA2EE701F01EFE3B
:106C5000002005B0BDE8F08301F00AFE94F845304D
:106C60005DB2002D14DD04F1240603E06B1EDAB2E0
:106C70005DB26AB1636A5BB1304601F047FA002841
:106C8000F4D001F0E7FA6B1EDAB25DB2002AF1D15E
:106C9000FF2384F8453001F0F9FD01F0E9FD94F897
:106CA00044305DB2002D14DD04F1100603E06B1ECC
:106CB000DAB25DB26AB123695BB1304601F026FAFF
:106CC0000028F4D001F0C6FA6B1EDAB25DB2002AD9
:106CD000F1D1FF2384F8443001F0D8FD00F0FAFF31
:106CE000B6E701F0B9FD5AE704F1240001F00EFA0D
:106CF00000283FF454AFF4E738B5482001F05EFDBA
:106D0000044650B3002501232060C0E90F3501F08F
:106D1000AFFDD4E90F31FF2001FB03F32268591ABC
:106D2000626013440A44C4E90232A56384F8440053
:106D300084F8450004F1100001F012FF04F1240072
:106D400001F00EFF01F0A2FD2B462A4629462046FF
:106D5000A5602560E560FFF78FFE204638BD00BFC7
:106D60002DE9F043044685B08846019201F080FD8C
:106D7000A56B002D40F01781019B002B00F0C68011
:106D800002A801F02BFA2F4604F1240601F07EFD43
:106D900000F098FF01F06CFD94F84430FF2B08BF21
:106DA00084F8447094F84530FF2B08BF84F8457090
:106DB00001F06CFD01A902A801F01CFA002854D1D1
:106DC00001F056FDA36B002B40F0A68004F12409CE
:106DD00001F05CFD4846019901F0E6F801F048FD3C
:106DE00094F845305DB2002D04DC11E06B1EDAB280
:106DF0005DB26AB1636A5BB1484601F087F9002869
:106E0000F4D001F027FA6B1EDAB25DB2002AF1D19C
:106E1000FF2384F8453001F039FD01F029FD94F895
:106E200044305DB2002D14DD04F1100903E06B1E47
:106E3000DAB25DB26AB123695BB1484601F066F926
:106E40000028F4D001F006FA6B1EDAB25DB2002A17
:106E5000F1D1FF2384F8443001F018FD00F03AFF2F
:106E600000284AD101F0F8FC47E001F001FD94F858
:106E700045305DB2002D04DC11E06B1EDAB25DB26C
:106E80006AB1636A5BB1304601F040F90028F4D082
:106E900001F0E0F96B1EDAB25DB2002AF1D1FF23F6
:106EA00084F8453001F0F2FC01F0E2FC94F8443043
:106EB0005DB2002D14DD04F1100903E06B1EDAB29F
:106EC0005DB26AB123695BB1484601F01FF9002841
:106ED000F4D001F0BFF96B1EDAB25DB2002AF1D135
:106EE000FF2384F8443001F0D1FC00F0F3FE01F000
:106EF000BFFCA36B53B101F0C9FC01F0B9FCA56B59
:106F0000002D50D1019B002B7FF440AF01F0BEFC5F
:106F1000002005B0BDE8F08301F0B8FC01F0A8FC4A
:106F200094F845305DB2002D14DD04F1240903E02E
:106F30006B1EDAB25DB26AB1636A5BB1484601F0BA
:106F4000E5F80028F4D001F085F96B1EDAB25DB2E5
:106F5000002AF1D1FF2384F8453001F097FC01F0BD
:106F600087FC94F844305DB2002D14DD04F1100963
:106F700003E06B1EDAB25DB26AB123695BB14846C9
:106F800001F0C4F80028F4D001F064F96B1EDAB205
:106F90005DB2002AF1D1FF2384F8443001F076FC81
:106FA00000F098FEA9E7226C5AB1E168A368114489
:106FB0009942E16028BF2168404628BFE16002F0A5
:106FC0001DFC2369013DA5632BB901F05FFC012085
:106FD00005B0BDE8F08304F1100001F097F8002837
:106FE000F3D001F039FCF0E72DE9F043044685B019
:106FF000019101F03DFCA56B002D40F03B81019B10
:10700000002B00F0818002A801F0E8F82F46A84686
:1070100004F1240601F03AFC00F054FE01F028FCD3
:1070200094F84430FF2B08BF84F8448094F845302E
:10703000FF2B08BF84F8458001F028FC01A902A8B5
:1070400001F0D8F8002862D101F012FCA36B002BEC
:1070500040F0AC8001F01AFC2368002B00F00181A5
:1070600004F124094846019900F09EFF01F000FC5C
:1070700094F845305DB2002D04DC11E06B1EDAB2ED
:107080005DB26AB1636A5BB1484601F03FF800281F
:10709000F4D001F0DFF86B1EDAB25DB2002AF1D154
:1070A000FF2384F8453001F0F1FB01F0E1FB94F897
:1070B00044305DB2002D14DD04F1100903E06B1EB5
:1070C000DAB25DB26AB123695BB1484601F01EF8DD
:1070D0000028F4D001F0BEF86B1EDAB25DB2002ACF
:1070E000F1D1FF2384F8443001F0D0FB00F0F2FD31
:1070F000002800F0A58001F0BBFBA56B002D40F03F
:10710000B980019B002B85D101F0C0FB4AE001F062
:10711000AFFB94F845305DB2002D04DC11E06B1E2E
:10712000DAB25DB26AB1636A5BB1304600F0EEFF7D
:107130000028F4D001F08EF86B1EDAB25DB2002A9E
:10714000F1D1FF2384F8453001F0A0FB01F090FB62
:1071500094F844305DB2002D14DD04F1100903E011
:107160006B1EDAB25DB26AB123695BB1484600F0CA
:10717000CDFF0028F4D001F06DF86B1EDAB25DB2DD
:10718000002AF1D1FF2384F8443001F07FFB00F0A6
:10719000A1FD01F06DFBA36B002B4ED101F076FB3E
:1071A000002F50D1002005B0BDE8F08301F06EFB48
:1071B00001F05EFB94F845305DB2002D14DD04F162
:1071C000240903E06B1EDAB25DB26AB1636A5BB197
:1071D000484600F09BFF0028F4D001F03BF86B1EFE
:1071E000DAB25DB2002AF1D1FF2384F8453001F014
:1071F0004DFB01F03DFB94F844305DB2002D14DDF1
:1072000004F1100903E06B1EDAB25DB26AB12369C2
:107210005BB1484600F07AFF0028F4D001F01AF87C
:107220006B1EDAB25DB2002AF1D1FF2384F844303C
:1072300001F02CFB00F04EFD5DE701F027FB5AE763
:1072400001F00AFB57E701F013FB616A19B1236BE8
:107250001968C1F10601A06801F080F801F016FB81
:10726000A0E701F005FBA06800F0FAFF074601F077
:107270000DFBF5E62368013DA56383B123692BB9B6
:1072800001F004FB012005B0BDE8F08304F110001B
:1072900000F03CFF0028F3D001F0DEFAF0E701F047
:1072A00099F8A060EAE700BF2DE9F043044685B0F5
:1072B0008846019201F0DCFAA76B002F40F016819E
:1072C000019B002B00F0C58002A800F087FF04F1AD
:1072D000240601F0DBFA00F0F5FC01F0C9FA94F89D
:1072E0004430FF2B08BF84F8447094F84530FF2BDE
:1072F00008BF84F8457001F0C9FA01A902A800F09E
:1073000079FF002854D101F0B3FAA36B002B40F0B1
:10731000A68004F1240901F0B9FA4846019900F069
:1073200043FE01F0A5FA94F845305DB2002D04DC6F
:1073300011E06B1EDAB25DB26AB1636A5BB14846B6
:1073400000F0E4FE0028F4D000F084FF6B1EDAB2F7
:107350005DB2002AF1D1FF2384F8453001F096FA9E
:1073600001F086FA94F844305DB2002D14DD04F18A
:10737000100903E06B1EDAB25DB26AB123695BB13A
:10738000484600F0C3FE0028F4D000F063FF6B1EF7
:10739000DAB25DB2002AF1D1FF2384F8443001F063
:1073A00075FA00F097FC00284AD101F055FA47E041
:1073B00001F05EFA94F845305DB2002D04DC11E076
:1073C0006B1EDAB25DB26AB1636A5BB1304600F03F
:1073D0009DFE0028F4D000F03DFF6B1EDAB25DB2D6
:1073E000002AF1D1FF2384F8453001F04FFA01F073
:1073F0003FFA94F844305DB2002D14DD04F1100919
:1074000003E06B1EDAB25DB26AB123695BB1484634
:1074100000F07CFE0028F4D000F01CFF6B1EDAB2F6
:107420005DB2002AF1D1FF2384F8443001F02EFA36
:1074300000F050FC01F01CFAA36B53B101F026FAE6
:1074400001F016FAA36B002B50D1019B002B7FF4A7
:1074500040AF01F01BFA002005B0BDE8F08301F059
:1074600015FA01F005FA94F845305DB2002D14DDEF
:1074700004F1240903E06B1EDAB25DB26AB1636AFB
:107480005BB1484600F042FE0028F4D000F0E2FE76
:107490006B1EDAB25DB2002AF1D1FF2384F84530C9
:1074A00001F0F4F901F0E4F994F844305DB2002DF4
:1074B00014DD04F1100903E06B1EDAB25DB26AB1AB
:1074C00023695BB1484600F021FE0028F4D000F0AB
:1074D000C1FE6B1EDAB25DB2002AF1D1FF2384F83F
:1074E000443001F0D3F900F0F5FBA9E7226CE56820
:1074F00052B1A368A9189942E16028BF21684046AB
:1075000028BFE16002F07AF9636AE5602BB901F007
:10751000BDF9012005B0BDE8F08304F1240000F0BE
:10752000F5FD0028F3D001F097F9F0E700296BD0C2
:10753000564B5A68904200F08B801A6810B4002AAB
:107540003BD0DA68904200F09E809A68002A55D0BD
:107550005A69904200F095801A69002A55D0DA697C
:10756000904200F082809A69002A54D05A6A904270
:1075700056D01A6A002A57D0DA6A904277D09A6AAF
:10758000002A56D05A6B904273D01A6B002A55D0FD
:10759000DA6B90426FD09A6B002A54D05A6C9042AA
:1075A0006BD01A6C002A59D0DA6C904267D09B6C71
:1075B000002B58D05DF8044B7047DA68904262D0D7
:1075C0005A6990425DD01A46DC69A0424DD05C6A8F
:1075D000A04225D0DC6AA04249D05C6BA04248D0D2
:1075E000DC6BA04247D05C6CA04246D0DC6CA04271
:1075F00045D0C2E900105DF8044B70475A699042CB
:107600003FD003F10802DFE77047DA6990422CD0DF
:1076100003F11002DBE75A6A904201D01C4AD9E715
:10762000042203EBC202E4E7DA6A90421FD0194A4F
:10763000D3E75A6B90421CD0174AD1E7DA6B9042DD
:1076400019D0164ACFE75A6C904216D0144ACDE7AB
:10765000002203EBC202C2E900107047DA6C9042CC
:107660000DD0104AC5E7104AC3E70322D9E7052227
:10767000D7E70622D5E70722D3E70822D1E7092278
:10768000CFE70222CDE70122CBE700BFA81C0020F4
:10769000C01C0020C81C0020D01C0020D81C0020CA
:1076A000E01C0020E81C0020F01C002070B50546FE
:1076B0000E46144601F0DCF895F84430FF2B04BF69
:1076C000002385F8443095F84530FF2B04BF002394
:1076D00085F8453001F0DAF8AB6B002B43D001F0B0
:1076E000C7F895F845305CB2002C14DD05F124068E
:1076F00003E0631EDAB25CB26AB16B6A5BB130461A
:1077000000F004FD0028F4D000F0A4FD631EDAB2FE
:107710005CB2002AF1D1FF2385F8453001F0B6F8BC
:1077200001F0A6F895F844305CB2002C14DD05F1A8
:10773000100603E0631EDAB25CB26AB12B695BB17A
:10774000304600F0E3FC0028F4D000F083FD631E17
:10775000DAB25CB2002AF1D1FF2385F84430BDE8EB
:10776000704001F093B82246314605F1240000F044
:1077700067FCB4E72DE9F041044601F079F8364A98
:10778000364E1368013313603368002B34D0344F06
:10779000E36A3A684AB3334D334934480A6804F11E
:1077A000040C01320A6002689A4238BF036003EB9E
:1077B000830305EB830041689B00EA58D1F808E099
:1077C000A160C4F80CE00132CEF804C0C1F808C0D2
:1077D0006061EA5001F05AF83B6823B13268E36A0D
:1077E000D26A9A4210D3BDE8F08132681D4DD26A48
:1077F0009A4298BF3460CFE734601368012B07D0FA
:10780000E36A184D164FC7E7BDE8F04101F024B810
:10781000144D2F4605F178083846143701F0A0F9C9
:107820004745F9D1DFF86080114F404601F098F9E3
:10783000384601F095F90F4801F092F90E4801F031
:107840008FF90E4801F08CF90D4BC3F800800D4BF9
:107850001F60E36A024F9FE7D0290020EC28002038
:10786000602A002000290020DC290020E0290020D7
:10787000202A00204C2A0020782A0020642A002098
:10788000F4280020F82800200C2A002080B5124D92
:10789000124F134EDFF84C8014E000F0E9FFFB6854
:1078A000DC68201D01F092F93368013B33602B68DE
:1078B000013B2B6000F0EAFF206B00F08BFF2046BD
:1078C00000F088FF2B68002BE7D1D8F80030012B9F
:1078D000F8D900F0C1FFF5E7D4290020782A00206C
:1078E000D0290020002900202DE9F04F4C4B83B017
:1078F0001D6801351D60002D67D04A490B689D4207
:1079000077D3494E33681868002800F0848000203F
:10791000AA4607468146DFF828E1444C019147E03A
:107920005869D3E9022CC2F808C0CCF80420426898
:107930008A42026808BFC0F804C0013A5F61026071
:10794000986A70B1D3E9072CC2F808C0CCF80420BB
:107950004268AA42026808BFC0F804C0013A9F62A8
:107960000260DA6ADEF8000002EB820C04EB8C089D
:107970008242D8F8040054F82C50D0F808B098602F
:10798000C3F80CB0CBF804108160C3F81480284B06
:1079900088BFCEF8002019680135336844F82C50B0
:1079A000C96A1B688A4288BF49F00109002B30D0A0
:1079B0003368DB68DB685A68191D924503F11805C6
:1079C000AED2019948460A6014E0174B194A18686C
:1079D00011681960184910600A6801320A601A6853
:1079E000126882B94FF0FF330E490B600B689D425D
:1079F00087D20020114B1B68002B18BF40F00100FC
:107A000003B0BDE8F08F1B680649DB681B680B609C
:107A100074E7484601994FF0FF330B60EAE700BF77
:107A20008C2A0020402A0020F42800200029002071
:107A3000EC280020F8280020442A0020982A002062
:107A4000E02900202DE9F8439500804628460F469E
:107A5000994600F0B3FE002872D00646702000F070
:107A6000ADFE0446002868D0043D70220021354454
:107A700001F04CFE25F007052663002F3BD03B7834
:107A800084F83430002B36D07B7884F8353093B3CB
:107A9000BB7884F8363073B3FB7884F8373053B34F
:107AA0003B7984F8383033B37B7984F8393013B3B9
:107AB000BB7984F83A30F3B1FB7984F83B30D3B129
:107AC0003B7A84F83C30B3B17B7A84F83D3093B193
:107AD000BB7A84F83E3073B1FB7A84F83F3053B1FF
:107AE0003B7B84F8403033B17B7B84F8413013B169
:107AF000BB7B84F84230089F201D052F28BF052737
:107B0000E762676401F038F8C7F1060704F118006E
:107B100001F032F84B4642462846216BA7612461AA
:107B2000646200F0D5FE099B206003B11C60204612
:107B3000FFF720FE0120BDE8F883304600F04AFE42
:107B40004FF0FF30BDE8F883F8B50446254E00F04D
:107B50008FFE002C3FD0271D384601F037F8A36A6E
:107B60001BB104F1180001F031F81F4A1F4D1368D2
:107B7000013313603368A3422B681FD01C4A13687B
:107B8000013B13601B4B1A68126892B11A681A4BBA
:107B9000D26812681A6000F079FE206B00F01AFEBD
:107BA000204600F017FE2B6813B13368A34214D0AF
:107BB000F8BD4FF0FF32104B1A60ECE7002BDDD020
:107BC00039460E4800F0DCFF0D4A1368013313609C
:107BD00000F05CFEE7E73468BDE7BDE8F84000F080
:107BE0003BBE00BFEC280020DC290020602A0020DA
:107BF000D0290020F4280020402A0020782A0020E4
:107C0000D42900202DE9F8434FF4007000F0D6FD90
:107C100088B30646702000F0D1FD044678B30027F3
:107C2000DFF898903946702201F070FD06F5FE7578
:107C3000C4E90C690626201D00F09EFF25F007050B
:107C400004F1180000F098FF3B46174A216B2846C4
:107C50002461A661646200F03BFE0346DFF86080A9
:107C6000236020460127C8F80040FFF783FD00F09D
:107C700063FDB8420AD00D4B1B68BDE8F88330465F
:107C800000F0A8FD094B1B68BDE8F88300F0FAFE80
:107C90004FF0FF3400220649064B074804600F608E
:107CA0001A6000F051FEE6E78D780010C4A20010C3
:107CB000602A00208C2A0020402A002049444C459C
:107CC000382A0020024A136801331360704700BF4E
:107CD000D82900202DE9F04FDFF86C8183B000F047
:107CE000C7FDD8F80030013BC8F80030D8F800E0F4
:107CF000BEF1000F40F081804C4B1B68002B7CD004
:107D0000DFF848C1DCF80030002B00F08B80484BD6
:107D1000DFF83C91474E0193DCF80C30DB689A6A3F
:107D2000D3E9070154688160486003F11800844278
:107D300008BF51601168C3F828E0013911605A6921
:107D4000D3E90241A1604C6054681D1DAC4208BFDC
:107D500051601168D9F8000001391160DA6A824275
:107D6000354802EB820188BFC9F80020006806EBA5
:107D700081077C68D0F82CA056F82100D4F808B010
:107D8000013052459C60C3F80CB0CBF80450A5609C
:107D90005F6146F8210037D90122019B1A60DCF8A7
:107DA0000030002BB8D1254B1A681268002A34D055
:107DB0001A68234BD26812681A60224D2C689CB155
:107DC0000126019F05E0FFF78FFD00B13E60013CF9
:107DD00009D0D8F80030002BF5D02B68013C03F116
:107DE00001032B60F5D12C60019B1B682BB1124B5A
:107DF00001241B6800F030FD00E0002400F046FD87
:107E0000204603B0BDE8F08FDCF80030002B83D1B2
:107E10000A4B1A681268002ACAD14FF0FF32084B89
:107E20001A60CAE7024B0193C7E700BFD0290020C0
:107E3000982A002000290020EC280020F4280020A7
:107E4000402A0020482A0020D82900204C2A00205F
:107E5000E029002008B900F0FFBC194A2DE9F041E3
:107E600013680446013313601649174B174D184A1F
:107E70000E681768D3F800802868043000F0A6FE6A
:107E80002B68A41929685C600DD23846043100F0D3
:107E900085FE104B1A68944238BF1C60FFF71AFF2A
:107EA00048B1BDE8F0814046043100F077FEFFF7AD
:107EB00011FF0028F5D1BDE8F04100F0CDBC00BFB6
:107EC000D82900208C2A0020F8280020EC28002047
:107ED000F4280020402A0020014B1868704700BF9A
:107EE0008C2A0020054B1B680BB9FFF7FDBC044A28
:107EF0000020136801331360704700BFD8290020A9
:107F0000482A0020234B1B681BB10122224B1A6018
:107F10007047214A30B4214C13602068204A00EB9E
:107F2000800352F8233081008BBB431E03EB830593
:107F300052F825509900B5B9831E03EB830552F81A
:107F4000255099007DB9C31E03EB830552F82550D7
:107F5000990045B9031F03EB830552F8255099009A
:107F60000DB9431F9900194402EB81000246416894
:107F7000083249689142416008BFC168094A08BF98
:107F80004160C96811602360136830BC70470346C4
:107F9000E9E700BFD8290020982A0020E029002026
:107FA00000290020EC2800202DE9F0410C461E4D50
:107FB0002968183100F0F2FD1C4B1D491D4A0E685E
:107FC0001768D3F800802868043000F0FFFD631CB8
:107FD00015D02B68A41929685C600AD23846043190
:107FE00000F0DCFD144B1A68944238BF1C60BDE8F9
:107FF000F0814046BDE8F041043100F0CFBD0F4BA9
:1080000029685A681C688A602E68013428682968C3
:108010001C602D68946804300431F46060609160E5
:108020006B61BDE8F08100BFEC280020F82800203B
:108030008C2A0020F4280020402A0020642A0020F6
:1080400094462DE9F0412B4C0D4623684168D4F845
:108050000080D9612768036826688A68D4F800E040
:10806000013318371836C8F8202057608E60224A2E
:10807000CEF8280021490360214BBCF1000F1AD033
:10808000096812681B682068043000F09FFD1D4BD2
:1080900019685A6801311960216890688A602168FE
:1080A000C860216804314160216820680431916012
:1080B0004361BDE8F0810E681768D3F8008020683E
:1080C000043000F083FD2368AD1921685D6005D39D
:1080D0004046BDE8F041043100F060BD384604314F
:1080E00000F05CFD084B1A68954238BF1D60BDE882
:1080F000F08100BFEC280020F42800208C2A00200A
:10810000F8280020642A0020402A0020F0B400262D
:10811000C368DB689A6AD3E90701816048605068E8
:1081200003F11804A042274808BF51601168056890
:108130000139D86A9E621160002D2FD1D3E9024126
:108140005A69A1604C6054681E1DB44208BF51605A
:108150001168013911601C4A116881421B4938BFFE
:10816000106000EB800201EB82077D689200D5F879
:1081700008C08C589D60C3F80CC0CCF80460AE6099
:108180005F61134B01341B688C50DB6A834215D24C
:10819000F0BC01230F4A1846136070470E4A156859
:1081A0005168013515608D68D9611D626C608C6005
:1081B0009A62074B1B68DB6A8342E9D3F0BC00205C
:1081C000704700BFD8290020E029002000290020A6
:1081D000EC280020982A00204C2A0020034A044B57
:1081E00012681B68C0E90023704700BF442A0020C2
:1081F0008C2A0020F8B50D46044600F039FB2B68A8
:10820000124A581C11681BD0D4E90060DFF840C046
:10821000DCF80070BE4208D0884206D80023012452
:108220002B6000F033FB2046F8BD0F1ABB42F5D996
:108230005B1ADCF80010126803442B60C4E90012DA
:10824000002400F023FB2046F8BD00BF8C2A00204C
:10825000442A00200122014B1A607047982A00200E
:10826000F8B50446C8B11F4DC36A2A68D26A934262
:1082700014D28269002A04DB2A68D26AC2F106029B
:108280008261194E626903EB830306EB83039A4212
:108290000CD02B68DB6AE3620120F8BD2B68406CD0
:1082A000DB6A98422CBF00200120F8BD271D38460C
:1082B00000F08CFC2B680D4ADB6A1168E3628B428C
:1082C00088BF136003EB8303980006EB83035968B0
:1082D00032588D680132A160E5606F608F60636124
:1082E0003250D9E7EC28002000290020E0290020A6
:1082F00058B1F8B5C16A836C426C013B91420446A7
:10830000836400D01BB10020F8BD00207047061D1B
:10831000304600F05BFC636C0E4AC3F10600A061BE
:1083200001201168E3628B4288BF13600A4A03EBA5
:1083300083034FEA830C02EB83035D6852F80C1051
:10834000AF680144A560E7607E60AE60636142F89B
:108350000C10F8BDE02900200029002060B1426C1B
:10836000F8B5914238BF1146C36A04468B4202D029
:10837000826C012A01D0F8BD70478269134D002A32
:1083800003EB83034269C16205EB8303A4BFC1F120
:10839000060181619A42EED1061D304600F016FCBE
:1083A0000B4AE36A11688B4288BF136003EB8303B7
:1083B000980005EB830359682A588F680132A16041
:1083C000E7607E608E6063612A50F8BD002900205E
:1083D000E0290020034B186810B1836C01338364DB
:1083E000704700BFEC2800202DE9F04FB74FDFF8B1
:1083F000E4B2DFF8E482B64D87B03B681C68002C1D
:1084000040F01D81FFF75EFCFFF766FDDBF80030F2
:108410008146834248D8D8F80030CBF800001A686B
:10842000B2FA82F252092868A4EB0901FFF73EF97B
:10843000FFF750FC002800F024810023CDE902332F
:10844000CDE904330022286802A9FEF789FC002840
:10845000D3D0029B0498002BC0F2E980DDF810A075
:10846000DAF814301BB10AF1040000F0AFFBFFF79B
:1084700033FDDBF800300190984243D3DDE901235E
:10848000013BCBF80020082BDCD8DFE803F061616A
:10849000C0A5C76161C0A50022F001028AF82420AE
:1084A0005046DAF8203098473B681A68002A00F0F6
:1084B000D880DA68D2F80CA014680AF104063046B5
:1084C00000F084FB9AF824205107E5D503E05046DC
:1084D000DAF820209047DAF81820CAF810A011190D
:1084E000A418CAF80410F2D33146D8F8000000F0FE
:1084F00055FBD5E721F0010189F824104846D9F849
:10850000203098473B681968002900F0B480D9688A
:10851000D1F80C900C6809F10406304600F056FBC7
:1085200099F824104807E5D503E04846D9F820100B
:108530008847D9F81810C9F8109008196418C9F8B4
:108540000400F2D33146D8F8000000F027FBD5E74D
:108550009AF824000399DAF81840019A0B1940F0B0
:1085600001068AF824602CBF012600269342CAF82F
:108570000430CAF810A000F28780511A8C423FD80C
:10858000410712D420F001008AF824005046DAF89E
:108590002030984756E78C4200F2C680DAF8203047
:1085A000504698473346DAF81840019AE6182CBF2F
:1085B00001200020B242A2EB0301CAF80460CAF80D
:1085C00010A0E8D29A4201D20028E7D038680AF118
:1085D000040100F0E3FAD9E70399019A9AF82430EC
:1085E000881843F0010390428AF82430CAF8181022
:1085F000CAF80400CAF810A04BD800293FF422AFF3
:10860000D8F800000AF1040100F0C8FA1AE79AF855
:10861000243023F001038AF8243013E79AF8243039
:108620009A0777D523F001038AF824300AE7039BE1
:1086300005999847029B002BFFF604AF0EE7DB6815
:108640001C68FFF73FFBFFF747FCDBF80030814673
:1086500083423FF629AF8442CBF800001FD90022A5
:10866000E1E6D8F80020CBF800903A60C8F8003076
:10867000FFF730FBE1E6D8F80010C8F800303960A9
:10868000FCE600F0E9F8D8E6914202D9002E3FF46A
:1086900077AF38680AF1040100F080FAD2E6FFF7FC
:1086A00019FB3B68DB68DE68331D1846019300F058
:1086B0008DFA96F82420530716D422F0010286F88A
:1086C00024203046336A9847B7E600BFF0280020E0
:1086D000902A00203C2A0020FC28002081421DD83E
:1086E0003046316A88475446B169A9EB040014EB5F
:1086F000010A2CBF01230023CA45C6F804A0366135
:10870000ECD94C4501D9002BEAD00199386800F02A
:1087100045FAD6E7504600F05DF893E60199D8F89F
:10872000000000F03BFACCE7D8F800000AF10401A1
:1087300000F034FA2AE700BFF0B5174C83B000F020
:1087400097F825687DB100F0A1F8206848B10324AE
:108750001248002301908022114912480094FFF72B
:1087600071F903B0F0BD104E104F304600F0F8F92B
:10877000384600F0F5F90E4A0E4B176010212A46D4
:108780000A201E60FEF73CF920600028DBD00A4971
:10879000FEF7CCFED7E700BF902A0020942A0020E5
:1087A0004CA00010E9830010E4290020F8290020E3
:1087B000FC280020F028002044A0001010B504463A
:1087C000FFF780FA2046F9F759FE0446FFF782FAD0
:1087D000204610BD50B110B50446FFF773FA20468D
:1087E000F9F75EFEBDE81040FFF774BA704700BFAE
:1087F000002300B583B0019300F044F9019B002BE6
:10880000FCD003B05DF804FB10B500F03BF9044662
:10881000FFF768FB28B14FF0E0234FF08052C3F818
:10882000042D2046BDE8104000F038B910B50422F0
:108830004FF0E024002322610520A361F9F7B2FA8A
:108840000721044BA3FB00239B09013B63612161CA
:1088500010BD00BFD34D62104FF0E0234FF08052A7
:10886000C3F8042DBFF34F8FBFF36F8F704700BF66
:1088700008B500F007F9044A136801331360BFF329
:108880004F8FBFF36F8F08BDB8150020044B1A68D7
:10889000013A1A60186800B1704700F0FFB800BFD5
:1088A000B8150020836913F8023C662B00D070478E
:1088B0004FF0E023D3F8882D42F47002C3F8882DDE
:1088C000D3F8342F42F04042C3F8342F00F0BCB844
:1088D0002DE9F04F4FF0113E4FF0807440E909E36D
:1088E0004FF0073340F8044C164C40F8343C40E954
:1088F00003424FF005334FF006324FF0123B40E990
:108900000F324FF0033A4FF002394FF001384FF079
:1089100010374FF009364FF008354FF004346FF040
:10892000020340E905AB40E9078940E90B6740F8DD
:10893000305C40F8404C40F8443C40F8481DBDE8ED
:10894000F08F00BFF18700104FF0E0234FF07F421F
:10895000002110B584B00291C3F81C2DD3F81C3D42
:108960001B0E8DF807309DF807309DF807301A066A
:108970000CD5029B013302939DF807305B00DBB2FC
:108980008DF807309DF807301B06F2D4029B082BA8
:108990003AD0029AC2F10702120202F4E0624FF0EA
:1089A000E023002419490E200A60D3F8202D18492D
:1089B00042F47F02C3F8202DD3F8202D42F07F42ED
:1089C000C3F8202DC3F81C4DFDF792FE11490F206E
:1089D000FDF78EFE10490B20FDF78AFEFFF726FFFC
:1089E0004FF050420D490E4B0C6012681A7000F0A7
:1089F00041F8FFF787FA039400F044F8039B002B3B
:108A0000FCD0002004B010BD0022C8E7B829002027
:108A1000AD8A0010098800102D8B0010B8150020B9
:108A2000B415002008B5F8F783F9044B044A034451
:108A3000136000F087F8034B186008BD0C2000207D
:108A4000E8280020342A0020094A1168086806C86E
:108A500081F30B88022181F31488203080F3098888
:108A6000BFF36F8F4FF0000080F3118810470000B4
:108A7000EC28002062B661B6BFF34F8FBFF36F8F53
:108A800066DF00BFEFF311804FF0100181F3118812
:108A9000BFF34F8FBFF36F8F704700BF80F3118814
:108AA000BFF34F8FBFF36F8F704700BFEFF30981A4
:108AB0001EF0100F08BF21ED108AEFF30B827346F2
:108AC00021E9FC0F55FC084457FC096459FC0A8451
:108AD00001E9F003144A136819604FF0100181F3A3
:108AE0001188BFF34F8FBFF36F8FFFF70BFA4FF073
:108AF000000080F311880C4A116808681838B0E843
:108B0000F00345EC004447EC016449EC0284B0E812
:108B1000FC0F13F0100F08BFB0EC108A82F30B8823
:108B200080F3098818470000EC2800201EF0040F8D
:108B30000CBFEFF30880EFF30980014908470000FC
:108B4000A588001010B51820FFF738FE044620B1A4
:108B5000002340F8043B00F003F8204610BD00BF9E
:108B60004FF0FF31002200F10803C0E90131C0E9F4
:108B700003330260704700BF00230361704700BFEA
:108B800010B4D0E9003294680133C1E90124616076
:108B900091605DF8044B08610360704730B40D6864
:108BA0006B1C10D000F108031C465B681A68AA42CF
:108BB000FAD902684B60013299608C60616008618B
:108BC00030BC0260704704696368F2E703460269DB
:108BD00010B45468406899689C428160486008BF3E
:108BE0005160002110685DF8044B01381961106074
:108BF000704700BF00283BD038B5044600681D28E8
:108C000000D938BD0421F7F7A9FFD4ED047ADFEDD0
:108C1000196AF8EE677AB3EE007A77EEA67A67EE15
:108C2000877A0020FCEEE77A2168A5894A081F2987
:108C30008ABF02F0030202F00702083202EB82034D
:108C40009B0001F00101C4E9012103F1804202F51A
:108C5000282108608860C8600D61C1ED017A086054
:108C60000B6802F52922DB4303F00103136038BDD2
:108C7000704700BF0000003DD0B1426810B4C46826
:108C80000C4B02EB820280689200A14228BF214671
:108C9000134450B94FF6FF701A6803F580534A40E9
:108CA00002405DF8044B1A60704703480904F3E77B
:108CB000704700BF0C800A400000FFFF2DE9F0471D
:108CC00084460C4600252CF00F0864B244EA0808DC
:108CD000384F394E4FFA88F884B048F0080A39788E
:108CE0000DF10F02012330685FFA8AFA009544EA19
:108CF0000C148DF80FA0FDF71FFE4FF41670002125
:108D0000F8F7BEFD00950DF10F02012339783068A8
:108D100048F00C088DF80F80FDF70EFE4FF416702A
:108D20000021F8F7ADFD00950DF10F020123397810
:108D3000306864B28DF80FA0FDF7FEFD4FF4167099
:108D40000021F8F79DFD44F0080900950DF10F0290
:108D5000012339785FFA89F930688DF80F90FDF7B3
:108D6000EBFD4FF416700021F8F78AFD00950DF128
:108D70000F0201233978306844F00C048DF80F405D
:108D8000FDF7DAFD4FF416700021F8F779FD397818
:108D9000306801230DF10F0200958DF80F90FDF75B
:108DA000CBFD4FF41670002104B0BDE8F047F8F792
:108DB00067BD00BF9F2A00209C28002000210120C1
:108DC000FFF77CBF10B5844684B08E46084B04ACD8
:108DD0000FCB04E90F00002104EB8C0C5CF8100CA5
:108DE00080307044C0B204B0BDE81040FFF766BFE9
:108DF000C8A2001010B50446007830B10121FFF779
:108E00005DFF14F8010F0028F8D110BD38B50A46EF
:108E10000546134B134C002103201A702560FFF701
:108E20004DFF00210320FFF749FF00210320FFF73A
:108E300045FF00210220FFF741FF00210620FFF738
:108E40003DFF00212820FFF739FF00210C20FFF70C
:108E500035FFBDE8384000210120FFF72FBF00BFDC
:108E60009F2A00209C280020034670B50846C3E9CD
:108E700000120C461546F7F7B3FE4FF0010343EC22
:108E800044404FF0000646EC40402846F7F7A8FE65
:108E900046EC445070BD00BF70B50368012605461E
:108EA00046EC40300A200021F8F7EAFC4FF00002BF
:108EB0002B6842EC40302C4C6B68A16A4FF0504C50
:108EC00001F5EA4106FA03F3303102E0A26A914269
:108ED00003D9DCF804201A42F8D04FF050446268FD
:108EE000134238D02048856A816A01F5EA41303161
:108EF00002E0826A914202D962681342F9D14FF0CE
:108F000050425268134226D1174B986A401BF9F71A
:108F100021FA13A3D3E90023F9F788F90022134BB0
:108F2000F9F784F9F9F7F6F9F0EE007A07EE100A8E
:108F3000B4EEE77AF1EE10FA0DDB06EE900A9FED43
:108F40000C7AF4EEC76AFFEE007AF1EE10FA88BFF1
:108F500017EE900A70BD074870BD00BFAFF30080E8
:108F6000006F8104C58FA13F00000B400000E03F6F
:108F70000000C843000080BF0123F0B5002687B081
:108F80000F460DF10F026821009305468DF80F6022
:108F9000FDF7D2FC012802D0002007B0F0BD044646
:108FA000072328466821009604AAFDF7CDFC072870
:108FB000F2D120469DF810209DF81130C2F3021125
:108FC00001EB810102F00F029DF8125002EB410209
:108FD00062F307061A0902EB8202C5F3011C03F0D3
:108FE0000F039DF8134003EB42030CEB8C0C05F0D0
:108FF0000F0505EB4C0563F30F2665F317462509AE
:109000009DF8141005EB850504F00F0404EB4504EE
:1090100064F31F660C099DF8152004EB840401F02D
:109020000F0101EB44019DF816303971C2F30011B4
:1090300001EB810102F00F0202EB4102190901EB81
:10904000810103F00F0303EB41033E607A71BB71B2
:1090500007B0F0BD00238361C36103624362836292
:10906000704700BF05EE901AF6EE003A06EE102AA1
:1090700090ED015A75EEC65A07EE103A90ED074A88
:1090800025EE235AD0ED066A35EE844A25EE075ABE
:10909000D0ED054AE5EE046AF4EEE46AD0ED007A1C
:1090A000F1EE10FA65EEA77AC0ED066A37DDC0ED85
:1090B000064AF0EE646A90ED033AF0EE003A77EE7D
:1090C000A67AF0EE476AD0ED082A90ED025A90EDAC
:1090D000094AD3EE236A35EE055A36EE444A66EE67
:1090E000A26AE5EE046AA3EE237AF1EE666A86EEE2
:1090F000875A77EE857AF4EEE74AF1EE10FA80EDC2
:10910000085AC0ED0A7A16D5F0EE647AC0ED0A4A24
:10911000C0ED075A80ED096A17EE900A704790ED8E
:10912000045AF4EEC56AF1EE10FA44BF80ED065A17
:10913000F0EE456ABFE790ED047AF4EEC77AF1EEFF
:1091400010FA44BFF0EE477A80ED0A7AC0ED075A74
:1091500080ED096A17EE900A704700BF024B014686
:10916000186800F00BB800BFD0190020024B014670
:10917000186800F043BC00BFD019002001F10B03B8
:10918000162B2DE9F04F074683B023D8102900F2A3
:10919000AF8000F0AFFA102518230220BA4E3344F6
:1091A0005C68A3F10802944200F056816368384677
:1091B00023F00303D4E902122344CA6091605A6881
:1091C000083442F001025A6000F09AFA204603B0D7
:1091D000BDE8F08F002B23F00705C0F28980A9427B
:1091E00000F2868000F086FAB5F5FC7FC0F07B8245
:1091F0006B0A00F08480042B00F26281AB0903F15A
:10920000390003F1380EC3009F4E3344A3F1080C1C
:109210005C68A44507D10DE0002AE16880F2168160
:109220008C450C4606D0636823F003035A1B0F2AB3
:10923000F2DD7046DFF868823469444500F0F28060
:10924000636823F0030CACEB05030F2B00F3748170
:10925000002BC6E9048880F26381BCF5007FD6F854
:1092600004E080F0FF804FEADC0301224FEA5C1C3F
:10927000013302FA0CF256F833104EEA020E06EBF6
:10928000C302083AC6F804E0C4E9021246F83340C3
:10929000CC6083104FF0010C0CFA03FCF44534D879
:1092A0001CEA0E0F07D120F003004FEA4C0C0430EB
:1092B0001CEA0E0FF9D006EBC00A8146D646DEF84E
:1092C0000C300BE05A681C46DB6822F00302511B8D
:1092D0000F2900F30181002980F215819E45F1D10B
:1092E00009F101090EF1080E19F0030FE7D158E159
:1092F0000C233B600024204603B0BDE8F08F4FF400
:10930000007340204FF03F0E7EE7B468636823F09F
:109310000309A945A9EB050302D30F2B00F38580B0
:109320005A4B08201B6803F1100804EB0903009353
:1093300000F056FA564AA84483461368013305D014
:1093400008F1FF384342804403EA080841463846A2
:1093500000F02AFAB0F1FF3F82464D4A00F0078143
:1093600004EB0903834200F200814A4B0BF1FF3CFE
:1093700018684044186000F064811168013100F001
:109380006C8104EB0902AAEB020202441A601AF093
:109390000702CDE9002300F02781C2F10802384618
:1093A00092445A44D04408EA0C01521A02EA0C0BC7
:1093B000594600F0F9F9421C019B00F06A81A0EBCC
:1093C0000A0000EB0B08186848F00102B442C6F826
:1093D00008A05844CAF80420186017D0B9F10F0F3C
:1093E00040F23E816168A9F10C024FF0050C22F0B9
:1093F000070201F0010111430F2A616004EB020131
:10940000C1E901CC00F24D81DAF80420224B544628
:109410001968814238BF1860204B1968814238BFF3
:109420001860A6E0D6F804E033E7621945F00105BC
:1094300043F00103083444F8045C3846B2605360DA
:1094400000F05EF9204603B0BDE8F08FA268234427
:109450003846D1608A60B2E6DC68A3427FF4A6AEEB
:109460000230E7E6BCF5206F4FEA5C2276D3142A7F
:1094700000F2CD8002F15C035B32DB00F118F3589F
:109480000839994211D1A5E0C81500202C1D0020F3
:10949000BC150020FC1C0020241D0020281D0020DD
:1094A000D01500209B68994204D05A6822F003022C
:1094B0006245F7D8D968C4E902318C60DC60E8E61F
:1094C000142B63D9542B00F2AB802B0B03F16F00EC
:1094D00003F16E0EC30097E6D4F808C0384667194A
:1094E00045F001056560CCF80C30C3F808C041F0C8
:1094F0000103C6E90477C7E902887B60A1500834FC
:1095000000F0FEF8F7E622443846516841F00101C8
:10951000516054F8082FD3609A6000F0F1F8EAE641
:10952000A44438460834DCF8043043F00103CCF896
:10953000043000F0E5F8DEE6621943F0010145F081
:10954000010538466560C6E90422C2E90288516017
:1095500044F80C30083400F0D3F8CCE64FEA9C1203
:1095600002F139033832DB0088E7B44262D0B468D4
:10957000626822F00308A845A8EB050302D30F2B6D
:109580003FF753AF384600F0BBF8B3E603F15C0099
:1095900003F15B0EC30037E65AF80839534540F033
:1095A000A08010F0030F00F1FF30F5D1736823EABB
:1095B0000C0373604FEA4C0C0CF1FF329A4204D357
:1095C000A3E64FEA4C0C09F104091CEA030FF8D09A
:1095D000484670E692104FF0010C0CFA02F24EEA87
:1095E000020EC6F804E066E70AEB0802384602EA13
:1095F0000C02ABEB020B0BEA0C0B594600F0D4F853
:10960000431C019B7FF4DBAEDDF800B0DBE6542A9F
:109610002AD84FEA1C3202F16F036E32DB002DE7CD
:10962000B3F5AA7F2AD8EB0B03F1780003F1770E8C
:10963000C300E9E52E4B0BF1FF3C1868404418606D
:109640009BE61AEA0C0F7FF498AEC844D6F808A03F
:1096500048F00102CAF80420D8E6C2F800A096E655
:109660000123CAF804308DE7B2F5AA7F24D84FEA67
:10967000DC3202F178037732DB00FFE640F254522D
:10968000934224D8AB0C03F17D0003F17C0EC300A0
:10969000BAE5009A4FF0000B083A9044A8EB0A088C
:1096A00091E6384604F10801009300F0A7F9009B09
:1096B000D6F808A01868A7E640F254539A420CD88E
:1096C0004FEA9C4202F17D037C32DB00D6E64FF488
:1096D0007E737F204FF07E0E96E54FF47E737E22E0
:1096E000CCE6736866E7E80805F1080356E500BFB5
:1096F000FC1C0020014800F06FB800BFF81C0020DF
:10970000014800F06BB800BFF81C0020830730B59B
:1097100046D08418844604E003F8011B9D0704D05A
:109720009C46A4456346F7D130BD013A0244A2EB02
:109730000C02032A29D9CCB20F2A04EB042404EB2F
:1097400004442FD9A2F1100C03F110052CF00F0CDA
:10975000AC44C3E90044C3E9024410336345F8D183
:1097600012F00C0F02F00F0E18D02EF0030CAEF119
:1097700004051A469C4442F8044B6245FBD125F08F
:10978000030404330EF003022344002ACCD0C9B2F0
:109790001A4403F8011B9342FBD130BD7246F4E733
:1097A0000346C6E79646E0E738B50022064D044674
:1097B00008462A60FAF710FA431C00D038BD2B681F
:1097C000002BFBD0236038BD8C240020014B18688F
:1097D000704700BFD0190020704700BF704700BF1E
:1097E000082802D14FF48050704708B5FFF7EEFF0C
:1097F000162203464FF0FF301A6008BD844641EA46
:10980000000313F0030349D1403A23D30B680360EC
:109810004B6843608B688360CB68C3600B690361EE
:109820004B6943618B698361CB69C3610B6A0362D6
:109830004B6A43628B6A8362CB6AC3620B6B0363BE
:109840004B6B43638B6B8363CB6BC36340304031A3
:10985000403ADBD230320BD30B6803604B68436075
:109860008B688360CB68C36010301031103AF3D23C
:109870000C3205D351F8043B40F8043B043AF9D2CA
:10988000043208D0D2071CBF11F8013B00F8013B9D
:1098900001D30B8803806046704700BF082A13D3AA
:1098A0008B07B1D010F00303AED0C3F10403D21A7A
:1098B000DB071CBF11F8013B00F8013BA4D331F8D2
:1098C000023B20F8023B9FE7043AD9D3013A11F852
:1098D000013B00F8013BF9D20B7803704B784370E1
:1098E0008B7883706046704720F0030110F003000E
:1098F000C0F1000051F8043B00F1040C4FEACC0C1D
:109900006FF000021CBF22FA0CF213434FF0010C5F
:109910004CEA0C2C4CEA0C4CA3EB0C0222EA03029E
:1099200012EACC1204BF51F8043B0430F4D0C2F167
:10993000000102EA0102B2FA82F2C2F11F0200EB58
:10994000D20070472DE9F8430646DFF8AC800820C6
:109950008946FFF745FF05463046FFF7CBFED8F8AE
:1099600008305F6827F00307A7F11104A4EB09048E
:109970002C44B4FBF5F4013C05FB04F4A54208DCDF
:1099800000213046FFF710FFD8F808303B449842DA
:1099900005D03046FFF7B4FE0020BDE8F8836142F1
:1099A0003046FFF701FF01300FD03F1B104AD8F8B7
:1099B0000830304647F001075F6013681B1B1360D7
:1099C000FFF79EFE0120BDE8F88300213046FFF737
:1099D000EBFED8F80820831A0F2BDADD43F00103E1
:1099E00003495360034B1B68C01A0860D1E700BFEE
:1099F000FC1C0020BC150020C815002000295AD0EE
:109A0000F8B50C460746FFF775FE734D54F804CCC5
:109A1000A4F10802A8682CF001030CF0010ED11883
:109A20004E68884226F003067CD088194E60406854
:109A300000F00100BEF1000F2ED154F8084C05F1E2
:109A4000080C121B23449468644560D0D2F80CE0E3
:109A5000C4F80CE0CEF8084000287DD043F00100A7
:109A600050600B60B3F5007F2ED25809D90801234E
:109A7000834068680131034355F831006B6005EBA2
:109A8000C103083BC2E9020345F83120C2603846F1
:109A9000BDE8F840FFF734BE70B9334405F1080C57
:109AA000886843F0010460456ED0C968C160886071
:109AB0005460D350D6E770474CF00101B3F5007FF6
:109AC00044F8041CD350D0D3B3F5206F4FEA532190
:109AD00044D2990901F1390001F13804C100681834
:109AE00069580838884203D155E08968884204D013
:109AF0004C6824F003049C42F7D8C868C2E90210FD
:109B000082603846CA60BDE8F840FFF7F9BD80BB07
:109B10001E44D1E90213CB60996046F00103536003
:109B20009651B4E71E44BEF1000F07D154F8083C2B
:109B3000D21A1E44D2E90213CB60996046F00103A9
:109B40005360264BAA601B68B342A0D8244B38460A
:109B50001968FFF7F7FE9AE73344A1E714290DD9F6
:109B600054291FD8190B01F16F0001F16E04C100D7
:109B7000B5E743F0010050600B6088E701F15C003D
:109B800001F15B04C100AAE7C5E90422C2E902CCE5
:109B90005460D3507BE7A4100123A3406C68234397
:109BA0006B60ABE7B1F5AA7F06D8D90B01F178005D
:109BB00001F17704C10092E740F25450814206D887
:109BC000990C01F17D0001F17C04C10087E74FF49D
:109BD0007E717E2483E700BFC8150020C0150020D9
:109BE0002C1D0020F8B500BF5FF800F0A90200208E
:109BF0005FF800F0350200205FF800F00D0B002048
:109C00005FF800F0950A00205FF800F0991000203E
:109C10005FF800F0491100205FF800F06D020020AD
:109C20005FF800F06D0A00205FF800F0C90A00201C
:109C30005FF800F0CD0100205FF800F01101002076
:109C400071200010E51F001019200010BD20001029
:109C500051200010691F001099200010551F00109E
:109C60008D1100109D20001051150010B51F00101F
:109C70008520001035200010690D0010910D001096
:0C9C80001902001085450010258A001014
:109C9000543A256C75636D20000000004D3A252E66
:109CA0003266636D207C206D3A252E3266000000FE
:109CB0004843535230343A20252E326620636D00DB
:109CC000416E74656465206465206C6120636F6C0F
:109CD0006120436F6E7461646F723D2025640A00D9
:109CE00044657370756573206465206C6120636FD3
:109CF0006C6120436F6E7461646F723D2025640A4D
:109D00000000000046756572612064656C206D7509
:109D10007465780044656E74726F2064656C206DA4
:109D20007574657800000000486F72613A20253034
:109D300032643A253032643A25303264202D204690
:109D4000656368613A20253032642F253032642FF4
:109D50003230253032640A004572726F72206C65B1
:109D600079656E646F20656C2052544300000000DA
:109D700046696E2064652070727565626120646555
:109D800020656C65766163696F6E20636F6E20334A
:109D900035303000416C747572613A252E32662C74
:109DA0004D6178696D6F3A34352C4D696E696D6F10
:109DB0003A302C534554504F494E543A256C750A4D
:109DC0000000000055544E2D465241207C20544442
:109DD00033207C20473A3900546172656120656CFC
:109DE000696D69616E64610046454348413A2530BA
:109DF00032642F253032642F3230253032642C20EB
:109E0000484F52413A253032643A253032643A257F
:109E10003032642C20416C747572612073657465F6
:109E20006164613A256C752C20416C7475726120F7
:109E30006D6178696D613A252E32662C20416C7413
:109E4000757261206D696E696D613A252E32660A00
:109E500000000000496E69740000000053657450F2
:109E60006F696E7400000000677561726469616EED
:109E700061534400677561726469616E614C43446B
:109E8000000000006465626F756E63655F626F74E9
:109E90006F6E0000677561726469616E614C454464
:109EA00053000000726567736974726F5F66656363
:109EB00068610000636F6E74726F6C5F706964003C
:109EC0000A2A2A2A2050414E4943202A2A2A0A00D7
:109ED0000A0000004E6F207370696E6C6F636B73C5
:109EE0002061726520617661696C61626C65000059
:109EF0004E6F2075736572204952517320617265EF
:109F000020617661696C61626C6500004861726411
:109F10007761726520616C61726D20256420616CCF
:109F2000726561647920636C61696D65640000002D
:109F30004861726420617373657274004F75742098
:109F40006F66206D656D6F727900000052656C65FB
:109F500061736500626F6F74325F773235713038CC
:109F600030000000302E3100322E312E3100000042
:109F70007069636F320000006669726D77617265A7
:109F8000000000004175672031302032303235004A
:109F9000666E692B00000000666E69006E616E00DF
:109FA000666E692D00000000555342207374646989
:109FB0006E202F207374646F75740000526173708B
:109FC0006265727279205069000000005069636F09
:109FD00000000000426F61726420434443000000AF
:109FE0005265736574000000556E68616E646C653F
:109FF000642049525120307825780A006570202568
:10A000003032582077617320616C72656164792009
:10A01000617661696C61626C6500000043616E2766
:10A020007420636F6E74696E756520786665722042
:10A030006F6E20696E616374697665206570202596
:10A0400030325800546D725100000000546D72207F
:10A050005376630006005250D3F075424C9F0010B7
:10A0600006005250E182887F549F00100600525033
:10A070003ABCA911649F001006005250ABB3605364
:10A08000689F001006005250BBFF3CB6709F001046
:10A0900006005250861C0302789F001006005250A2
:10A0A0005422A29D849F001005005250DE65F46882
:10A0B00028BD001000000000000000000000F03F7C
:10A0C0000000000000002440000000000000594093
:10A0D0000000000000408F40000000000088C340E6
:10A0E00000000000006AF8400000000080842E415B
:10A0F00000000000D01263410000000084D79741A7
:10A100000000000065CDCD410D0A000000000000F8
:10A110000140001000000000054000101140001038
:10A120003D40001039400010000000000A0000000F
:10A1300000000306A6000800020002009C001400B4
:10A14000030057494E555342000000000000000034
:10A150000000800004000100280044006500760033
:10A1600069006300650049006E00740065007200BC
:10A170006600610063006500470055004900440027
:10A1800000004E007B00620063003700330039009E
:10A190003800630031002D00370033006300640095
:10A1A0002D0034006300620037002D0039003800B4
:10A1B000620038002D0039003100330061003800A2
:10A1C00066006300610037006200660036007D00B3
:10A1D00000000000050F2100011C100500DF60DDFC
:10A1E000D88945C74C9CD2659D9E648A9F00000318
:10A1F00006A60001000000000600525053B4F4A16E
:10A20000A89F001000000000BC9F0010CC9F001011
:10A21000BC290020D49F0010E09F001009025400C8
:10A22000030100807D080B00020202000009040007
:10A2300000010202000405240020010524010001A0
:10A240000424020605240600010705810308001006
:10A2500009040100020A0000000705020240000094
:10A26000070582024000000904020000FF0001050A
:10A2700012011002EF0201408A2E090000010102C2
:10A28000030100000000000039590010A959001016
:10A29000D9590010255A0010E55A0010A55B00108E
:10A2A00000000000000000009D5C0010F95C001040
:10A2B000155D0010395D0010954000102D5E0010F6
:10A2C0000000000005000000000000004000000049
:08A2D00014000000540000001E
:08A2D80024F5FF7F01000000E6
:10A2E00054A0001060A000106CA0001078A0001016
:10A2F00084A0001090A000109CA00010A8A0001046
:04A30000F8A10010B0
:10A30400034600B50268EFF3108C72B6D2E8CFEFC3
:10A314000120BEF1000FF9D1C2E84E0FBEF1000FCB
:10A32400F4D1BFF35F8F93F90420002A0ADB01B153
:10A334000A60002000221B68C3E88F2F8CF310886A
:10A344005DF804FB4FF05042126801201A71F1E7E6
:10A354004FF050412DE9F0410027044616461D46B2
:10A36400D1F8008008E0C1E88F7F8CF31088304674
:10A37400294601F0A1F9E8B92168EFF3108C72B60F
:10A38400D1E8CF2F0123002AFAD1C1E8423F002AA5
:10A39400F6D1BFF35F8F94F904302168002BE2DA21
:10A3A400002384F80480C1E88F3F8CF310880120D7
:10A3B400BDE8F0810020BDE8F08100BF30B504683D
:10A3C400EFF3108C72B6D4E8CFEF0125BEF1000F85
:10A3D400F9D1C4E84E5FBEF1000FF4D1BFF35F8F33
:10A3E40090F904400568002C10DB0021C5E88F1F9C
:10A3F4008CF310884FF0504595F90050A54201D1D7
:10A40400084630BDBDE83040FFF7A2BF4FF05042D0
:10A41400126800230271C5E88F3F8CF31088012075
:10A4240030BD00BF70B505460C4601F055F9024633
:10A434000B464FF47A704FF0FF3E6FF0004CE4FB94
:10A44400002396457CEB030138BF72462846BDE8DD
:10A45400704038BF6346FFF77BBF00BF0368EFF36C
:10A46400108272B6D3E8CFCF0121BCF1000FF9D12D
:10A47400C3E84C1FBCF1000FF4D1BFF35F8F4FF062
:10A48400FF0C0023016880F804C0C1E88F3F82F309
:10A49400108840BF704700BF002108B5134B4FF42C
:10A4A400707299601248D960196159619961D961D2
:10A4B400196259629962D962196359639963D963BC
:10A4C400196459649964D964196559659965D9659C
:10A4D400196659669966D966196759679967D9677C
:10A4E40001F0EEF8034B044A1A6008BD0000105056
:10A4F400D8240020A4280020800110502DE9F04F1A
:10A504001F4B85B0D3F858A0BAF1000F22D0002415
:10A5140001254FF4E069DFF870801A4F01E0202C28
:10A5240018D00AEA0502611C2346AB46CCB26D0082
:10A53400002AF4D004F0010203F0FE06164407EBEF
:10A5440046163046C8F858B000F00AFC28B93AEA72
:10A554000B0AE4D105B0BDE8F08F00238DF8093073
:10A56400B37801A88DF80830F38A0121ADF804907E
:10A57400039300F013FC304600F098FBE7E700BFBC
:10A58400000011509824002000301150F0B5BB4B4E
:10A5940085B0D3F8985015F4003674D0B84BB94C44
:10A5A400996A94F83B30B84A022B116000F0D480C9
:10A5B400002694F87B30022B00F03B8194F8BB30EA
:10A5C400022B00F07D8194F8FB30022B00F06C81AB
:10A5D40094F83B31022B00F0448194F87B31022B38
:10A5E40000F0338194F8BB31022B00F0B68194F86B
:10A5F400FB31022B00F0A68194F83B32022B00F0D1
:10A60400968194F87B32022B00F0868194F8BB3259
:10A61400022B00F0768194F8FB32022B00F0668165
:10A6240094F83B33022B00F0568194F87B33022BD1
:10A6340000F0A48094F8BB33022B00F0998194F8C5
:10A64400FB33022B00F0B4803EB9904B1B7823B946
:10A654004FF400328E4BC3F890204FF44072874B76
:10A6640001219B6C01A8C3F30A03ADF804200293F3
:10A6740000F094FBEA064FF40036864C07D5FFF74A
:10A684003DFF264603E0EA064FF01004F7D4EB033F
:10A6940022D57C4C46F48036A37E002B40F0998072
:10A6A400012394F83A20E370002A40F0AD8001239E
:10A6B4004FF4C061784A84F82330ADF8041092E86E
:10A6C400030004AA02E90300194601A800F066FB8E
:10A6D4004FF400326E4B1A65E90408D46A041DD4A1
:10A6E4002B042AD4AE4240F0C58105B0F0BD00244D
:10A6F400624B46F480561C60FFF7CEFE4FF4807325
:10A70400012101A8ADF804308DF8084000F046FBA3
:10A714004FF400225E4B1A656A04E1D54FF480635E
:10A72400012101A8ADF8043000F038FB1022584B89
:10A7340046F480461A652B04D4D54FF4A063012156
:10A7440001A8ADF8043000F029FB4FF40062504B2F
:10A7540046F400461A65C5E794F83A60002E3FF4C3
:10A7640028AF94F83C30002B3FF423AF002304F1CE
:10A77400200084F83C3000F0C1FA1AE794F87A73A8
:10A78400002F3FF457AF94F87C33002B40F06481E2
:10A7940094F8BB33022B40F0F48094F8BA33002BC6
:10A7A40040F0EB8094F8FB33022B7FF456AF3E4627
:10A7B40094F8FA33002B3FF447AF94F8FC33002BA2
:10A7C4003FF44BAF0023354884F8FC3300F096FA8D
:10A7D40043E70221324B294A1966536E9F07FCD581
:10A7E4004FF440520021274800F066FA254800F053
:10A7F4005DFA0222264B5A661A66012394F83A201F
:10A80400E370002A3FF453AF254A1366A2F50052C1
:10A81400536ED807FCD54FF440520021214800F074
:10A824004BFA204800F042FA0122194B5A661A6684
:10A834003DE794F87A70002F3FF4C0AE94F87C3072
:10A84400002B40F001813E46B8E694F87A71002F5F
:10A854003FF4C8AE94F87C31002B40F0ED803E46C6
:10A86400C0E694F83A71002F3FF4B7AE94F83C3147
:10A87400002B40F0D9803E46AFE600BF00001150E7
:10A8840000000B4098240020882400209D2A0020EA
:10A8940000301150100002000000105078280020F1
:10A8A40000201150B824002094F8FA70002F3FF4CF
:10A8B4008FAE94F8FC30002B40F08E803E4687E645
:10A8C40094F8BA70002F3FF47EAE94F8BC30002B9D
:10A8D4007AD13E4677E694F83A73002F3FF4A5AE5A
:10A8E40094F83C33002B57D13E469EE694F8FA7216
:10A8F400002F3FF495AE94F8FC32002B5CD13E4619
:10A904008EE694F8BA72002F3FF485AE94F8BC3208
:10A91400002B49D13E467EE694F87A72002F3FF42C
:10A9240075AE94F87C32002B76D13E466EE694F8F0
:10A934003A72002F3FF465AE94F83C32002B63D199
:10A944003E465EE694F8FA71002F3FF455AE94F853
:10A95400FC31002B50D13E464EE694F8BA71002FDC
:10A964003FF445AE94F8BC31002B3DD13E463EE663
:10A9740094F8BA33002B3FF462AE94F8BC33002B46
:10A9840071D194F8FB33022B7FF467AE94F8FA3359
:10A99400002B3FF462AE10E70023394884F83C33BF
:10A9A4003E4600F0ABF940E60023364884F8BC325A
:10A9B4003E4600F0A3F92EE60023334884F8FC3227
:10A9C4003E4600F09BF92BE60023304884F8BC3067
:10A9D4003E4600F093F9F6E500232D4884F8FC3058
:10A9E4003E4600F08BF9F3E500232A4884F8BC3195
:10A9F4003E4600F083F9FAE50023274884F8FC3149
:10AA04003E4600F07BF9F7E50023244884F83C3205
:10AA14003E4600F073F9F4E50023214884F87C32C3
:10AA24003E4600F06BF9F1E500231E4884F83C3102
:10AA34003E4600F063F9D0E500231B4884F87C31DE
:10AA44003E4600F05BF9CDE50023184884F87C30DD
:10AA54003E4600F053F9B1E50023154884F87C33F1
:10AA640000F04CF994E60023124884F8BC3300F05B
:10AA740045F986E7104886EA050100F025FE00BF87
:10AA8400B827002038270020782700203825002008
:10AA9400782500203826002078260020B8260020BB
:10AAA400F8260020B8250020F8250020F8240020EE
:10AAB400F827002038280020E89F00102DE9F047EF
:10AAC400848A058BC278A54228BF2546171E18BF65
:10AAD4000127641B467882F00102A4B20346C270C7
:10AAE400848245F4806040EA4730A6BBD3E903265C
:10AAF4006F1E02EB811E55B3052F98BF721C31D90E
:10AB040002EB811C721CACEB0204022C2AD93246E3
:10AB14004FEA95094FEA890A06EB890852F8044B73
:10AB240042454CF8044BF9D15545A7EB0A070EEB07
:10AB34000A040AD016F829600EF829602FB1567855
:10AB4400012F667001D09278A2701E699C8A2E44EF
:10AB54001E6140F400400CB940F4804001B100048F
:10AB6400BDE8F0870EF1FF3E2E4400E0013212F8FA
:10AB7400014CB2420EF8014FF8D1E6E78368024671
:10AB8400186801B1000C5378C0F30900002B3CD0C5
:10AB94002DE9F041D2E90334461E03EB811E40B394
:10ABA400052E3BD989014D1C1D44651B022D35D949
:10ABB4007346214600F47F774FEA9008FD1853F856
:10ABC40004CBAB4241F804CBF9D1B842A6EB07065B
:10ABD40004EB07030EEB07010AD01EF8285004F813
:10ABE40028502EB14C78012E5C7001D08978997070
:10ABF4001469D38A04440344D382138B14618342BB
:10AC040084BF00239382BDE8F081D38A0344D382B6
:10AC1400138B834284BF002393827047013C0EEB65
:10AC240000011EF8013B714504F8013FF9D1DFE74B
:10AC340010B50446836800211B68FFF79FFF636813
:10AC44001B685B0002D5238B834200D010BD2046D5
:10AC5400BDE810400121FFF791BF00BF084B1B6CFA
:10AC640013F0020302D18278D20901D10020704787
:10AC7400C07EA0F10200B0FA80F04009704700BF26
:10AC84000000115008B5FFF7E9FF50B1054A064B23
:10AC9400906A1B68A0F54870C01AC6288CBF0020B3
:10ACA400012008BD00000B40882400200023C0E9D7
:10ACB40004338376704700BF10B5836809B11C68FC
:10ACC400214082B1114352050DD51A6854050CD4A4
:10ACD400084A21F480641C60126C920703D40C238C
:10ACE400033BFDD28368196010BD8178024800F0EF
:10ACF400EBFC00BF00001150FC9F001030B543680E
:10AD0400002183B004461D68FFF7D8FE134B40F4BE
:10AD14008052196CA37889070ED55B060ED025F0F6
:10AD2400A04545F000550021204663681D6003B02E
:10AD3400BDE83040FFF7C0BFDB09F0D0A38A002B89
:10AD4400EDD0012120460192FFF7B8FE019A25F0CB
:10AD54000055024345F0A045E5E700BF000011504F
:10AD640038B5857E044695B1FFF762FFA38A0BB917
:10AD7400284638BD2046FFF785FF20B101232377FD
:10AD84000025284638BD2046FFF7B8FFF8E781784C
:10AD9400014800F099FC00BF1CA000102DE9F0430D
:10ADA40043788146023B0D4685B0042B13D8DFE877
:10ADB40003F0034A6A73440000217B4B1A7822F0A3
:10ADC40001021A701A7822F002021A7059701A7865
:10ADD40061F382021A70754B1C686369EFF3108289
:10ADE40072B6D3E8CF0F01210028FAD1C3E8401F7F
:10ADF4000028F6D1BFF35F8FA2614946204600F0D8
:10AE04006FFC00236269C2E88F3FA36983F3108853
:10AE140048B94FF0E023D3F8F03DDB070AD500BE74
:10AE240005B0BDE8F0832A4699F8011099F80000AE
:10AE340000F04EFC05B0BDE8F0835D4A13780133A1
:10AE4400DBB21370C7E700245A4E23463178DFF88B
:10AE54006C81594F11E03B6813EB441307D0DB6955
:10AE64002BB1D9F8041099F80000984731780134CF
:10AE7400E4B24A1CA242234617DBA142EBD85B1A78
:10AE840008EB4313EBE7484B1A78D607D2D51A7868
:10AE940042F004021A709EE7434B1A78D407C9D5CE
:10AEA4001A7822F004021A7095E73F4C2378580769
:10AEB4003AD4E378DA07BDD5032300263B4A99F850
:10AEC40000101468D9F804208DF804108DF80530AA
:10AED4006369CDF80660CDF80A60ADF80E600292A1
:10AEE400EFF3108272B6D3E8CF0F01210028FAD114
:10AEF400C3E8401F0028F6D1BFF35F8F2046A2614C
:10AF040001A900F0EDFB6369C3E88F6FA36983F3C4
:10AF1400108800283FF47DAF2A469DF805109DF85F
:10AF2400040000F0D5FB85E72378002723F0040311
:10AF3400237005231D4A8DF80530166899F8002002
:10AF4400ADF80E708DF804207369CDF80670CDF855
:10AF54000A70EFF3108272B6D3E8CF0F01210028F4
:10AF6400FAD1C3E8401F0028F6D1BFF35F8F304603
:10AF7400B26101A900F0B4FB7369C3E88F7FB369C0
:10AF840083F3108838B94FF0E023D3F8F03DD907A4
:10AF94008FD500BE8DE72A469DF805109DF8040064
:10AFA40000F096FB85E700BF3820002090200020A9
:10AFB4009E2A00209C2A0020681E002084A20010E3
:10AFC40081F0004102E000BF83F0004330B54FEA56
:10AFD40041044FEA430594EA050F08BF90EA020FC3
:10AFE4001FBF54EA000C55EA020C7FEA645C7FEA56
:10AFF400655C00F0E2804FEA5454D4EB5555B8BF79
:10B004006D420CDD2C4480EA020281EA030382EAE9
:10B01400000083EA010180EA020281EA0303362D7B
:10B0240088BF30BD11F0004F4FEA01314FF4801C4E
:10B034004CEA113102D0404261EB410113F0004F60
:10B044004FEA03334CEA133302D0524263EB430317
:10B0540094EA050F00F0A780A4F10104D5F1200EB5
:10B064000DDB02FA0EFC22FA05F2801841F1000110
:10B0740003FA0EF2801843FA05F359410EE0A5F1E4
:10B0840020050EF1200E012A03FA0EFC28BF4CF015
:10B09400020C43FA05F3C01851EBE37101F00045CB
:10B0A40007D54FF0000EDCF1000C7EEB00006EEBD8
:10B0B4000101B1F5801F1BD3B1F5001F0CD3490862
:10B0C4005FEA30004FEA3C0C04F101044FEA4452B9
:10B0D40012F5800F80F09A80BCF1004F08BF5FEA40
:10B0E400500C50F1000041EB045141EA050130BD20
:10B0F4005FEA4C0C404141EB0101013C28BFB1F532
:10B10400801FE9D291F0000F04BF01460020B1FA7C
:10B1140081F308BF2033A3F10B03B3F120020CDA4F
:10B124000C3208DD02F1140CC2F10C0201FA0CF02D
:10B1340021FA02F10CE002F11402D8BFC2F1200C92
:10B1440001FA02F120FA0CFCDCBF41EA0C01904048
:10B15400E41AA2BF01EB0451294330BD6FEA040491
:10B164001F3C1CDA0C340EDC04F11404C4F120027C
:10B1740020FA04F001FA02F340EA030021FA04F38E
:10B1840045EA030130BDC4F10C04C4F1200220FAE5
:10B1940002F001FA04F340EA0300294630BD21FA23
:10B1A40004F0294630BD94F0000F83F4801306BFE9
:10B1B40081F480110134013D4EE77FEA645C18BFDD
:10B1C4007FEA655C29D094EA050F08BF90EA020F74
:10B1D40005D054EA000C04BF1946104630BD91EA6C
:10B1E400030F1EBF0021002030BD5FEA545C05D16F
:10B1F4004000494128BF41F0004130BD14F58004AE
:10B204003CBF01F5801130BD01F0004545F0FE4121
:10B2140041F470014FF0000030BD7FEA645C1ABF56
:10B22400194610467FEA655C1CBF0B46024650EA8D
:10B23400013406BF52EA033591EA030F41F40021B9
:10B2440030BD00BF90F0000F04BF0021704730B53F
:10B254004FF4806404F132044FF000054FF0000114
:10B2640050E700BF90F0000F04BF0021704730B5D5
:10B274004FF4806404F1320410F0004548BF4042AA
:10B284004FF000013EE700BF42004FEAE2014FEAFF
:10B2940031014FEA02701FBF12F07F4393F07F4FDA
:10B2A40081F06051704732F07F4208BF704793F0DD
:10B2B4007F4F04BF41F40021704730B54FF46074F0
:10B2C40001F0004521F000411CE700BF50EA0102F3
:10B2D40008BF704730B54FF000050AE050EA01029C
:10B2E40008BF704730B511F0004502D5404261EB0C
:10B2F40041014FF4806404F132045FEA915C3FF44D
:10B30400D8AE4FF003025FEADC0C18BF03325FEAE9
:10B31400DC0C18BF033202EBDC02C2F1200300FA9A
:10B3240003FC20FA02F001FA03FE40EA0E0021FABF
:10B3340002F11444BDE600BF53B94AB9002908BF5D
:10B3440000281CBF4FF0FF314FF0FF3000F0B2B9BE
:10B35400ADF1080C6DE904CE00F006F8DDF804E068
:10B36400DDE9022304B070472DE9F04F8C46099EB5
:10B3740004460F46002B48D18A4215465ED9B2FADC
:10B3840082F33BB1C3F120029F409D409C4020FAD0
:10B3940002F217434FEA154E1FFA85FC220CB7FB45
:10B3A400FEF10EFB117701FB0CF042EA07429042DA
:10B3B40007D9AA1801F1FF3702D2904200F258814E
:10B3C4003946121AA4B2B2FBFEF00EFB102200FBA7
:10B3D4000CFC44EA0244A4450BD92C1900F1FF32B9
:10B3E4002CBF01270027A44502D9002F00F0438178
:10B3F400104640EA0140A4EB0C0400211EB1DC40DD
:10B404000023C6E90043BDE8F08F8B4206D90EB194
:10B41400C6E9000100210846BDE8F08FB3FA83F1C4
:10B42400002951D16345C0F01681824240F2138154
:10B434000846002EE7D0C6E90047E4E7002A00F0FA
:10B44400AF80B2FA82F3002B40F0C2808A1A4FEA2E
:10B45400154EAFB20121200CB2FBFEFC0EFB1C22E8
:10B4640040EA024207FB0CF090420ED9AA180CF1F4
:10B47400FF382CBF4FF001094FF00009904203D967
:10B48400B9F1000F00F0F080C446121AA4B2B2FB66
:10B49400FEF00EFB102200FB07F744EA0244A74229
:10B4A4000ED92C1900F1FF322CBF4FF0010E4FF0D2
:10B4B400000EA74203D9BEF1000F00F0D28010465F
:10B4C400E41B40EA0C4099E7C1F120058B400CFADB
:10B4D40001F400FA01F922FA05F72CFA05FC8A4076
:10B4E4001F4320FA05F3380C23431FFA87FE1C0C74
:10B4F400BCFBF0F800FB18CC44EA0C4408FB0EFC3F
:10B50400A4450ED93C1908F1FF3A2CBF4FF0010BAA
:10B514004FF0000BA44503D9BBF1000F00F0B88035
:10B52400D046A4EB0C041FFA83FCB4FBF0F300FB3D
:10B53400134403FB0EFE4CEA0444A6450ED93C1901
:10B5440003F1FF302CBF4FF0010C4FF0000CA64567
:10B5540003D9BCF1000F00F09F80034643EA084082
:10B56400A4EB0E04A0FB02EC64457346E04602D350
:10B5740007D1F14505D2BEEB02036CEB070C013891
:10B58400E0465EB1B9EB030264EB080404FA05F586
:10B5940022FA01F3CC401D43C6E90054002132E7EE
:10B5A40042082F464B08AC4642EAC172AE46C40775
:10B5B400110C92B241EA034142EA0142B1FBF5F1B6
:10B5C400B3FBF5F01F23A2EB0C0241EA004142E772
:10B5D4009D40C3F1200299409C402CFA02FC4FEAA2
:10B5E400154E20FA02F2AFB2BCFBFEF80A430EFB82
:10B5F40018CC110C41EA0C4108FB07FC8C4550D9CE
:10B60400691808F1FF302CBF4FF001094FF0000911
:10B614008C4502D9B9F1000F30D0A1EB0C01B1FB7C
:10B62400FEF808FB07FC0EFB181192B242EA014235
:10B63400624534D2AA1808F1FF312CBF4FF001093A
:10B644004FF000096245BED2B9F1000FBBD1A8F199
:10B6540002012A44B7E7841A6CEB0302012017465F
:10B66400E7E62C4402382BE7ACF1020C2A440CE741
:10B6740002392A44A5E62C440238BAE6A5EB0C0CA0
:10B68400A8F102006144B1FBFEF808FB07FCCAE71D
:10B69400A8F102083C4444E7023B3C445EE74146CF
:10B6A40091E7A1EB0C014046B1FBFEF808FB07FC57
:10B6B400B9E700BF704700BF5FF800F0351A00100B
:10B6C4005FF800F00D9700105FF800F0290C0010EF
:10B6D4005FF800F0A54A00105FF800F03D1B001071
:10B6E4005FF800F07D640010C40900000B00000046
:10B6F40000000000000000008713000001000000AB
:10B704001000000000000000000001000000000024
:10B714000000000000000200000000000000000023
:10B724000000030000000000000000000000FF0013
:10B734000000000001B5486801318E46004770469C
:10B7440009380149884701BD9D1000100000000020
:10B7540000000000000000000000000000000000E5
:10B76400201B002051420010FD41001075410010C3
:10B77400E5400010000000000001000094200020BB
:10B7840010000C0000000000000000000000000099
:10B794000000000000000000FF000000000009405D
:10B7A40000000000FF000000AAAAAAAAFFFFFFFFF2
:10B7B4000000020000000000000000000000000083
:10B7C400C8150020C8150020D0150020D015002071
:10B7D400D8150020D8150020E0150020E015002021
:10B7E400E8150020E8150020F0150020F0150020D1
:10B7F400F8150020F815002000160020001600207F
:10B80400081600200816002010160020101600202C
:10B8140018160020181600202016002020160020DC
:10B82400281600202816002030160020301600208C
:10B83400381600203816002040160020401600203C
:10B8440048160020481600205016002050160020EC
:10B85400581600205816002060160020601600209C
:10B86400681600206816002070160020701600204C
:10B8740078160020781600208016002080160020FC
:10B8840088160020881600209016002090160020AC
:10B894009816002098160020A0160020A01600205C
:10B8A400A8160020A8160020B0160020B01600200C
:10B8B400B8160020B8160020C0160020C0160020BC
:10B8C400C8160020C8160020D0160020D01600206C
:10B8D400D8160020D8160020E0160020E01600201C
:10B8E400E8160020E8160020F0160020F0160020CC
:10B8F400F8160020F816002000170020001700207A
:10B904000817002008170020101700201017002027
:10B9140018170020181700202017002020170020D7
:10B924002817002028170020301700203017002087
:10B934003817002038170020401700204017002037
:10B9440048170020481700205017002050170020E7
:10B954005817002058170020601700206017002097
:10B964006817002068170020701700207017002047
:10B9740078170020781700208017002080170020F7
:10B9840088170020881700209017002090170020A7
:10B994009817002098170020A0170020A017002057
:10B9A400A8170020A8170020B0170020B017002007
:10B9B400B8170020B8170020C0170020C0170020B7
:10B9C400C8170020C8170020D0170020D017002067
:10B9D400D8170020D8170020E0170020E017002017
:10B9E400E8170020E8170020F0170020F0170020C7
:10B9F400F8170020F8170020001800200018002075
:10BA04000818002008180020101800201018002022
:10BA140018180020181800202018002020180020D2
:10BA24002818002028180020301800203018002082
:10BA34003818002038180020401800204018002032
:10BA440048180020481800205018002050180020E2
:10BA54005818002058180020601800206018002092
:10BA64006818002068180020701800207018002042
:10BA740078180020781800208018002080180020F2
:10BA840088180020881800209018002090180020A2
:10BA94009818002098180020A0180020A018002052
:10BAA400A8180020A8180020B0180020B018002002
:10BAB400B8180020B8180020C0180020C0180020B2
:10BAC400C8180020C8180020D0180020D018002062
:10BAD400D8180020D8180020E0180020E018002012
:10BAE400E8180020E8180020F0180020F0180020C2
:10BAF400F8180020F8180020001900200019002070
:10BB0400081900200819002010190020101900201D
:10BB140018190020181900202019002020190020CD
:10BB2400281900202819002030190020301900207D
:10BB3400381900203819002040190020401900202D
:10BB440048190020481900205019002050190020DD
:10BB5400581900205819002060190020601900208D
:10BB6400681900206819002070190020701900203D
:10BB740078190020781900208019002080190020ED
:10BB8400881900208819002090190020901900209D
:10BB94009819002098190020A0190020A01900204D
:10BBA400A8190020A8190020B0190020B0190020FD
:10BBB400B8190020B8190020C0190020C0190020AD
:10BBC400D81900200000000000000000301D0020F3
:10BBD400981D0020001E002000000000000000004E
:10BBE4000000000000000000000000000000000051
:10BBF4000000000000000000000000000000000041
:10BC04000000000000000000000000000000000030
:10BC14000000000000000000000000000000000020
:10BC24000000000000000000000000000000000010
:10BC34000000000000000000000000000000000000
:10BC440000000000000000000000000000000000F0
:10BC540000000000000000000000000000000000E0
:10BC640001000000000000000E33CDAB34126DE67D
:10BC7400ECDE05000B0000000000000000000000E6
:10BC840000000000000000000000000000000000B0
:10BC940000000000000000000000000000000000A0
:10BCA4000000000000000000000000000000000090
:10BCB4000000000000000000000000000000000080
:10BCC4000000000000000000000000000000000070
:10BCD4000000000000000000000000000000000060
:10BCE4000000000000000000000000000000000050
:10BCF4000000000000000000000000000000000040
:10BD0400000000000000000000000000000000002F
:10BD1400D3DEFFFFFE010000FF0100002444FFFF0B
:04BD2400793512ABB0
:040000051000014D99
:00000001FF
