
C:/Users/nahue/Desktop/Accesos Directos/GitHUB/EGA/Software/EGA_TD3/Firmware/build/firmware.elf:     file format elf32-littlearm

Sections:
Idx Name          Size      VMA       LMA       File off  Algn
  0 .text         00009124  10000000  10000000  00001000  2**3
                  CONTENTS, ALLOC, LOAD, READONLY, CODE
  1 .rodata       00000680  10009128  10009128  0000a128  2**3
                  CONTENTS, ALLOC, LOAD, READONLY, DATA
  2 .ARM.exidx    00000008  100097a8  100097a8  0000a7a8  2**2
                  CONTENTS, ALLOC, LOAD, READONLY, DATA
  3 .binary_info  00000024  100097b0  100097b0  0000a7b0  2**2
                  CONTENTS, ALLOC, LOAD, READONLY, DATA
  4 .ram_vector_table 00000110  20000000  20000000  0000e000  2**2
                  ALLOC
  5 .uninitialized_data 00000000  20000110  20000110  0000d1f0  2**0
                  CONTENTS
  6 .data         00001a08  20000110  100097d4  0000b110  2**3
                  CONTENTS, ALLOC, LOAD, READONLY, CODE
  7 .tdata        00000000  20001b18  20001b18  0000d1f0  2**0
                  CONTENTS, ALLOC, LOAD, DATA, THREAD_LOCAL
  8 .tbss         00000000  20001b18  20001b18  00000000  2**0
                  ALLOC, THREAD_LOCAL
  9 .bss          00000f80  20001b18  1000b1dc  0000db18  2**3
                  ALLOC
 10 .heap         00000800  20002a98  20002a98  0000d1f0  2**2
                  CONTENTS, READONLY
 11 .scratch_x    00000000  20080000  20080000  0000d9f0  2**0
                  CONTENTS
 12 .scratch_y    00000000  20081000  20081000  0000d9f0  2**0
                  CONTENTS
 13 .stack_dummy  00000800  20081000  20081000  0000da00  2**5
                  CONTENTS, READONLY
 14 .flash_end    00000014  1000b1dc  1000b1dc  0000d1dc  2**2
                  CONTENTS, ALLOC, LOAD, READONLY, DATA
 15 .ARM.attributes 00000034  00000000  00000000  0000e200  2**0
                  CONTENTS, READONLY
 16 .comment      00000045  00000000  00000000  0000e234  2**0
                  CONTENTS, READONLY
 17 .debug_info   00045996  00000000  00000000  0000e279  2**0
                  CONTENTS, READONLY, DEBUGGING, OCTETS
 18 .debug_abbrev 0000bd23  00000000  00000000  00053c0f  2**0
                  CONTENTS, READONLY, DEBUGGING, OCTETS
 19 .debug_loclists 00021179  00000000  00000000  0005f932  2**0
                  CONTENTS, READONLY, DEBUGGING, OCTETS
 20 .debug_aranges 00001a28  00000000  00000000  00080ab0  2**3
                  CONTENTS, READONLY, DEBUGGING, OCTETS
 21 .debug_rnglists 00005a4b  00000000  00000000  000824d8  2**0
                  CONTENTS, READONLY, DEBUGGING, OCTETS
 22 .debug_line   0002e7b8  00000000  00000000  00087f23  2**0
                  CONTENTS, READONLY, DEBUGGING, OCTETS
 23 .debug_str    0000c5fd  00000000  00000000  000b66db  2**0
                  CONTENTS, READONLY, DEBUGGING, OCTETS
 24 .debug_frame  00004d20  00000000  00000000  000c2cd8  2**2
                  CONTENTS, READONLY, DEBUGGING, OCTETS
 25 .debug_line_str 000002b8  00000000  00000000  000c79f8  2**0
                  CONTENTS, READONLY, DEBUGGING, OCTETS

C:/Users/nahue/Desktop/Accesos Directos/GitHUB/EGA/Software/EGA_TD3/Firmware/build/firmware.elf:     file format elf32-littlearm


Disassembly of section .text:

10000000 <__VECTOR_TABLE>:
10000000:	20082000 	.word	0x20082000
10000004:	1000015d 	.word	0x1000015d
10000008:	10000113 	.word	0x10000113
1000000c:	10000115 	.word	0x10000115
10000010:	10000111 	.word	0x10000111
10000014:	10000111 	.word	0x10000111
10000018:	10000111 	.word	0x10000111
1000001c:	10000111 	.word	0x10000111
10000020:	10000111 	.word	0x10000111
10000024:	10000111 	.word	0x10000111
10000028:	10000111 	.word	0x10000111
1000002c:	100081e9 	.word	0x100081e9
10000030:	10000111 	.word	0x10000111
10000034:	10000111 	.word	0x10000111
10000038:	10008169 	.word	0x10008169
1000003c:	10007ec5 	.word	0x10007ec5
10000040:	1000011d 	.word	0x1000011d
10000044:	1000011d 	.word	0x1000011d
10000048:	1000011d 	.word	0x1000011d
1000004c:	1000011d 	.word	0x1000011d
10000050:	1000011d 	.word	0x1000011d
10000054:	1000011d 	.word	0x1000011d
10000058:	1000011d 	.word	0x1000011d
1000005c:	1000011d 	.word	0x1000011d
10000060:	1000011d 	.word	0x1000011d
10000064:	1000011d 	.word	0x1000011d
10000068:	1000011d 	.word	0x1000011d
1000006c:	1000011d 	.word	0x1000011d
10000070:	1000011d 	.word	0x1000011d
10000074:	1000011d 	.word	0x1000011d
10000078:	1000011d 	.word	0x1000011d
1000007c:	1000011d 	.word	0x1000011d
10000080:	1000011d 	.word	0x1000011d
10000084:	1000011d 	.word	0x1000011d
10000088:	1000011d 	.word	0x1000011d
1000008c:	1000011d 	.word	0x1000011d
10000090:	1000011d 	.word	0x1000011d
10000094:	1000011d 	.word	0x1000011d
10000098:	1000011d 	.word	0x1000011d
1000009c:	1000011d 	.word	0x1000011d
100000a0:	1000011d 	.word	0x1000011d
100000a4:	1000011d 	.word	0x1000011d
100000a8:	1000011d 	.word	0x1000011d
100000ac:	1000011d 	.word	0x1000011d
100000b0:	1000011d 	.word	0x1000011d
100000b4:	1000011d 	.word	0x1000011d
100000b8:	1000011d 	.word	0x1000011d
100000bc:	1000011d 	.word	0x1000011d
100000c0:	1000011d 	.word	0x1000011d
100000c4:	1000011d 	.word	0x1000011d
100000c8:	1000011d 	.word	0x1000011d
100000cc:	1000011d 	.word	0x1000011d
100000d0:	1000011d 	.word	0x1000011d
100000d4:	1000011d 	.word	0x1000011d
100000d8:	1000011d 	.word	0x1000011d
100000dc:	1000011d 	.word	0x1000011d
100000e0:	1000011d 	.word	0x1000011d
100000e4:	1000011d 	.word	0x1000011d
100000e8:	1000011d 	.word	0x1000011d
100000ec:	1000011d 	.word	0x1000011d
100000f0:	1000011d 	.word	0x1000011d
100000f4:	1000011d 	.word	0x1000011d
100000f8:	1000011d 	.word	0x1000011d
100000fc:	1000011d 	.word	0x1000011d
10000100:	1000011d 	.word	0x1000011d
10000104:	1000011d 	.word	0x1000011d
10000108:	1000011d 	.word	0x1000011d
1000010c:	1000011d 	.word	0x1000011d

10000110 <isr_invalid>:
10000110:	be00      	bkpt	0x0000

10000112 <isr_nmi>:
10000112:	be00      	bkpt	0x0000

10000114 <isr_hardfault>:
10000114:	be00      	bkpt	0x0000
10000116:	be00      	bkpt	0x0000
10000118:	be00      	bkpt	0x0000
1000011a:	be00      	bkpt	0x0000

1000011c <__unhandled_user_irq>:
1000011c:	f3ef 8005 	mrs	r0, IPSR
10000120:	3810      	subs	r0, #16

10000122 <unhandled_user_irq_num_in_r0>:
10000122:	be00      	bkpt	0x0000

10000124 <binary_info_header>:
10000124:	7188ebf2 	.word	0x7188ebf2
10000128:	100097b0 	.word	0x100097b0
1000012c:	100097d4 	.word	0x100097d4
10000130:	100001a8 	.word	0x100001a8
10000134:	e71aa390 	.word	0xe71aa390

10000138 <__binary_info_header_end>:
10000138:	ffffded3 	.word	0xffffded3
1000013c:	10210142 	.word	0x10210142
10000140:	000001ff 	.word	0x000001ff
10000144:	0000b0a4 	.word	0x0000b0a4
10000148:	ab123579 	.word	0xab123579

1000014c <_entry_point>:
1000014c:	f04f 0000 	mov.w	r0, #0

10000150 <_enter_vtable_in_r0>:
10000150:	4920      	ldr	r1, [pc, #128]	@ (100001d4 <data_cpy_table+0x2c>)
10000152:	6008      	str	r0, [r1, #0]
10000154:	c806      	ldmia	r0!, {r1, r2}
10000156:	f381 8808 	msr	MSP, r1
1000015a:	4710      	bx	r2

1000015c <_reset_handler>:
1000015c:	f04f 4050 	mov.w	r0, #3489660928	@ 0xd0000000
10000160:	6800      	ldr	r0, [r0, #0]
10000162:	b110      	cbz	r0, 1000016a <hold_non_core0_in_bootrom+0x6>

10000164 <hold_non_core0_in_bootrom>:
10000164:	f04f 0000 	mov.w	r0, #0
10000168:	e7f2      	b.n	10000150 <_enter_vtable_in_r0>
1000016a:	a40f      	add	r4, pc, #60	@ (adr r4, 100001a8 <data_cpy_table>)
1000016c:	cc0e      	ldmia	r4!, {r1, r2, r3}
1000016e:	2900      	cmp	r1, #0
10000170:	d002      	beq.n	10000178 <hold_non_core0_in_bootrom+0x14>
10000172:	f000 f815 	bl	100001a0 <data_cpy>
10000176:	e7f9      	b.n	1000016c <hold_non_core0_in_bootrom+0x8>
10000178:	4917      	ldr	r1, [pc, #92]	@ (100001d8 <data_cpy_table+0x30>)
1000017a:	4a18      	ldr	r2, [pc, #96]	@ (100001dc <data_cpy_table+0x34>)
1000017c:	2000      	movs	r0, #0
1000017e:	e000      	b.n	10000182 <bss_fill_test>

10000180 <bss_fill_loop>:
10000180:	c101      	stmia	r1!, {r0}

10000182 <bss_fill_test>:
10000182:	4291      	cmp	r1, r2
10000184:	d1fc      	bne.n	10000180 <bss_fill_loop>

10000186 <platform_entry>:
10000186:	2000      	movs	r0, #0
10000188:	f380 880a 	msr	MSPLIM, r0
1000018c:	4914      	ldr	r1, [pc, #80]	@ (100001e0 <data_cpy_table+0x38>)
1000018e:	4788      	blx	r1
10000190:	4914      	ldr	r1, [pc, #80]	@ (100001e4 <data_cpy_table+0x3c>)
10000192:	4788      	blx	r1
10000194:	4914      	ldr	r1, [pc, #80]	@ (100001e8 <data_cpy_table+0x40>)
10000196:	4788      	blx	r1
10000198:	be00      	bkpt	0x0000
1000019a:	e7fd      	b.n	10000198 <platform_entry+0x12>

1000019c <data_cpy_loop>:
1000019c:	c901      	ldmia	r1!, {r0}
1000019e:	c201      	stmia	r2!, {r0}

100001a0 <data_cpy>:
100001a0:	429a      	cmp	r2, r3
100001a2:	d3fb      	bcc.n	1000019c <data_cpy_loop>
100001a4:	4770      	bx	lr
100001a6:	bf00      	nop

100001a8 <data_cpy_table>:
100001a8:	100097d4 	.word	0x100097d4
100001ac:	20000110 	.word	0x20000110
100001b0:	20001b18 	.word	0x20001b18
100001b4:	1000b1dc 	.word	0x1000b1dc
100001b8:	20080000 	.word	0x20080000
100001bc:	20080000 	.word	0x20080000
100001c0:	1000b1dc 	.word	0x1000b1dc
100001c4:	20081000 	.word	0x20081000
100001c8:	20081000 	.word	0x20081000
100001cc:	00000000 	.word	0x00000000
100001d0:	4770      	bx	lr
100001d2:	0000      	.short	0x0000
100001d4:	e000ed08 	.word	0xe000ed08
100001d8:	20001b18 	.word	0x20001b18
100001dc:	20002a98 	.word	0x20002a98
100001e0:	10003699 	.word	0x10003699
100001e4:	10000721 	.word	0x10000721
100001e8:	10003691 	.word	0x10003691

100001ec <_init>:
100001ec:	b5f8      	push	{r3, r4, r5, r6, r7, lr}
100001ee:	bf00      	nop

100001f0 <register_tm_clones>:
100001f0:	4b06      	ldr	r3, [pc, #24]	@ (1000020c <register_tm_clones+0x1c>)
100001f2:	4907      	ldr	r1, [pc, #28]	@ (10000210 <register_tm_clones+0x20>)
100001f4:	1ac9      	subs	r1, r1, r3
100001f6:	1089      	asrs	r1, r1, #2
100001f8:	bf48      	it	mi
100001fa:	3101      	addmi	r1, #1
100001fc:	1049      	asrs	r1, r1, #1
100001fe:	d003      	beq.n	10000208 <register_tm_clones+0x18>
10000200:	4b04      	ldr	r3, [pc, #16]	@ (10000214 <register_tm_clones+0x24>)
10000202:	b10b      	cbz	r3, 10000208 <register_tm_clones+0x18>
10000204:	4801      	ldr	r0, [pc, #4]	@ (1000020c <register_tm_clones+0x1c>)
10000206:	4718      	bx	r3
10000208:	4770      	bx	lr
1000020a:	bf00      	nop
1000020c:	20001b18 	.word	0x20001b18
10000210:	20001b18 	.word	0x20001b18
10000214:	00000000 	.word	0x00000000

10000218 <frame_dummy>:
10000218:	b508      	push	{r3, lr}
1000021a:	4b05      	ldr	r3, [pc, #20]	@ (10000230 <frame_dummy+0x18>)
1000021c:	b11b      	cbz	r3, 10000226 <frame_dummy+0xe>
1000021e:	4905      	ldr	r1, [pc, #20]	@ (10000234 <frame_dummy+0x1c>)
10000220:	4805      	ldr	r0, [pc, #20]	@ (10000238 <frame_dummy+0x20>)
10000222:	f3af 8000 	nop.w
10000226:	e8bd 4008 	ldmia.w	sp!, {r3, lr}
1000022a:	f7ff bfe1 	b.w	100001f0 <register_tm_clones>
1000022e:	bf00      	nop
10000230:	00000000 	.word	0x00000000
10000234:	200028a0 	.word	0x200028a0
10000238:	10009124 	.word	0x10009124

1000023c <task_hcsr04>:
1000023c:	2300      	movs	r3, #0
1000023e:	b500      	push	{lr}
10000240:	b083      	sub	sp, #12
10000242:	4c12      	ldr	r4, [pc, #72]	@ (1000028c <task_hcsr04+0x50>)
10000244:	9301      	str	r3, [sp, #4]
10000246:	e006      	b.n	10000256 <task_hcsr04+0x1a>
10000248:	4811      	ldr	r0, [pc, #68]	@ (10000290 <task_hcsr04+0x54>)
1000024a:	f003 fb91 	bl	10003970 <__wrap_puts>
1000024e:	f44f 60fa 	mov.w	r0, #2000	@ 0x7d0
10000252:	f007 f9eb 	bl	1000762c <vTaskDelay>
10000256:	480f      	ldr	r0, [pc, #60]	@ (10000294 <task_hcsr04+0x58>)
10000258:	f008 f95a 	bl	10008510 <hc_sr04_get_distance_cm>
1000025c:	eebf 7a00 	vmov.f32	s14, #240	@ 0xbf800000 -1.0
10000260:	ee07 0a90 	vmov	s15, r0
10000264:	eef4 7a47 	vcmp.f32	s15, s14
10000268:	eef1 fa10 	vmrs	APSR_nzcv, fpscr
1000026c:	9001      	str	r0, [sp, #4]
1000026e:	d0eb      	beq.n	10000248 <task_hcsr04+0xc>
10000270:	f008 ff12 	bl	10009098 <____aeabi_f2d_veneer>
10000274:	4602      	mov	r2, r0
10000276:	460b      	mov	r3, r1
10000278:	4807      	ldr	r0, [pc, #28]	@ (10000298 <task_hcsr04+0x5c>)
1000027a:	f003 fbf9 	bl	10003a70 <__wrap_printf>
1000027e:	2300      	movs	r3, #0
10000280:	2264      	movs	r2, #100	@ 0x64
10000282:	6820      	ldr	r0, [r4, #0]
10000284:	a901      	add	r1, sp, #4
10000286:	f006 f977 	bl	10006578 <xQueueGenericSend>
1000028a:	e7e0      	b.n	1000024e <task_hcsr04+0x12>
1000028c:	20002974 	.word	0x20002974
10000290:	10009128 	.word	0x10009128
10000294:	20002994 	.word	0x20002994
10000298:	10009144 	.word	0x10009144

1000029c <task_guardiana_leds>:
1000029c:	e92d 4ff0 	stmdb	sp!, {r4, r5, r6, r7, r8, r9, sl, fp, lr}
100002a0:	f04f 0a00 	mov.w	sl, #0
100002a4:	b08b      	sub	sp, #44	@ 0x2c
100002a6:	2010      	movs	r0, #16
100002a8:	f8cd a018 	str.w	sl, [sp, #24]
100002ac:	f04f 0501 	mov.w	r5, #1
100002b0:	f000 fb18 	bl	100008e4 <gpio_init>
100002b4:	2310      	movs	r3, #16
100002b6:	ec45 3044 	gpioc_bit_oe_put r3, r5
100002ba:	f04f 0400 	mov.w	r4, #0
100002be:	ec44 3040 	gpioc_bit_out_put r3, r4
100002c2:	2011      	movs	r0, #17
100002c4:	f000 fb0e 	bl	100008e4 <gpio_init>
100002c8:	2311      	movs	r3, #17
100002ca:	ec45 3044 	gpioc_bit_oe_put r3, r5
100002ce:	ec44 3040 	gpioc_bit_out_put r3, r4
100002d2:	2300      	movs	r3, #0
100002d4:	461e      	mov	r6, r3
100002d6:	461f      	mov	r7, r3
100002d8:	f8df b0cc 	ldr.w	fp, [pc, #204]	@ 100003a8 <task_guardiana_leds+0x10c>
100002dc:	9305      	str	r3, [sp, #20]
100002de:	f8cd a010 	str.w	sl, [sp, #16]
100002e2:	f04f 32ff 	mov.w	r2, #4294967295
100002e6:	a907      	add	r1, sp, #28
100002e8:	f8db 0000 	ldr.w	r0, [fp]
100002ec:	f006 fa84 	bl	100067f8 <xQueueReceive>
100002f0:	4603      	mov	r3, r0
100002f2:	482a      	ldr	r0, [pc, #168]	@ (1000039c <task_guardiana_leds+0x100>)
100002f4:	2b01      	cmp	r3, #1
100002f6:	f04f 32ff 	mov.w	r2, #4294967295
100002fa:	6800      	ldr	r0, [r0, #0]
100002fc:	a906      	add	r1, sp, #24
100002fe:	d105      	bne.n	1000030c <task_guardiana_leds+0x70>
10000300:	eddd 7a09 	vldr	s15, [sp, #36]	@ 0x24
10000304:	edcd 7a04 	vstr	s15, [sp, #16]
10000308:	f8dd a020 	ldr.w	sl, [sp, #32]
1000030c:	f006 fa74 	bl	100067f8 <xQueueReceive>
10000310:	2801      	cmp	r0, #1
10000312:	d02b      	beq.n	1000036c <task_guardiana_leds+0xd0>
10000314:	b14e      	cbz	r6, 1000032a <task_guardiana_leds+0x8e>
10000316:	f007 f9cb 	bl	100076b0 <xTaskGetTickCount>
1000031a:	f640 33b8 	movw	r3, #3000	@ 0xbb8
1000031e:	9a05      	ldr	r2, [sp, #20]
10000320:	1a86      	subs	r6, r0, r2
10000322:	429e      	cmp	r6, r3
10000324:	bf8c      	ite	hi
10000326:	2600      	movhi	r6, #0
10000328:	2601      	movls	r6, #1
1000032a:	2310      	movs	r3, #16
1000032c:	ec47 3040 	gpioc_bit_out_put r3, r7
10000330:	2311      	movs	r3, #17
10000332:	ec47 3040 	gpioc_bit_out_put r3, r7
10000336:	9804      	ldr	r0, [sp, #16]
10000338:	f008 feae 	bl	10009098 <____aeabi_f2d_veneer>
1000033c:	4604      	mov	r4, r0
1000033e:	9806      	ldr	r0, [sp, #24]
10000340:	460d      	mov	r5, r1
10000342:	f008 fea9 	bl	10009098 <____aeabi_f2d_veneer>
10000346:	e9cd 0102 	strd	r0, r1, [sp, #8]
1000034a:	4650      	mov	r0, sl
1000034c:	f008 fea4 	bl	10009098 <____aeabi_f2d_veneer>
10000350:	4680      	mov	r8, r0
10000352:	4689      	mov	r9, r1
10000354:	4622      	mov	r2, r4
10000356:	462b      	mov	r3, r5
10000358:	e9cd 8900 	strd	r8, r9, [sp]
1000035c:	4810      	ldr	r0, [pc, #64]	@ (100003a0 <task_guardiana_leds+0x104>)
1000035e:	f003 fb87 	bl	10003a70 <__wrap_printf>
10000362:	f44f 70fa 	mov.w	r0, #500	@ 0x1f4
10000366:	f007 f961 	bl	1000762c <vTaskDelay>
1000036a:	e7ba      	b.n	100002e2 <task_guardiana_leds+0x46>
1000036c:	eddd 7a06 	vldr	s15, [sp, #24]
10000370:	ed9d 7a04 	vldr	s14, [sp, #16]
10000374:	eef4 7ac7 	vcmpe.f32	s15, s14
10000378:	eef1 fa10 	vmrs	APSR_nzcv, fpscr
1000037c:	dc06      	bgt.n	1000038c <task_guardiana_leds+0xf0>
1000037e:	ee07 aa10 	vmov	s14, sl
10000382:	eef4 7ac7 	vcmpe.f32	s15, s14
10000386:	eef1 fa10 	vmrs	APSR_nzcv, fpscr
1000038a:	d5c3      	bpl.n	10000314 <task_guardiana_leds+0x78>
1000038c:	f007 f990 	bl	100076b0 <xTaskGetTickCount>
10000390:	4603      	mov	r3, r0
10000392:	4804      	ldr	r0, [pc, #16]	@ (100003a4 <task_guardiana_leds+0x108>)
10000394:	9305      	str	r3, [sp, #20]
10000396:	f003 fb6b 	bl	10003a70 <__wrap_printf>
1000039a:	e7bc      	b.n	10000316 <task_guardiana_leds+0x7a>
1000039c:	20002974 	.word	0x20002974
100003a0:	10009198 	.word	0x10009198
100003a4:	10009170 	.word	0x10009170
100003a8:	20002988 	.word	0x20002988

100003ac <task_debounce_boton>:
100003ac:	e92d 43f0 	stmdb	sp!, {r4, r5, r6, r7, r8, r9, lr}
100003b0:	2500      	movs	r5, #0
100003b2:	f8df 8094 	ldr.w	r8, [pc, #148]	@ 10000448 <task_debounce_boton+0x9c>
100003b6:	b083      	sub	sp, #12
100003b8:	4629      	mov	r1, r5
100003ba:	4821      	ldr	r0, [pc, #132]	@ (10000440 <task_debounce_boton+0x94>)
100003bc:	f88d 5007 	strb.w	r5, [sp, #7]
100003c0:	f003 fb56 	bl	10003a70 <__wrap_printf>
100003c4:	2302      	movs	r3, #2
100003c6:	462a      	mov	r2, r5
100003c8:	f10d 0107 	add.w	r1, sp, #7
100003cc:	f8d8 0000 	ldr.w	r0, [r8]
100003d0:	f006 f8d2 	bl	10006578 <xQueueGenericSend>
100003d4:	f89d 1007 	ldrb.w	r1, [sp, #7]
100003d8:	481a      	ldr	r0, [pc, #104]	@ (10000444 <task_debounce_boton+0x98>)
100003da:	f003 fb49 	bl	10003a70 <__wrap_printf>
100003de:	f04f 4750 	mov.w	r7, #3489660928	@ 0xd0000000
100003e2:	2101      	movs	r1, #1
100003e4:	462e      	mov	r6, r5
100003e6:	e015      	b.n	10000414 <task_debounce_boton+0x68>
100003e8:	f89d 6007 	ldrb.w	r6, [sp, #7]
100003ec:	2302      	movs	r3, #2
100003ee:	3601      	adds	r6, #1
100003f0:	b2f6      	uxtb	r6, r6
100003f2:	2e04      	cmp	r6, #4
100003f4:	bf08      	it	eq
100003f6:	2600      	moveq	r6, #0
100003f8:	2200      	movs	r2, #0
100003fa:	f8d8 0000 	ldr.w	r0, [r8]
100003fe:	f10d 0107 	add.w	r1, sp, #7
10000402:	f88d 6007 	strb.w	r6, [sp, #7]
10000406:	f006 f8b7 	bl	10006578 <xQueueGenericSend>
1000040a:	2601      	movs	r6, #1
1000040c:	200a      	movs	r0, #10
1000040e:	f007 f90d 	bl	1000762c <vTaskDelay>
10000412:	4621      	mov	r1, r4
10000414:	687b      	ldr	r3, [r7, #4]
10000416:	f3c3 4480 	ubfx	r4, r3, #18, #1
1000041a:	42a1      	cmp	r1, r4
1000041c:	f403 2980 	and.w	r9, r3, #262144	@ 0x40000
10000420:	d002      	beq.n	10000428 <task_debounce_boton+0x7c>
10000422:	f007 f945 	bl	100076b0 <xTaskGetTickCount>
10000426:	4605      	mov	r5, r0
10000428:	f007 f942 	bl	100076b0 <xTaskGetTickCount>
1000042c:	1b43      	subs	r3, r0, r5
1000042e:	2b32      	cmp	r3, #50	@ 0x32
10000430:	d9ec      	bls.n	1000040c <task_debounce_boton+0x60>
10000432:	42a6      	cmp	r6, r4
10000434:	d0ea      	beq.n	1000040c <task_debounce_boton+0x60>
10000436:	f1b9 0f00 	cmp.w	r9, #0
1000043a:	d1d5      	bne.n	100003e8 <task_debounce_boton+0x3c>
1000043c:	464e      	mov	r6, r9
1000043e:	e7e5      	b.n	1000040c <task_debounce_boton+0x60>
10000440:	100091e8 	.word	0x100091e8
10000444:	10009208 	.word	0x10009208
10000448:	20002428 	.word	0x20002428

1000044c <task_SetPoint>:
1000044c:	e92d 4ff0 	stmdb	sp!, {r4, r5, r6, r7, r8, r9, sl, fp, lr}
10000450:	ed2d 8b04 	vpush	{d8-d9}
10000454:	2300      	movs	r3, #0
10000456:	2200      	movs	r2, #0
10000458:	ed9f 9a56 	vldr	s18, [pc, #344]	@ 100005b4 <task_SetPoint+0x168>
1000045c:	eddf 8a56 	vldr	s17, [pc, #344]	@ 100005b8 <task_SetPoint+0x16c>
10000460:	b087      	sub	sp, #28
10000462:	f8df a174 	ldr.w	sl, [pc, #372]	@ 100005d8 <task_SetPoint+0x18c>
10000466:	4f55      	ldr	r7, [pc, #340]	@ (100005bc <task_SetPoint+0x170>)
10000468:	4e55      	ldr	r6, [pc, #340]	@ (100005c0 <task_SetPoint+0x174>)
1000046a:	9303      	str	r3, [sp, #12]
1000046c:	9204      	str	r2, [sp, #16]
1000046e:	9205      	str	r2, [sp, #20]
10000470:	f88d 300b 	strb.w	r3, [sp, #11]
10000474:	f04f 32ff 	mov.w	r2, #4294967295
10000478:	f8da 0000 	ldr.w	r0, [sl]
1000047c:	f10d 010b 	add.w	r1, sp, #11
10000480:	f006 fafe 	bl	10006a80 <xQueuePeek>
10000484:	f89d 300b 	ldrb.w	r3, [sp, #11]
10000488:	2b01      	cmp	r3, #1
1000048a:	d072      	beq.n	10000572 <task_SetPoint+0x126>
1000048c:	2b02      	cmp	r3, #2
1000048e:	d048      	beq.n	10000522 <task_SetPoint+0xd6>
10000490:	2b03      	cmp	r3, #3
10000492:	d01e      	beq.n	100004d2 <task_SetPoint+0x86>
10000494:	b99b      	cbnz	r3, 100004be <task_SetPoint+0x72>
10000496:	9805      	ldr	r0, [sp, #20]
10000498:	f008 fdfe 	bl	10009098 <____aeabi_f2d_veneer>
1000049c:	4604      	mov	r4, r0
1000049e:	9804      	ldr	r0, [sp, #16]
100004a0:	460d      	mov	r5, r1
100004a2:	f008 fdf9 	bl	10009098 <____aeabi_f2d_veneer>
100004a6:	4680      	mov	r8, r0
100004a8:	4689      	mov	r9, r1
100004aa:	f8dd b00c 	ldr.w	fp, [sp, #12]
100004ae:	4622      	mov	r2, r4
100004b0:	462b      	mov	r3, r5
100004b2:	4659      	mov	r1, fp
100004b4:	e9cd 8900 	strd	r8, r9, [sp]
100004b8:	4842      	ldr	r0, [pc, #264]	@ (100005c4 <task_SetPoint+0x178>)
100004ba:	f003 fad9 	bl	10003a70 <__wrap_printf>
100004be:	2300      	movs	r3, #0
100004c0:	2264      	movs	r2, #100	@ 0x64
100004c2:	6838      	ldr	r0, [r7, #0]
100004c4:	a903      	add	r1, sp, #12
100004c6:	f006 f857 	bl	10006578 <xQueueGenericSend>
100004ca:	2064      	movs	r0, #100	@ 0x64
100004cc:	f007 f8ae 	bl	1000762c <vTaskDelay>
100004d0:	e7d0      	b.n	10000474 <task_SetPoint+0x28>
100004d2:	2304      	movs	r3, #4
100004d4:	4a3c      	ldr	r2, [pc, #240]	@ (100005c8 <task_SetPoint+0x17c>)
100004d6:	6033      	str	r3, [r6, #0]
100004d8:	6813      	ldr	r3, [r2, #0]
100004da:	05db      	lsls	r3, r3, #23
100004dc:	d5fc      	bpl.n	100004d8 <task_SetPoint+0x8c>
100004de:	6853      	ldr	r3, [r2, #4]
100004e0:	eeb2 7a04 	vmov.f32	s14, #36	@ 0x41200000  10.0
100004e4:	b29b      	uxth	r3, r3
100004e6:	ee07 3a90 	vmov	s15, r3
100004ea:	eef8 7ae7 	vcvt.f32.s32	s15, s15
100004ee:	ee67 7a89 	vmul.f32	s15, s15, s18
100004f2:	ee87 8aa8 	vdiv.f32	s16, s15, s17
100004f6:	ee28 8a07 	vmul.f32	s16, s16, s14
100004fa:	eebc 8ac8 	vcvt.u32.f32	s16, s16
100004fe:	eef8 7a48 	vcvt.f32.u32	s15, s16
10000502:	ee17 0a90 	vmov	r0, s15
10000506:	edcd 7a04 	vstr	s15, [sp, #16]
1000050a:	f008 fdc5 	bl	10009098 <____aeabi_f2d_veneer>
1000050e:	ed8d 8a00 	vstr	s16, [sp]
10000512:	4602      	mov	r2, r0
10000514:	460b      	mov	r3, r1
10000516:	482d      	ldr	r0, [pc, #180]	@ (100005cc <task_SetPoint+0x180>)
10000518:	f003 faaa 	bl	10003a70 <__wrap_printf>
1000051c:	f89d 300b 	ldrb.w	r3, [sp, #11]
10000520:	e7b8      	b.n	10000494 <task_SetPoint+0x48>
10000522:	2304      	movs	r3, #4
10000524:	4a28      	ldr	r2, [pc, #160]	@ (100005c8 <task_SetPoint+0x17c>)
10000526:	6033      	str	r3, [r6, #0]
10000528:	6813      	ldr	r3, [r2, #0]
1000052a:	05d9      	lsls	r1, r3, #23
1000052c:	d5fc      	bpl.n	10000528 <task_SetPoint+0xdc>
1000052e:	6853      	ldr	r3, [r2, #4]
10000530:	eeb2 7a04 	vmov.f32	s14, #36	@ 0x41200000  10.0
10000534:	b29b      	uxth	r3, r3
10000536:	ee07 3a90 	vmov	s15, r3
1000053a:	eef8 7ae7 	vcvt.f32.s32	s15, s15
1000053e:	ee67 7a89 	vmul.f32	s15, s15, s18
10000542:	ee87 8aa8 	vdiv.f32	s16, s15, s17
10000546:	ee28 8a07 	vmul.f32	s16, s16, s14
1000054a:	eebc 8ac8 	vcvt.u32.f32	s16, s16
1000054e:	eef8 7a48 	vcvt.f32.u32	s15, s16
10000552:	ee17 0a90 	vmov	r0, s15
10000556:	edcd 7a05 	vstr	s15, [sp, #20]
1000055a:	f008 fd9d 	bl	10009098 <____aeabi_f2d_veneer>
1000055e:	ed8d 8a00 	vstr	s16, [sp]
10000562:	4602      	mov	r2, r0
10000564:	460b      	mov	r3, r1
10000566:	481a      	ldr	r0, [pc, #104]	@ (100005d0 <task_SetPoint+0x184>)
10000568:	f003 fa82 	bl	10003a70 <__wrap_printf>
1000056c:	f89d 300b 	ldrb.w	r3, [sp, #11]
10000570:	e78e      	b.n	10000490 <task_SetPoint+0x44>
10000572:	2304      	movs	r3, #4
10000574:	4a14      	ldr	r2, [pc, #80]	@ (100005c8 <task_SetPoint+0x17c>)
10000576:	6033      	str	r3, [r6, #0]
10000578:	6813      	ldr	r3, [r2, #0]
1000057a:	05d8      	lsls	r0, r3, #23
1000057c:	d5fc      	bpl.n	10000578 <task_SetPoint+0x12c>
1000057e:	6853      	ldr	r3, [r2, #4]
10000580:	eef2 6a04 	vmov.f32	s13, #36	@ 0x41200000  10.0
10000584:	b29b      	uxth	r3, r3
10000586:	ee07 3a90 	vmov	s15, r3
1000058a:	eef8 7ae7 	vcvt.f32.s32	s15, s15
1000058e:	ee67 7a89 	vmul.f32	s15, s15, s18
10000592:	ee87 7aa8 	vdiv.f32	s14, s15, s17
10000596:	ee67 7a26 	vmul.f32	s15, s14, s13
1000059a:	eefc 7ae7 	vcvt.u32.f32	s15, s15
1000059e:	ee17 2a90 	vmov	r2, s15
100005a2:	480c      	ldr	r0, [pc, #48]	@ (100005d4 <task_SetPoint+0x188>)
100005a4:	4611      	mov	r1, r2
100005a6:	edcd 7a03 	vstr	s15, [sp, #12]
100005aa:	f003 fa61 	bl	10003a70 <__wrap_printf>
100005ae:	f89d 300b 	ldrb.w	r3, [sp, #11]
100005b2:	e76b      	b.n	1000048c <task_SetPoint+0x40>
100005b4:	40533333 	.word	0x40533333
100005b8:	457ff000 	.word	0x457ff000
100005bc:	20002988 	.word	0x20002988
100005c0:	400a2000 	.word	0x400a2000
100005c4:	100092c4 	.word	0x100092c4
100005c8:	400a0000 	.word	0x400a0000
100005cc:	10009290 	.word	0x10009290
100005d0:	1000925c 	.word	0x1000925c
100005d4:	1000922c 	.word	0x1000922c
100005d8:	20002428 	.word	0x20002428

100005dc <task_init>:
100005dc:	b538      	push	{r3, r4, r5, lr}
100005de:	220f      	movs	r2, #15
100005e0:	210e      	movs	r1, #14
100005e2:	483c      	ldr	r0, [pc, #240]	@ (100006d4 <task_init+0xf8>)
100005e4:	f007 ff7c 	bl	100084e0 <hc_sr04_init>
100005e8:	493b      	ldr	r1, [pc, #236]	@ (100006d8 <task_init+0xfc>)
100005ea:	483c      	ldr	r0, [pc, #240]	@ (100006dc <task_init+0x100>)
100005ec:	f005 fe8c 	bl	10006308 <i2c_init>
100005f0:	2103      	movs	r1, #3
100005f2:	2008      	movs	r0, #8
100005f4:	f000 f934 	bl	10000860 <gpio_set_function>
100005f8:	2103      	movs	r1, #3
100005fa:	2009      	movs	r0, #9
100005fc:	f000 f930 	bl	10000860 <gpio_set_function>
10000600:	2200      	movs	r2, #0
10000602:	2101      	movs	r1, #1
10000604:	2008      	movs	r0, #8
10000606:	f000 f949 	bl	1000089c <gpio_set_pulls>
1000060a:	2200      	movs	r2, #0
1000060c:	2101      	movs	r1, #1
1000060e:	2009      	movs	r0, #9
10000610:	f000 f944 	bl	1000089c <gpio_set_pulls>
10000614:	f005 fea6 	bl	10006364 <adc_init>
10000618:	211f      	movs	r1, #31
1000061a:	201a      	movs	r0, #26
1000061c:	f000 f920 	bl	10000860 <gpio_set_function>
10000620:	2200      	movs	r2, #0
10000622:	201a      	movs	r0, #26
10000624:	4611      	mov	r1, r2
10000626:	f000 f939 	bl	1000089c <gpio_set_pulls>
1000062a:	2100      	movs	r1, #0
1000062c:	201a      	movs	r0, #26
1000062e:	f000 f949 	bl	100008c4 <gpio_set_input_enabled>
10000632:	4b2b      	ldr	r3, [pc, #172]	@ (100006e0 <task_init+0x104>)
10000634:	4a2b      	ldr	r2, [pc, #172]	@ (100006e4 <task_init+0x108>)
10000636:	681b      	ldr	r3, [r3, #0]
10000638:	2127      	movs	r1, #39	@ 0x27
1000063a:	f403 4370 	and.w	r3, r3, #61440	@ 0xf000
1000063e:	6013      	str	r3, [r2, #0]
10000640:	4826      	ldr	r0, [pc, #152]	@ (100006dc <task_init+0x100>)
10000642:	f007 ff1f 	bl	10008484 <lcd_init>
10000646:	f007 fef5 	bl	10008434 <lcd_clear>
1000064a:	2100      	movs	r1, #0
1000064c:	4608      	mov	r0, r1
1000064e:	f007 fef5 	bl	1000843c <lcd_set_cursor>
10000652:	4825      	ldr	r0, [pc, #148]	@ (100006e8 <task_init+0x10c>)
10000654:	f007 ff0a 	bl	1000846c <lcd_string>
10000658:	4824      	ldr	r0, [pc, #144]	@ (100006ec <task_init+0x110>)
1000065a:	f003 f989 	bl	10003970 <__wrap_puts>
1000065e:	4924      	ldr	r1, [pc, #144]	@ (100006f0 <task_init+0x114>)
10000660:	4824      	ldr	r0, [pc, #144]	@ (100006f4 <task_init+0x118>)
10000662:	f005 fe97 	bl	10006394 <spi_init>
10000666:	2101      	movs	r1, #1
10000668:	2000      	movs	r0, #0
1000066a:	f000 f8f9 	bl	10000860 <gpio_set_function>
1000066e:	2105      	movs	r1, #5
10000670:	2001      	movs	r0, #1
10000672:	f000 f8f5 	bl	10000860 <gpio_set_function>
10000676:	2101      	movs	r1, #1
10000678:	2002      	movs	r0, #2
1000067a:	f000 f8f1 	bl	10000860 <gpio_set_function>
1000067e:	2101      	movs	r1, #1
10000680:	2003      	movs	r0, #3
10000682:	f000 f8ed 	bl	10000860 <gpio_set_function>
10000686:	2001      	movs	r0, #1
10000688:	f000 f92c 	bl	100008e4 <gpio_init>
1000068c:	2301      	movs	r3, #1
1000068e:	461c      	mov	r4, r3
10000690:	ec43 3044 	gpioc_bit_oe_put r3, r3
10000694:	ec43 3040 	gpioc_bit_out_put r3, r3
10000698:	4817      	ldr	r0, [pc, #92]	@ (100006f8 <task_init+0x11c>)
1000069a:	f007 fe09 	bl	100082b0 <pwm_init_config>
1000069e:	2010      	movs	r0, #16
100006a0:	f000 f920 	bl	100008e4 <gpio_init>
100006a4:	2310      	movs	r3, #16
100006a6:	ec44 3044 	gpioc_bit_oe_put r3, r4
100006aa:	f04f 0500 	mov.w	r5, #0
100006ae:	ec45 3040 	gpioc_bit_out_put r3, r5
100006b2:	2011      	movs	r0, #17
100006b4:	f000 f916 	bl	100008e4 <gpio_init>
100006b8:	2311      	movs	r3, #17
100006ba:	ec44 3044 	gpioc_bit_oe_put r3, r4
100006be:	ec45 3040 	gpioc_bit_out_put r3, r5
100006c2:	480e      	ldr	r0, [pc, #56]	@ (100006fc <task_init+0x120>)
100006c4:	f003 f954 	bl	10003970 <__wrap_puts>
100006c8:	e8bd 4038 	ldmia.w	sp!, {r3, r4, r5, lr}
100006cc:	2000      	movs	r0, #0
100006ce:	f006 be27 	b.w	10007320 <vTaskDelete>
100006d2:	bf00      	nop
100006d4:	20002994 	.word	0x20002994
100006d8:	00061a80 	.word	0x00061a80
100006dc:	200015a8 	.word	0x200015a8
100006e0:	400a0000 	.word	0x400a0000
100006e4:	400a1000 	.word	0x400a1000
100006e8:	10009308 	.word	0x10009308
100006ec:	10009318 	.word	0x10009318
100006f0:	000f4240 	.word	0x000f4240
100006f4:	40080000 	.word	0x40080000
100006f8:	200014f8 	.word	0x200014f8
100006fc:	10009338 	.word	0x10009338

10000700 <configuracion_gpio_boton>:
10000700:	b508      	push	{r3, lr}
10000702:	2012      	movs	r0, #18
10000704:	f000 f8ee 	bl	100008e4 <gpio_init>
10000708:	2012      	movs	r0, #18
1000070a:	f04f 0300 	mov.w	r3, #0
1000070e:	ec43 0044 	gpioc_bit_oe_put r0, r3
10000712:	e8bd 4008 	ldmia.w	sp!, {r3, lr}
10000716:	2101      	movs	r1, #1
10000718:	2200      	movs	r2, #0
1000071a:	f000 b8bf 	b.w	1000089c <gpio_set_pulls>
1000071e:	bf00      	nop

10000720 <main>:
10000720:	b500      	push	{lr}
10000722:	b083      	sub	sp, #12
10000724:	f003 f8e0 	bl	100038e8 <stdio_init_all>
10000728:	f7ff ffea 	bl	10000700 <configuracion_gpio_boton>
1000072c:	2200      	movs	r2, #0
1000072e:	2104      	movs	r1, #4
10000730:	2005      	movs	r0, #5
10000732:	f005 fee5 	bl	10006500 <xQueueGenericCreate>
10000736:	4604      	mov	r4, r0
10000738:	4b37      	ldr	r3, [pc, #220]	@ (10000818 <main+0xf8>)
1000073a:	2200      	movs	r2, #0
1000073c:	2104      	movs	r1, #4
1000073e:	2005      	movs	r0, #5
10000740:	601c      	str	r4, [r3, #0]
10000742:	f005 fedd 	bl	10006500 <xQueueGenericCreate>
10000746:	4604      	mov	r4, r0
10000748:	4b34      	ldr	r3, [pc, #208]	@ (1000081c <main+0xfc>)
1000074a:	2200      	movs	r2, #0
1000074c:	210c      	movs	r1, #12
1000074e:	2005      	movs	r0, #5
10000750:	601c      	str	r4, [r3, #0]
10000752:	f005 fed5 	bl	10006500 <xQueueGenericCreate>
10000756:	4604      	mov	r4, r0
10000758:	4b31      	ldr	r3, [pc, #196]	@ (10000820 <main+0x100>)
1000075a:	2200      	movs	r2, #0
1000075c:	2102      	movs	r1, #2
1000075e:	2005      	movs	r0, #5
10000760:	601c      	str	r4, [r3, #0]
10000762:	f005 fecd 	bl	10006500 <xQueueGenericCreate>
10000766:	4604      	mov	r4, r0
10000768:	4b2e      	ldr	r3, [pc, #184]	@ (10000824 <main+0x104>)
1000076a:	2200      	movs	r2, #0
1000076c:	2102      	movs	r1, #2
1000076e:	2005      	movs	r0, #5
10000770:	601c      	str	r4, [r3, #0]
10000772:	f005 fec5 	bl	10006500 <xQueueGenericCreate>
10000776:	4604      	mov	r4, r0
10000778:	4b2b      	ldr	r3, [pc, #172]	@ (10000828 <main+0x108>)
1000077a:	2200      	movs	r2, #0
1000077c:	2102      	movs	r1, #2
1000077e:	2005      	movs	r0, #5
10000780:	601c      	str	r4, [r3, #0]
10000782:	f005 febd 	bl	10006500 <xQueueGenericCreate>
10000786:	4604      	mov	r4, r0
10000788:	4b28      	ldr	r3, [pc, #160]	@ (1000082c <main+0x10c>)
1000078a:	2200      	movs	r2, #0
1000078c:	2102      	movs	r1, #2
1000078e:	2005      	movs	r0, #5
10000790:	601c      	str	r4, [r3, #0]
10000792:	f005 feb5 	bl	10006500 <xQueueGenericCreate>
10000796:	2101      	movs	r1, #1
10000798:	4b25      	ldr	r3, [pc, #148]	@ (10000830 <main+0x110>)
1000079a:	2200      	movs	r2, #0
1000079c:	6018      	str	r0, [r3, #0]
1000079e:	4608      	mov	r0, r1
100007a0:	f005 feae 	bl	10006500 <xQueueGenericCreate>
100007a4:	4684      	mov	ip, r0
100007a6:	4d23      	ldr	r5, [pc, #140]	@ (10000834 <main+0x114>)
100007a8:	2400      	movs	r4, #0
100007aa:	2303      	movs	r3, #3
100007ac:	f8c5 c000 	str.w	ip, [r5]
100007b0:	2502      	movs	r5, #2
100007b2:	f44f 7280 	mov.w	r2, #256	@ 0x100
100007b6:	e9cd 3400 	strd	r3, r4, [sp]
100007ba:	491f      	ldr	r1, [pc, #124]	@ (10000838 <main+0x118>)
100007bc:	4623      	mov	r3, r4
100007be:	481f      	ldr	r0, [pc, #124]	@ (1000083c <main+0x11c>)
100007c0:	f006 fd2c 	bl	1000721c <xTaskCreate>
100007c4:	f44f 7280 	mov.w	r2, #256	@ 0x100
100007c8:	4623      	mov	r3, r4
100007ca:	491d      	ldr	r1, [pc, #116]	@ (10000840 <main+0x120>)
100007cc:	e9cd 5400 	strd	r5, r4, [sp]
100007d0:	481c      	ldr	r0, [pc, #112]	@ (10000844 <main+0x124>)
100007d2:	f006 fd23 	bl	1000721c <xTaskCreate>
100007d6:	f44f 7280 	mov.w	r2, #256	@ 0x100
100007da:	4623      	mov	r3, r4
100007dc:	491a      	ldr	r1, [pc, #104]	@ (10000848 <main+0x128>)
100007de:	e9cd 5400 	strd	r5, r4, [sp]
100007e2:	481a      	ldr	r0, [pc, #104]	@ (1000084c <main+0x12c>)
100007e4:	f006 fd1a 	bl	1000721c <xTaskCreate>
100007e8:	f04f 0c01 	mov.w	ip, #1
100007ec:	f44f 6280 	mov.w	r2, #1024	@ 0x400
100007f0:	4623      	mov	r3, r4
100007f2:	e9cd c400 	strd	ip, r4, [sp]
100007f6:	4916      	ldr	r1, [pc, #88]	@ (10000850 <main+0x130>)
100007f8:	4816      	ldr	r0, [pc, #88]	@ (10000854 <main+0x134>)
100007fa:	f006 fd0f 	bl	1000721c <xTaskCreate>
100007fe:	f44f 7280 	mov.w	r2, #256	@ 0x100
10000802:	4623      	mov	r3, r4
10000804:	4914      	ldr	r1, [pc, #80]	@ (10000858 <main+0x138>)
10000806:	e9cd 5400 	strd	r5, r4, [sp]
1000080a:	4814      	ldr	r0, [pc, #80]	@ (1000085c <main+0x13c>)
1000080c:	f006 fd06 	bl	1000721c <xTaskCreate>
10000810:	f006 fde4 	bl	100073dc <vTaskStartScheduler>
10000814:	e7fe      	b.n	10000814 <main+0xf4>
10000816:	bf00      	nop
10000818:	20002984 	.word	0x20002984
1000081c:	20002974 	.word	0x20002974
10000820:	20002988 	.word	0x20002988
10000824:	20002980 	.word	0x20002980
10000828:	20002970 	.word	0x20002970
1000082c:	20002978 	.word	0x20002978
10000830:	2000297c 	.word	0x2000297c
10000834:	20002428 	.word	0x20002428
10000838:	10009348 	.word	0x10009348
1000083c:	100005dd 	.word	0x100005dd
10000840:	10009350 	.word	0x10009350
10000844:	1000044d 	.word	0x1000044d
10000848:	1000935c 	.word	0x1000935c
1000084c:	1000023d 	.word	0x1000023d
10000850:	10009370 	.word	0x10009370
10000854:	100003ad 	.word	0x100003ad
10000858:	10009380 	.word	0x10009380
1000085c:	1000029d 	.word	0x1000029d

10000860 <gpio_set_function>:
10000860:	b410      	push	{r4}
10000862:	f44f 7480 	mov.w	r4, #256	@ 0x100
10000866:	4b0c      	ldr	r3, [pc, #48]	@ (10000898 <gpio_set_function+0x38>)
10000868:	f853 2020 	ldr.w	r2, [r3, r0, lsl #2]
1000086c:	eb03 0380 	add.w	r3, r3, r0, lsl #2
10000870:	00c0      	lsls	r0, r0, #3
10000872:	f082 0240 	eor.w	r2, r2, #64	@ 0x40
10000876:	f100 4080 	add.w	r0, r0, #1073741824	@ 0x40000000
1000087a:	f503 5c80 	add.w	ip, r3, #4096	@ 0x1000
1000087e:	f002 02c0 	and.w	r2, r2, #192	@ 0xc0
10000882:	f500 3020 	add.w	r0, r0, #163840	@ 0x28000
10000886:	f503 5340 	add.w	r3, r3, #12288	@ 0x3000
1000088a:	f8cc 2000 	str.w	r2, [ip]
1000088e:	6041      	str	r1, [r0, #4]
10000890:	601c      	str	r4, [r3, #0]
10000892:	f85d 4b04 	ldr.w	r4, [sp], #4
10000896:	4770      	bx	lr
10000898:	40038004 	.word	0x40038004

1000089c <gpio_set_pulls>:
1000089c:	b410      	push	{r4}
1000089e:	4c08      	ldr	r4, [pc, #32]	@ (100008c0 <gpio_set_pulls+0x24>)
100008a0:	00c9      	lsls	r1, r1, #3
100008a2:	ea41 0182 	orr.w	r1, r1, r2, lsl #2
100008a6:	f854 2020 	ldr.w	r2, [r4, r0, lsl #2]
100008aa:	eb04 0380 	add.w	r3, r4, r0, lsl #2
100008ae:	4051      	eors	r1, r2
100008b0:	f503 5380 	add.w	r3, r3, #4096	@ 0x1000
100008b4:	f001 010c 	and.w	r1, r1, #12
100008b8:	f85d 4b04 	ldr.w	r4, [sp], #4
100008bc:	6019      	str	r1, [r3, #0]
100008be:	4770      	bx	lr
100008c0:	40038004 	.word	0x40038004

100008c4 <gpio_set_input_enabled>:
100008c4:	4b06      	ldr	r3, [pc, #24]	@ (100008e0 <gpio_set_input_enabled+0x1c>)
100008c6:	2240      	movs	r2, #64	@ 0x40
100008c8:	eb03 0380 	add.w	r3, r3, r0, lsl #2
100008cc:	b119      	cbz	r1, 100008d6 <gpio_set_input_enabled+0x12>
100008ce:	f503 5300 	add.w	r3, r3, #8192	@ 0x2000
100008d2:	601a      	str	r2, [r3, #0]
100008d4:	4770      	bx	lr
100008d6:	f503 5340 	add.w	r3, r3, #12288	@ 0x3000
100008da:	601a      	str	r2, [r3, #0]
100008dc:	4770      	bx	lr
100008de:	bf00      	nop
100008e0:	40038004 	.word	0x40038004

100008e4 <gpio_init>:
100008e4:	b430      	push	{r4, r5}
100008e6:	f04f 0300 	mov.w	r3, #0
100008ea:	ec43 0044 	gpioc_bit_oe_put r0, r3
100008ee:	ec43 0040 	gpioc_bit_out_put r0, r3
100008f2:	2505      	movs	r5, #5
100008f4:	f44f 7480 	mov.w	r4, #256	@ 0x100
100008f8:	4b0b      	ldr	r3, [pc, #44]	@ (10000928 <gpio_init+0x44>)
100008fa:	00c2      	lsls	r2, r0, #3
100008fc:	f853 1020 	ldr.w	r1, [r3, r0, lsl #2]
10000900:	eb03 0080 	add.w	r0, r3, r0, lsl #2
10000904:	f081 0140 	eor.w	r1, r1, #64	@ 0x40
10000908:	f102 4380 	add.w	r3, r2, #1073741824	@ 0x40000000
1000090c:	f503 3320 	add.w	r3, r3, #163840	@ 0x28000
10000910:	f001 02c0 	and.w	r2, r1, #192	@ 0xc0
10000914:	f500 5180 	add.w	r1, r0, #4096	@ 0x1000
10000918:	f500 5040 	add.w	r0, r0, #12288	@ 0x3000
1000091c:	600a      	str	r2, [r1, #0]
1000091e:	605d      	str	r5, [r3, #4]
10000920:	6004      	str	r4, [r0, #0]
10000922:	bc30      	pop	{r4, r5}
10000924:	4770      	bx	lr
10000926:	bf00      	nop
10000928:	40038004 	.word	0x40038004

1000092c <panic>:
1000092c:	b40f      	push	{r0, r1, r2, r3}
1000092e:	b500      	push	{lr}
10000930:	b083      	sub	sp, #12
10000932:	9c04      	ldr	r4, [sp, #16]
10000934:	4807      	ldr	r0, [pc, #28]	@ (10000954 <panic+0x28>)
10000936:	f003 f81b 	bl	10003970 <__wrap_puts>
1000093a:	b13c      	cbz	r4, 1000094c <panic+0x20>
1000093c:	a905      	add	r1, sp, #20
1000093e:	4620      	mov	r0, r4
10000940:	9101      	str	r1, [sp, #4]
10000942:	f002 fe75 	bl	10003630 <weak_raw_vprintf>
10000946:	4804      	ldr	r0, [pc, #16]	@ (10000958 <panic+0x2c>)
10000948:	f003 f812 	bl	10003970 <__wrap_puts>
1000094c:	2001      	movs	r0, #1
1000094e:	f002 fe87 	bl	10003660 <_exit>
10000952:	bf00      	nop
10000954:	10009390 	.word	0x10009390
10000958:	100093a0 	.word	0x100093a0

1000095c <hw_claim_or_assert>:
1000095c:	b570      	push	{r4, r5, r6, lr}
1000095e:	4686      	mov	lr, r0
10000960:	f3ef 8510 	mrs	r5, PRIMASK
10000964:	b672      	cpsid	i
10000966:	4c12      	ldr	r4, [pc, #72]	@ (100009b0 <hw_claim_or_assert+0x54>)
10000968:	e8d4 6fcf 	ldaexb	r6, [r4]
1000096c:	2001      	movs	r0, #1
1000096e:	2e00      	cmp	r6, #0
10000970:	d1fa      	bne.n	10000968 <hw_claim_or_assert+0xc>
10000972:	e8c4 0f46 	strexb	r6, r0, [r4]
10000976:	2e00      	cmp	r6, #0
10000978:	d1f6      	bne.n	10000968 <hw_claim_or_assert+0xc>
1000097a:	f3bf 8f5f 	dmb	sy
1000097e:	f04f 0c01 	mov.w	ip, #1
10000982:	08c8      	lsrs	r0, r1, #3
10000984:	f001 0307 	and.w	r3, r1, #7
10000988:	fa0c f303 	lsl.w	r3, ip, r3
1000098c:	f81e c000 	ldrb.w	ip, [lr, r0]
10000990:	ea1c 0603 	ands.w	r6, ip, r3
10000994:	d108      	bne.n	100009a8 <hw_claim_or_assert+0x4c>
10000996:	ea4c 0c03 	orr.w	ip, ip, r3
1000099a:	f80e c000 	strb.w	ip, [lr, r0]
1000099e:	e8c4 6f8f 	stlb	r6, [r4]
100009a2:	f385 8810 	msr	PRIMASK, r5
100009a6:	bd70      	pop	{r4, r5, r6, pc}
100009a8:	4610      	mov	r0, r2
100009aa:	f7ff ffbf 	bl	1000092c <panic>
100009ae:	bf00      	nop
100009b0:	2000200f 	.word	0x2000200f

100009b4 <hw_claim_unused_from_range>:
100009b4:	b5f8      	push	{r3, r4, r5, r6, r7, lr}
100009b6:	f3ef 8710 	mrs	r7, PRIMASK
100009ba:	b672      	cpsid	i
100009bc:	4e1c      	ldr	r6, [pc, #112]	@ (10000a30 <hw_claim_unused_from_range+0x7c>)
100009be:	e8d6 5fcf 	ldaexb	r5, [r6]
100009c2:	2401      	movs	r4, #1
100009c4:	2d00      	cmp	r5, #0
100009c6:	d1fa      	bne.n	100009be <hw_claim_unused_from_range+0xa>
100009c8:	e8c6 4f45 	strexb	r5, r4, [r6]
100009cc:	2d00      	cmp	r5, #0
100009ce:	d1f6      	bne.n	100009be <hw_claim_unused_from_range+0xa>
100009d0:	f3bf 8f5f 	dmb	sy
100009d4:	429a      	cmp	r2, r3
100009d6:	d81b      	bhi.n	10000a10 <hw_claim_unused_from_range+0x5c>
100009d8:	2501      	movs	r5, #1
100009da:	e002      	b.n	100009e2 <hw_claim_unused_from_range+0x2e>
100009dc:	3201      	adds	r2, #1
100009de:	4293      	cmp	r3, r2
100009e0:	d322      	bcc.n	10000a28 <hw_claim_unused_from_range+0x74>
100009e2:	08d4      	lsrs	r4, r2, #3
100009e4:	f810 e004 	ldrb.w	lr, [r0, r4]
100009e8:	f002 0c07 	and.w	ip, r2, #7
100009ec:	fa05 fc0c 	lsl.w	ip, r5, ip
100009f0:	ea1e 0f0c 	tst.w	lr, ip
100009f4:	d1f2      	bne.n	100009dc <hw_claim_unused_from_range+0x28>
100009f6:	ea4e 0e0c 	orr.w	lr, lr, ip
100009fa:	f800 e004 	strb.w	lr, [r0, r4]
100009fe:	4610      	mov	r0, r2
10000a00:	2300      	movs	r3, #0
10000a02:	e8c6 3f8f 	stlb	r3, [r6]
10000a06:	f387 8810 	msr	PRIMASK, r7
10000a0a:	4298      	cmp	r0, r3
10000a0c:	db07      	blt.n	10000a1e <hw_claim_unused_from_range+0x6a>
10000a0e:	bdf8      	pop	{r3, r4, r5, r6, r7, pc}
10000a10:	2300      	movs	r3, #0
10000a12:	e8c6 3f8f 	stlb	r3, [r6]
10000a16:	f387 8810 	msr	PRIMASK, r7
10000a1a:	f04f 30ff 	mov.w	r0, #4294967295
10000a1e:	2900      	cmp	r1, #0
10000a20:	d0f5      	beq.n	10000a0e <hw_claim_unused_from_range+0x5a>
10000a22:	9806      	ldr	r0, [sp, #24]
10000a24:	f7ff ff82 	bl	1000092c <panic>
10000a28:	f04f 30ff 	mov.w	r0, #4294967295
10000a2c:	e7e8      	b.n	10000a00 <hw_claim_unused_from_range+0x4c>
10000a2e:	bf00      	nop
10000a30:	2000200f 	.word	0x2000200f

10000a34 <next_striped_spin_lock_num>:
10000a34:	4a04      	ldr	r2, [pc, #16]	@ (10000a48 <next_striped_spin_lock_num+0x14>)
10000a36:	7810      	ldrb	r0, [r2, #0]
10000a38:	1c43      	adds	r3, r0, #1
10000a3a:	b2db      	uxtb	r3, r3
10000a3c:	2b18      	cmp	r3, #24
10000a3e:	bf28      	it	cs
10000a40:	2310      	movcs	r3, #16
10000a42:	7013      	strb	r3, [r2, #0]
10000a44:	4770      	bx	lr
10000a46:	bf00      	nop
10000a48:	2000150c 	.word	0x2000150c

10000a4c <spin_lock_claim_unused>:
10000a4c:	b510      	push	{r4, lr}
10000a4e:	4c05      	ldr	r4, [pc, #20]	@ (10000a64 <spin_lock_claim_unused+0x18>)
10000a50:	b082      	sub	sp, #8
10000a52:	4601      	mov	r1, r0
10000a54:	231f      	movs	r3, #31
10000a56:	2218      	movs	r2, #24
10000a58:	9400      	str	r4, [sp, #0]
10000a5a:	4803      	ldr	r0, [pc, #12]	@ (10000a68 <spin_lock_claim_unused+0x1c>)
10000a5c:	f7ff ffaa 	bl	100009b4 <hw_claim_unused_from_range>
10000a60:	b002      	add	sp, #8
10000a62:	bd10      	pop	{r4, pc}
10000a64:	100093a4 	.word	0x100093a4
10000a68:	20002420 	.word	0x20002420

10000a6c <spinlock_set_extexclall>:
10000a6c:	f04f 22e0 	mov.w	r2, #3758153728	@ 0xe000e000
10000a70:	6893      	ldr	r3, [r2, #8]
10000a72:	f043 5300 	orr.w	r3, r3, #536870912	@ 0x20000000
10000a76:	6093      	str	r3, [r2, #8]
10000a78:	4770      	bx	lr
10000a7a:	bf00      	nop

10000a7c <spin_locks_reset>:
10000a7c:	2100      	movs	r1, #0
10000a7e:	4b04      	ldr	r3, [pc, #16]	@ (10000a90 <spin_locks_reset+0x14>)
10000a80:	f103 0220 	add.w	r2, r3, #32
10000a84:	e8c3 1f8f 	stlb	r1, [r3]
10000a88:	3301      	adds	r3, #1
10000a8a:	4293      	cmp	r3, r2
10000a8c:	d1fa      	bne.n	10000a84 <spin_locks_reset+0x8>
10000a8e:	4770      	bx	lr
10000a90:	20002004 	.word	0x20002004

10000a94 <runtime_init_per_core_irq_priorities>:
10000a94:	f04f 23e0 	mov.w	r3, #3758153728	@ 0xe000e000
10000a98:	f04f 3280 	mov.w	r2, #2155905152	@ 0x80808080
10000a9c:	f8c3 2400 	str.w	r2, [r3, #1024]	@ 0x400
10000aa0:	f8c3 2404 	str.w	r2, [r3, #1028]	@ 0x404
10000aa4:	f8c3 2408 	str.w	r2, [r3, #1032]	@ 0x408
10000aa8:	f8c3 240c 	str.w	r2, [r3, #1036]	@ 0x40c
10000aac:	f8c3 2410 	str.w	r2, [r3, #1040]	@ 0x410
10000ab0:	f8c3 2414 	str.w	r2, [r3, #1044]	@ 0x414
10000ab4:	f8c3 2418 	str.w	r2, [r3, #1048]	@ 0x418
10000ab8:	f8c3 241c 	str.w	r2, [r3, #1052]	@ 0x41c
10000abc:	f8c3 2420 	str.w	r2, [r3, #1056]	@ 0x420
10000ac0:	f8c3 2424 	str.w	r2, [r3, #1060]	@ 0x424
10000ac4:	f8c3 2428 	str.w	r2, [r3, #1064]	@ 0x428
10000ac8:	f8c3 242c 	str.w	r2, [r3, #1068]	@ 0x42c
10000acc:	f8c3 2430 	str.w	r2, [r3, #1072]	@ 0x430
10000ad0:	4770      	bx	lr
10000ad2:	bf00      	nop

10000ad4 <irq_set_enabled>:
10000ad4:	2301      	movs	r3, #1
10000ad6:	f000 021f 	and.w	r2, r0, #31
10000ada:	4093      	lsls	r3, r2
10000adc:	0940      	lsrs	r0, r0, #5
10000ade:	b141      	cbz	r1, 10000af2 <irq_set_enabled+0x1e>
10000ae0:	0080      	lsls	r0, r0, #2
10000ae2:	f100 4060 	add.w	r0, r0, #3758096384	@ 0xe0000000
10000ae6:	f500 4061 	add.w	r0, r0, #57600	@ 0xe100
10000aea:	f8c0 3180 	str.w	r3, [r0, #384]	@ 0x180
10000aee:	6003      	str	r3, [r0, #0]
10000af0:	4770      	bx	lr
10000af2:	4a02      	ldr	r2, [pc, #8]	@ (10000afc <irq_set_enabled+0x28>)
10000af4:	3020      	adds	r0, #32
10000af6:	f842 3020 	str.w	r3, [r2, r0, lsl #2]
10000afa:	4770      	bx	lr
10000afc:	e000e100 	.word	0xe000e100

10000b00 <irq_is_enabled>:
10000b00:	2301      	movs	r3, #1
10000b02:	4a06      	ldr	r2, [pc, #24]	@ (10000b1c <irq_is_enabled+0x1c>)
10000b04:	0941      	lsrs	r1, r0, #5
10000b06:	f852 2021 	ldr.w	r2, [r2, r1, lsl #2]
10000b0a:	f000 001f 	and.w	r0, r0, #31
10000b0e:	fa03 f000 	lsl.w	r0, r3, r0
10000b12:	4010      	ands	r0, r2
10000b14:	3800      	subs	r0, #0
10000b16:	bf18      	it	ne
10000b18:	2001      	movne	r0, #1
10000b1a:	4770      	bx	lr
10000b1c:	e000e100 	.word	0xe000e100

10000b20 <irq_set_pending>:
10000b20:	2201      	movs	r2, #1
10000b22:	0943      	lsrs	r3, r0, #5
10000b24:	4903      	ldr	r1, [pc, #12]	@ (10000b34 <irq_set_pending+0x14>)
10000b26:	f000 001f 	and.w	r0, r0, #31
10000b2a:	4082      	lsls	r2, r0
10000b2c:	3340      	adds	r3, #64	@ 0x40
10000b2e:	f841 2023 	str.w	r2, [r1, r3, lsl #2]
10000b32:	4770      	bx	lr
10000b34:	e000e100 	.word	0xe000e100

10000b38 <irq_has_shared_handler>:
10000b38:	4a05      	ldr	r2, [pc, #20]	@ (10000b50 <irq_has_shared_handler+0x18>)
10000b3a:	3010      	adds	r0, #16
10000b3c:	6892      	ldr	r2, [r2, #8]
10000b3e:	4b05      	ldr	r3, [pc, #20]	@ (10000b54 <irq_has_shared_handler+0x1c>)
10000b40:	f852 0020 	ldr.w	r0, [r2, r0, lsl #2]
10000b44:	1ac0      	subs	r0, r0, r3
10000b46:	282f      	cmp	r0, #47	@ 0x2f
10000b48:	bf8c      	ite	hi
10000b4a:	2000      	movhi	r0, #0
10000b4c:	2001      	movls	r0, #1
10000b4e:	4770      	bx	lr
10000b50:	e000ed00 	.word	0xe000ed00
10000b54:	20001510 	.word	0x20001510

10000b58 <irq_set_exclusive_handler>:
10000b58:	b5f8      	push	{r3, r4, r5, r6, r7, lr}
10000b5a:	460d      	mov	r5, r1
10000b5c:	f3ef 8710 	mrs	r7, PRIMASK
10000b60:	b672      	cpsid	i
10000b62:	4e12      	ldr	r6, [pc, #72]	@ (10000bac <irq_set_exclusive_handler+0x54>)
10000b64:	e8d6 2fcf 	ldaexb	r2, [r6]
10000b68:	2301      	movs	r3, #1
10000b6a:	2a00      	cmp	r2, #0
10000b6c:	d1fa      	bne.n	10000b64 <irq_set_exclusive_handler+0xc>
10000b6e:	e8c6 3f42 	strexb	r2, r3, [r6]
10000b72:	2a00      	cmp	r2, #0
10000b74:	d1f6      	bne.n	10000b64 <irq_set_exclusive_handler+0xc>
10000b76:	f3bf 8f5f 	dmb	sy
10000b7a:	4b0d      	ldr	r3, [pc, #52]	@ (10000bb0 <irq_set_exclusive_handler+0x58>)
10000b7c:	f100 0410 	add.w	r4, r0, #16
10000b80:	689b      	ldr	r3, [r3, #8]
10000b82:	4a0c      	ldr	r2, [pc, #48]	@ (10000bb4 <irq_set_exclusive_handler+0x5c>)
10000b84:	f853 3024 	ldr.w	r3, [r3, r4, lsl #2]
10000b88:	4293      	cmp	r3, r2
10000b8a:	d003      	beq.n	10000b94 <irq_set_exclusive_handler+0x3c>
10000b8c:	4299      	cmp	r1, r3
10000b8e:	d001      	beq.n	10000b94 <irq_set_exclusive_handler+0x3c>
10000b90:	f000 ff74 	bl	10001a7c <hard_assertion_failure>
10000b94:	4b06      	ldr	r3, [pc, #24]	@ (10000bb0 <irq_set_exclusive_handler+0x58>)
10000b96:	689b      	ldr	r3, [r3, #8]
10000b98:	f843 5024 	str.w	r5, [r3, r4, lsl #2]
10000b9c:	f3bf 8f5f 	dmb	sy
10000ba0:	2300      	movs	r3, #0
10000ba2:	e8c6 3f8f 	stlb	r3, [r6]
10000ba6:	f387 8810 	msr	PRIMASK, r7
10000baa:	bdf8      	pop	{r3, r4, r5, r6, r7, pc}
10000bac:	2000200d 	.word	0x2000200d
10000bb0:	e000ed00 	.word	0xe000ed00
10000bb4:	1000011d 	.word	0x1000011d

10000bb8 <irq_add_shared_handler>:
10000bb8:	e92d 4ff0 	stmdb	sp!, {r4, r5, r6, r7, r8, r9, sl, fp, lr}
10000bbc:	4681      	mov	r9, r0
10000bbe:	468b      	mov	fp, r1
10000bc0:	4616      	mov	r6, r2
10000bc2:	b083      	sub	sp, #12
10000bc4:	f3ef 8310 	mrs	r3, PRIMASK
10000bc8:	b672      	cpsid	i
10000bca:	f8df a1d0 	ldr.w	sl, [pc, #464]	@ 10000d9c <irq_add_shared_handler+0x1e4>
10000bce:	9300      	str	r3, [sp, #0]
10000bd0:	e8da 1fcf 	ldaexb	r1, [sl]
10000bd4:	2301      	movs	r3, #1
10000bd6:	2900      	cmp	r1, #0
10000bd8:	d1fa      	bne.n	10000bd0 <irq_add_shared_handler+0x18>
10000bda:	e8ca 3f41 	strexb	r1, r3, [sl]
10000bde:	2900      	cmp	r1, #0
10000be0:	d1f6      	bne.n	10000bd0 <irq_add_shared_handler+0x18>
10000be2:	f3bf 8f5f 	dmb	sy
10000be6:	4b66      	ldr	r3, [pc, #408]	@ (10000d80 <irq_add_shared_handler+0x1c8>)
10000be8:	f993 4000 	ldrsb.w	r4, [r3]
10000bec:	2c00      	cmp	r4, #0
10000bee:	f2c0 80a0 	blt.w	10000d32 <irq_add_shared_handler+0x17a>
10000bf2:	4d64      	ldr	r5, [pc, #400]	@ (10000d84 <irq_add_shared_handler+0x1cc>)
10000bf4:	eb04 0744 	add.w	r7, r4, r4, lsl #1
10000bf8:	eb05 0887 	add.w	r8, r5, r7, lsl #2
10000bfc:	f898 1006 	ldrb.w	r1, [r8, #6]
10000c00:	f109 0910 	add.w	r9, r9, #16
10000c04:	7019      	strb	r1, [r3, #0]
10000c06:	4b60      	ldr	r3, [pc, #384]	@ (10000d88 <irq_add_shared_handler+0x1d0>)
10000c08:	00bf      	lsls	r7, r7, #2
10000c0a:	689b      	ldr	r3, [r3, #8]
10000c0c:	f853 0029 	ldr.w	r0, [r3, r9, lsl #2]
10000c10:	0063      	lsls	r3, r4, #1
10000c12:	1b41      	subs	r1, r0, r5
10000c14:	292f      	cmp	r1, #47	@ 0x2f
10000c16:	d92f      	bls.n	10000c78 <irq_add_shared_handler+0xc0>
10000c18:	495c      	ldr	r1, [pc, #368]	@ (10000d8c <irq_add_shared_handler+0x1d4>)
10000c1a:	4288      	cmp	r0, r1
10000c1c:	f040 80a4 	bne.w	10000d68 <irq_add_shared_handler+0x1b0>
10000c20:	441c      	add	r4, r3
10000c22:	4b5b      	ldr	r3, [pc, #364]	@ (10000d90 <irq_add_shared_handler+0x1d8>)
10000c24:	3702      	adds	r7, #2
10000c26:	442f      	add	r7, r5
10000c28:	3b04      	subs	r3, #4
10000c2a:	1bdb      	subs	r3, r3, r7
10000c2c:	f3c3 034a 	ubfx	r3, r3, #1, #11
10000c30:	ea6f 43c3 	mvn.w	r3, r3, lsl #19
10000c34:	f44f 4121 	mov.w	r1, #41216	@ 0xa100
10000c38:	ea6f 43d3 	mvn.w	r3, r3, lsr #19
10000c3c:	f825 1024 	strh.w	r1, [r5, r4, lsl #2]
10000c40:	eb05 0484 	add.w	r4, r5, r4, lsl #2
10000c44:	8063      	strh	r3, [r4, #2]
10000c46:	f64b 5301 	movw	r3, #48385	@ 0xbd01
10000c4a:	80a3      	strh	r3, [r4, #4]
10000c4c:	23ff      	movs	r3, #255	@ 0xff
10000c4e:	f048 0001 	orr.w	r0, r8, #1
10000c52:	71e6      	strb	r6, [r4, #7]
10000c54:	f8c4 b008 	str.w	fp, [r4, #8]
10000c58:	71a3      	strb	r3, [r4, #6]
10000c5a:	4b4b      	ldr	r3, [pc, #300]	@ (10000d88 <irq_add_shared_handler+0x1d0>)
10000c5c:	689b      	ldr	r3, [r3, #8]
10000c5e:	f843 0029 	str.w	r0, [r3, r9, lsl #2]
10000c62:	f3bf 8f5f 	dmb	sy
10000c66:	2300      	movs	r3, #0
10000c68:	e8ca 3f8f 	stlb	r3, [sl]
10000c6c:	9b00      	ldr	r3, [sp, #0]
10000c6e:	f383 8810 	msr	PRIMASK, r3
10000c72:	b003      	add	sp, #12
10000c74:	e8bd 8ff0 	ldmia.w	sp!, {r4, r5, r6, r7, r8, r9, sl, fp, pc}
10000c78:	f020 0e01 	bic.w	lr, r0, #1
10000c7c:	f89e 1007 	ldrb.w	r1, [lr, #7]
10000c80:	42b1      	cmp	r1, r6
10000c82:	d82e      	bhi.n	10000ce2 <irq_add_shared_handler+0x12a>
10000c84:	f44f 4321 	mov.w	r3, #41216	@ 0xa100
10000c88:	53eb      	strh	r3, [r5, r7]
10000c8a:	4b41      	ldr	r3, [pc, #260]	@ (10000d90 <irq_add_shared_handler+0x1d8>)
10000c8c:	1cb9      	adds	r1, r7, #2
10000c8e:	4429      	add	r1, r5
10000c90:	3b04      	subs	r3, #4
10000c92:	3704      	adds	r7, #4
10000c94:	1a5b      	subs	r3, r3, r1
10000c96:	442f      	add	r7, r5
10000c98:	f1ae 0104 	sub.w	r1, lr, #4
10000c9c:	1bc9      	subs	r1, r1, r7
10000c9e:	f3c1 044a 	ubfx	r4, r1, #1, #11
10000ca2:	493c      	ldr	r1, [pc, #240]	@ (10000d94 <irq_add_shared_handler+0x1dc>)
10000ca4:	f3c3 034a 	ubfx	r3, r3, #1, #11
10000ca8:	430b      	orrs	r3, r1
10000caa:	4321      	orrs	r1, r4
10000cac:	f8a8 1004 	strh.w	r1, [r8, #4]
10000cb0:	4939      	ldr	r1, [pc, #228]	@ (10000d98 <irq_add_shared_handler+0x1e0>)
10000cb2:	f8a8 3002 	strh.w	r3, [r8, #2]
10000cb6:	f64a 20aa 	movw	r0, #43690	@ 0xaaaa
10000cba:	4673      	mov	r3, lr
10000cbc:	1b5b      	subs	r3, r3, r5
10000cbe:	415b      	adcs	r3, r3
10000cc0:	4358      	muls	r0, r3
10000cc2:	0d00      	lsrs	r0, r0, #20
10000cc4:	f888 6007 	strb.w	r6, [r8, #7]
10000cc8:	f888 0006 	strb.w	r0, [r8, #6]
10000ccc:	f8c8 b008 	str.w	fp, [r8, #8]
10000cd0:	f048 0001 	orr.w	r0, r8, #1
10000cd4:	f8ce 1000 	str.w	r1, [lr]
10000cd8:	e7bf      	b.n	10000c5a <irq_add_shared_handler+0xa2>
10000cda:	79d1      	ldrb	r1, [r2, #7]
10000cdc:	42b1      	cmp	r1, r6
10000cde:	d92e      	bls.n	10000d3e <irq_add_shared_handler+0x186>
10000ce0:	4696      	mov	lr, r2
10000ce2:	f99e c006 	ldrsb.w	ip, [lr, #6]
10000ce6:	eb0c 024c 	add.w	r2, ip, ip, lsl #1
10000cea:	f1bc 0f00 	cmp.w	ip, #0
10000cee:	eb05 0282 	add.w	r2, r5, r2, lsl #2
10000cf2:	daf2      	bge.n	10000cda <irq_add_shared_handler+0x122>
10000cf4:	f64b 5101 	movw	r1, #48385	@ 0xbd01
10000cf8:	f10e 0204 	add.w	r2, lr, #4
10000cfc:	f1a8 0704 	sub.w	r7, r8, #4
10000d00:	1abf      	subs	r7, r7, r2
10000d02:	f3c7 074a 	ubfx	r7, r7, #1, #11
10000d06:	ea6f 47c7 	mvn.w	r7, r7, lsl #19
10000d0a:	ea6f 47d7 	mvn.w	r7, r7, lsr #19
10000d0e:	f88e 4006 	strb.w	r4, [lr, #6]
10000d12:	eb03 0804 	add.w	r8, r3, r4
10000d16:	4c20      	ldr	r4, [pc, #128]	@ (10000d98 <irq_add_shared_handler+0x1e0>)
10000d18:	eb05 0388 	add.w	r3, r5, r8, lsl #2
10000d1c:	f8ae 7004 	strh.w	r7, [lr, #4]
10000d20:	f845 4028 	str.w	r4, [r5, r8, lsl #2]
10000d24:	8099      	strh	r1, [r3, #4]
10000d26:	f883 c006 	strb.w	ip, [r3, #6]
10000d2a:	71de      	strb	r6, [r3, #7]
10000d2c:	f8c3 b008 	str.w	fp, [r3, #8]
10000d30:	e793      	b.n	10000c5a <irq_add_shared_handler+0xa2>
10000d32:	f000 fea3 	bl	10001a7c <hard_assertion_failure>
10000d36:	4b12      	ldr	r3, [pc, #72]	@ (10000d80 <irq_add_shared_handler+0x1c8>)
10000d38:	f993 4000 	ldrsb.w	r4, [r3]
10000d3c:	e759      	b.n	10000bf2 <irq_add_shared_handler+0x3a>
10000d3e:	4672      	mov	r2, lr
10000d40:	f832 1f04 	ldrh.w	r1, [r2, #4]!
10000d44:	0549      	lsls	r1, r1, #21
10000d46:	d414      	bmi.n	10000d72 <irq_add_shared_handler+0x1ba>
10000d48:	1549      	asrs	r1, r1, #21
10000d4a:	3102      	adds	r1, #2
10000d4c:	eb02 0141 	add.w	r1, r2, r1, lsl #1
10000d50:	9101      	str	r1, [sp, #4]
10000d52:	f06f 0107 	mvn.w	r1, #7
10000d56:	1bc9      	subs	r1, r1, r7
10000d58:	9f01      	ldr	r7, [sp, #4]
10000d5a:	1b49      	subs	r1, r1, r5
10000d5c:	4439      	add	r1, r7
10000d5e:	f3c1 014a 	ubfx	r1, r1, #1, #11
10000d62:	f441 4160 	orr.w	r1, r1, #57344	@ 0xe000
10000d66:	e7c9      	b.n	10000cfc <irq_add_shared_handler+0x144>
10000d68:	9301      	str	r3, [sp, #4]
10000d6a:	f000 fe87 	bl	10001a7c <hard_assertion_failure>
10000d6e:	9b01      	ldr	r3, [sp, #4]
10000d70:	e756      	b.n	10000c20 <irq_add_shared_handler+0x68>
10000d72:	f501 11ff 	add.w	r1, r1, #2088960	@ 0x1fe000
10000d76:	f501 51ff 	add.w	r1, r1, #8160	@ 0x1fe0
10000d7a:	311f      	adds	r1, #31
10000d7c:	e7e4      	b.n	10000d48 <irq_add_shared_handler+0x190>
10000d7e:	bf00      	nop
10000d80:	20002a90 	.word	0x20002a90
10000d84:	20001510 	.word	0x20001510
10000d88:	e000ed00 	.word	0xe000ed00
10000d8c:	1000011d 	.word	0x1000011d
10000d90:	20001540 	.word	0x20001540
10000d94:	ffffe000 	.word	0xffffe000
10000d98:	47804801 	.word	0x47804801
10000d9c:	2000200d 	.word	0x2000200d

10000da0 <irq_add_tail_to_free_list>:
10000da0:	b5f0      	push	{r4, r5, r6, r7, lr}
10000da2:	f3ef 8505 	mrs	r5, IPSR
10000da6:	b2ed      	uxtb	r5, r5
10000da8:	f3ef 8c10 	mrs	ip, PRIMASK
10000dac:	b672      	cpsid	i
10000dae:	4926      	ldr	r1, [pc, #152]	@ (10000e48 <irq_add_tail_to_free_list+0xa8>)
10000db0:	e8d1 2fcf 	ldaexb	r2, [r1]
10000db4:	2301      	movs	r3, #1
10000db6:	2a00      	cmp	r2, #0
10000db8:	d1fa      	bne.n	10000db0 <irq_add_tail_to_free_list+0x10>
10000dba:	e8c1 3f42 	strexb	r2, r3, [r1]
10000dbe:	2a00      	cmp	r2, #0
10000dc0:	d1f6      	bne.n	10000db0 <irq_add_tail_to_free_list+0x10>
10000dc2:	f3bf 8f5f 	dmb	sy
10000dc6:	4e21      	ldr	r6, [pc, #132]	@ (10000e4c <irq_add_tail_to_free_list+0xac>)
10000dc8:	f040 0e01 	orr.w	lr, r0, #1
10000dcc:	68b4      	ldr	r4, [r6, #8]
10000dce:	f64a 23aa 	movw	r3, #43690	@ 0xaaaa
10000dd2:	f854 7025 	ldr.w	r7, [r4, r5, lsl #2]
10000dd6:	4a1e      	ldr	r2, [pc, #120]	@ (10000e50 <irq_add_tail_to_free_list+0xb0>)
10000dd8:	4604      	mov	r4, r0
10000dda:	1aa4      	subs	r4, r4, r2
10000ddc:	4164      	adcs	r4, r4
10000dde:	4363      	muls	r3, r4
10000de0:	0d1b      	lsrs	r3, r3, #20
10000de2:	4577      	cmp	r7, lr
10000de4:	b25b      	sxtb	r3, r3
10000de6:	d01b      	beq.n	10000e20 <irq_add_tail_to_free_list+0x80>
10000de8:	f992 4006 	ldrsb.w	r4, [r2, #6]
10000dec:	429c      	cmp	r4, r3
10000dee:	d01c      	beq.n	10000e2a <irq_add_tail_to_free_list+0x8a>
10000df0:	f992 4012 	ldrsb.w	r4, [r2, #18]
10000df4:	429c      	cmp	r4, r3
10000df6:	d023      	beq.n	10000e40 <irq_add_tail_to_free_list+0xa0>
10000df8:	f992 401e 	ldrsb.w	r4, [r2, #30]
10000dfc:	429c      	cmp	r4, r3
10000dfe:	d021      	beq.n	10000e44 <irq_add_tail_to_free_list+0xa4>
10000e00:	f992 402a 	ldrsb.w	r4, [r2, #42]	@ 0x2a
10000e04:	429c      	cmp	r4, r3
10000e06:	bf08      	it	eq
10000e08:	2403      	moveq	r4, #3
10000e0a:	d00f      	beq.n	10000e2c <irq_add_tail_to_free_list+0x8c>
10000e0c:	4a11      	ldr	r2, [pc, #68]	@ (10000e54 <irq_add_tail_to_free_list+0xb4>)
10000e0e:	2400      	movs	r4, #0
10000e10:	7815      	ldrb	r5, [r2, #0]
10000e12:	7013      	strb	r3, [r2, #0]
10000e14:	7185      	strb	r5, [r0, #6]
10000e16:	e8c1 4f8f 	stlb	r4, [r1]
10000e1a:	f38c 8810 	msr	PRIMASK, ip
10000e1e:	bdf0      	pop	{r4, r5, r6, r7, pc}
10000e20:	68b2      	ldr	r2, [r6, #8]
10000e22:	4c0d      	ldr	r4, [pc, #52]	@ (10000e58 <irq_add_tail_to_free_list+0xb8>)
10000e24:	f842 4025 	str.w	r4, [r2, r5, lsl #2]
10000e28:	e7f0      	b.n	10000e0c <irq_add_tail_to_free_list+0x6c>
10000e2a:	2400      	movs	r4, #0
10000e2c:	eb04 0444 	add.w	r4, r4, r4, lsl #1
10000e30:	eb02 0284 	add.w	r2, r2, r4, lsl #2
10000e34:	24ff      	movs	r4, #255	@ 0xff
10000e36:	7194      	strb	r4, [r2, #6]
10000e38:	f64b 5401 	movw	r4, #48385	@ 0xbd01
10000e3c:	8094      	strh	r4, [r2, #4]
10000e3e:	e7e5      	b.n	10000e0c <irq_add_tail_to_free_list+0x6c>
10000e40:	2401      	movs	r4, #1
10000e42:	e7f3      	b.n	10000e2c <irq_add_tail_to_free_list+0x8c>
10000e44:	2402      	movs	r4, #2
10000e46:	e7f1      	b.n	10000e2c <irq_add_tail_to_free_list+0x8c>
10000e48:	2000200d 	.word	0x2000200d
10000e4c:	e000ed00 	.word	0xe000ed00
10000e50:	20001510 	.word	0x20001510
10000e54:	20002a90 	.word	0x20002a90
10000e58:	1000011d 	.word	0x1000011d

10000e5c <user_irq_claim_unused>:
10000e5c:	b510      	push	{r4, lr}
10000e5e:	4c07      	ldr	r4, [pc, #28]	@ (10000e7c <user_irq_claim_unused+0x20>)
10000e60:	b082      	sub	sp, #8
10000e62:	4601      	mov	r1, r0
10000e64:	2305      	movs	r3, #5
10000e66:	2200      	movs	r2, #0
10000e68:	9400      	str	r4, [sp, #0]
10000e6a:	4805      	ldr	r0, [pc, #20]	@ (10000e80 <user_irq_claim_unused+0x24>)
10000e6c:	f7ff fda2 	bl	100009b4 <hw_claim_unused_from_range>
10000e70:	2800      	cmp	r0, #0
10000e72:	bfa8      	it	ge
10000e74:	f1c0 0033 	rsbge	r0, r0, #51	@ 0x33
10000e78:	b002      	add	sp, #8
10000e7a:	bd10      	pop	{r4, pc}
10000e7c:	100093c0 	.word	0x100093c0
10000e80:	20002a94 	.word	0x20002a94

10000e84 <lock_init>:
10000e84:	4b01      	ldr	r3, [pc, #4]	@ (10000e8c <lock_init+0x8>)
10000e86:	440b      	add	r3, r1
10000e88:	6003      	str	r3, [r0, #0]
10000e8a:	4770      	bx	lr
10000e8c:	20002004 	.word	0x20002004

10000e90 <runtime_init_mutex>:
10000e90:	b570      	push	{r4, r5, r6, lr}
10000e92:	4c10      	ldr	r4, [pc, #64]	@ (10000ed4 <runtime_init_mutex+0x44>)
10000e94:	4d10      	ldr	r5, [pc, #64]	@ (10000ed8 <runtime_init_mutex+0x48>)
10000e96:	42ac      	cmp	r4, r5
10000e98:	d20e      	bcs.n	10000eb8 <runtime_init_mutex+0x28>
10000e9a:	26ff      	movs	r6, #255	@ 0xff
10000e9c:	6823      	ldr	r3, [r4, #0]
10000e9e:	b163      	cbz	r3, 10000eba <runtime_init_mutex+0x2a>
10000ea0:	f7ff fdc8 	bl	10000a34 <next_striped_spin_lock_num>
10000ea4:	4601      	mov	r1, r0
10000ea6:	4620      	mov	r0, r4
10000ea8:	f7ff ffec 	bl	10000e84 <lock_init>
10000eac:	80a6      	strh	r6, [r4, #4]
10000eae:	f3bf 8f5f 	dmb	sy
10000eb2:	3408      	adds	r4, #8
10000eb4:	42ac      	cmp	r4, r5
10000eb6:	d3f1      	bcc.n	10000e9c <runtime_init_mutex+0xc>
10000eb8:	bd70      	pop	{r4, r5, r6, pc}
10000eba:	f7ff fdbb 	bl	10000a34 <next_striped_spin_lock_num>
10000ebe:	4601      	mov	r1, r0
10000ec0:	4620      	mov	r0, r4
10000ec2:	f7ff ffdf 	bl	10000e84 <lock_init>
10000ec6:	7126      	strb	r6, [r4, #4]
10000ec8:	f3bf 8f5f 	dmb	sy
10000ecc:	3408      	adds	r4, #8
10000ece:	42ac      	cmp	r4, r5
10000ed0:	d3e4      	bcc.n	10000e9c <runtime_init_mutex+0xc>
10000ed2:	bd70      	pop	{r4, r5, r6, pc}
10000ed4:	20001b10 	.word	0x20001b10
10000ed8:	20001b18 	.word	0x20001b18

10000edc <mutex_init>:
10000edc:	b510      	push	{r4, lr}
10000ede:	4604      	mov	r4, r0
10000ee0:	f7ff fda8 	bl	10000a34 <next_striped_spin_lock_num>
10000ee4:	4601      	mov	r1, r0
10000ee6:	4620      	mov	r0, r4
10000ee8:	f7ff ffcc 	bl	10000e84 <lock_init>
10000eec:	23ff      	movs	r3, #255	@ 0xff
10000eee:	7123      	strb	r3, [r4, #4]
10000ef0:	f3bf 8f5f 	dmb	sy
10000ef4:	bd10      	pop	{r4, pc}
10000ef6:	bf00      	nop

10000ef8 <critical_section_init>:
10000ef8:	b510      	push	{r4, lr}
10000efa:	4604      	mov	r4, r0
10000efc:	2001      	movs	r0, #1
10000efe:	f7ff fda5 	bl	10000a4c <spin_lock_claim_unused>
10000f02:	4b03      	ldr	r3, [pc, #12]	@ (10000f10 <critical_section_init+0x18>)
10000f04:	4403      	add	r3, r0
10000f06:	6023      	str	r3, [r4, #0]
10000f08:	f3bf 8f5f 	dmb	sy
10000f0c:	bd10      	pop	{r4, pc}
10000f0e:	bf00      	nop
10000f10:	20002004 	.word	0x20002004

10000f14 <critical_section_init_with_lock_num>:
10000f14:	4b02      	ldr	r3, [pc, #8]	@ (10000f20 <critical_section_init_with_lock_num+0xc>)
10000f16:	440b      	add	r3, r1
10000f18:	6003      	str	r3, [r0, #0]
10000f1a:	f3bf 8f5f 	dmb	sy
10000f1e:	4770      	bx	lr
10000f20:	20002004 	.word	0x20002004

10000f24 <sleep_until_callback>:
10000f24:	4b0d      	ldr	r3, [pc, #52]	@ (10000f5c <sleep_until_callback+0x38>)
10000f26:	681a      	ldr	r2, [r3, #0]
10000f28:	f3ef 8110 	mrs	r1, PRIMASK
10000f2c:	b672      	cpsid	i
10000f2e:	e8d2 cfcf 	ldaexb	ip, [r2]
10000f32:	2001      	movs	r0, #1
10000f34:	f1bc 0f00 	cmp.w	ip, #0
10000f38:	d1f9      	bne.n	10000f2e <sleep_until_callback+0xa>
10000f3a:	e8c2 0f4c 	strexb	ip, r0, [r2]
10000f3e:	f1bc 0f00 	cmp.w	ip, #0
10000f42:	d1f4      	bne.n	10000f2e <sleep_until_callback+0xa>
10000f44:	f3bf 8f5f 	dmb	sy
10000f48:	2200      	movs	r2, #0
10000f4a:	681b      	ldr	r3, [r3, #0]
10000f4c:	e8c3 2f8f 	stlb	r2, [r3]
10000f50:	f381 8810 	msr	PRIMASK, r1
10000f54:	bf40      	sev
10000f56:	2000      	movs	r0, #0
10000f58:	2100      	movs	r1, #0
10000f5a:	4770      	bx	lr
10000f5c:	2000299c 	.word	0x2000299c

10000f60 <alarm_pool_irq_handler>:
10000f60:	e92d 4ff0 	stmdb	sp!, {r4, r5, r6, r7, r8, r9, sl, fp, lr}
10000f64:	ed2d 8b02 	vpush	{d8}
10000f68:	b085      	sub	sp, #20
10000f6a:	f3ef 8305 	mrs	r3, IPSR
10000f6e:	b2db      	uxtb	r3, r3
10000f70:	3b10      	subs	r3, #16
10000f72:	089a      	lsrs	r2, r3, #2
10000f74:	bf18      	it	ne
10000f76:	2201      	movne	r2, #1
10000f78:	f04f 0101 	mov.w	r1, #1
10000f7c:	f003 0b03 	and.w	fp, r3, #3
10000f80:	bf18      	it	ne
10000f82:	4daf      	ldrne	r5, [pc, #700]	@ (10001240 <alarm_pool_irq_handler+0x2e0>)
10000f84:	4baf      	ldr	r3, [pc, #700]	@ (10001244 <alarm_pool_irq_handler+0x2e4>)
10000f86:	bf08      	it	eq
10000f88:	4daf      	ldreq	r5, [pc, #700]	@ (10001248 <alarm_pool_irq_handler+0x2e8>)
10000f8a:	eb0b 0282 	add.w	r2, fp, r2, lsl #2
10000f8e:	f853 6022 	ldr.w	r6, [r3, r2, lsl #2]
10000f92:	fa01 f20b 	lsl.w	r2, r1, fp
10000f96:	f505 5341 	add.w	r3, r5, #12352	@ 0x3040
10000f9a:	ed9f 8ba7 	vldr	d8, [pc, #668]	@ 10001238 <alarm_pool_irq_handler+0x2d8>
10000f9e:	9201      	str	r2, [sp, #4]
10000fa0:	605a      	str	r2, [r3, #4]
10000fa2:	e02f      	b.n	10001004 <alarm_pool_irq_handler+0xa4>
10000fa4:	88b3      	ldrh	r3, [r6, #4]
10000fa6:	041c      	lsls	r4, r3, #16
10000fa8:	f140 8093 	bpl.w	100010d2 <alarm_pool_irq_handler+0x172>
10000fac:	79b3      	ldrb	r3, [r6, #6]
10000fae:	2b00      	cmp	r3, #0
10000fb0:	f040 80dd 	bne.w	1000116e <alarm_pool_irq_handler+0x20e>
10000fb4:	f9b6 2008 	ldrsh.w	r2, [r6, #8]
10000fb8:	2a00      	cmp	r2, #0
10000fba:	f2c0 811e 	blt.w	100011fa <alarm_pool_irq_handler+0x29a>
10000fbe:	6973      	ldr	r3, [r6, #20]
10000fc0:	eb02 0242 	add.w	r2, r2, r2, lsl #1
10000fc4:	eb03 03c2 	add.w	r3, r3, r2, lsl #3
10000fc8:	e9d3 4702 	ldrd	r4, r7, [r3, #8]
10000fcc:	f1b7 3fff 	cmp.w	r7, #4294967295
10000fd0:	bf08      	it	eq
10000fd2:	f1b4 3fff 	cmpeq.w	r4, #4294967295
10000fd6:	d00e      	beq.n	10000ff6 <alarm_pool_irq_handler+0x96>
10000fd8:	eb05 018b 	add.w	r1, r5, fp, lsl #2
10000fdc:	6aab      	ldr	r3, [r5, #40]	@ 0x28
10000fde:	690a      	ldr	r2, [r1, #16]
10000fe0:	1ad2      	subs	r2, r2, r3
10000fe2:	1ae3      	subs	r3, r4, r3
10000fe4:	4293      	cmp	r3, r2
10000fe6:	d305      	bcc.n	10000ff4 <alarm_pool_irq_handler+0x94>
10000fe8:	2301      	movs	r3, #1
10000fea:	6a2a      	ldr	r2, [r5, #32]
10000fec:	fa03 f30b 	lsl.w	r3, r3, fp
10000ff0:	4213      	tst	r3, r2
10000ff2:	d100      	bne.n	10000ff6 <alarm_pool_irq_handler+0x96>
10000ff4:	610c      	str	r4, [r1, #16]
10000ff6:	4628      	mov	r0, r5
10000ff8:	f000 fbaa 	bl	10001750 <timer_time_us_64>
10000ffc:	42a0      	cmp	r0, r4
10000ffe:	41b9      	sbcs	r1, r7
10001000:	f2c0 80fb 	blt.w	100011fa <alarm_pool_irq_handler+0x29a>
10001004:	f9b6 3008 	ldrsh.w	r3, [r6, #8]
10001008:	9a01      	ldr	r2, [sp, #4]
1000100a:	2b00      	cmp	r3, #0
1000100c:	9300      	str	r3, [sp, #0]
1000100e:	63ea      	str	r2, [r5, #60]	@ 0x3c
10001010:	dbc8      	blt.n	10000fa4 <alarm_pool_irq_handler+0x44>
10001012:	f8d6 8014 	ldr.w	r8, [r6, #20]
10001016:	eb03 0943 	add.w	r9, r3, r3, lsl #1
1000101a:	4628      	mov	r0, r5
1000101c:	eb08 07c9 	add.w	r7, r8, r9, lsl #3
10001020:	e9d7 4a02 	ldrd	r4, sl, [r7, #8]
10001024:	f000 fb94 	bl	10001750 <timer_time_us_64>
10001028:	42a0      	cmp	r0, r4
1000102a:	eb71 010a 	sbcs.w	r1, r1, sl
1000102e:	dbb9      	blt.n	10000fa4 <alarm_pool_irq_handler+0x44>
10001030:	f1ba 0f00 	cmp.w	sl, #0
10001034:	f2c0 80c3 	blt.w	100011be <alarm_pool_irq_handler+0x25e>
10001038:	e9d7 3104 	ldrd	r3, r1, [r7, #16]
1000103c:	4a83      	ldr	r2, [pc, #524]	@ (1000124c <alarm_pool_irq_handler+0x2ec>)
1000103e:	4293      	cmp	r3, r2
10001040:	f000 80ed 	beq.w	1000121e <alarm_pool_irq_handler+0x2be>
10001044:	887a      	ldrh	r2, [r7, #2]
10001046:	f9b6 0008 	ldrsh.w	r0, [r6, #8]
1000104a:	b292      	uxth	r2, r2
1000104c:	ea42 4000 	orr.w	r0, r2, r0, lsl #16
10001050:	4798      	blx	r3
10001052:	4602      	mov	r2, r0
10001054:	460b      	mov	r3, r1
10001056:	ea52 0103 	orrs.w	r1, r2, r3
1000105a:	f000 80b0 	beq.w	100011be <alarm_pool_irq_handler+0x25e>
1000105e:	2b00      	cmp	r3, #0
10001060:	f280 80d1 	bge.w	10001206 <alarm_pool_irq_handler+0x2a6>
10001064:	ebb4 0e02 	subs.w	lr, r4, r2
10001068:	eb6a 0a03 	sbc.w	sl, sl, r3
1000106c:	f938 3039 	ldrsh.w	r3, [r8, r9, lsl #3]
10001070:	e9c7 ea02 	strd	lr, sl, [r7, #8]
10001074:	2b00      	cmp	r3, #0
10001076:	db95      	blt.n	10000fa4 <alarm_pool_irq_handler+0x44>
10001078:	6971      	ldr	r1, [r6, #20]
1000107a:	eb03 0243 	add.w	r2, r3, r3, lsl #1
1000107e:	eb01 02c2 	add.w	r2, r1, r2, lsl #3
10001082:	e9d2 7002 	ldrd	r7, r0, [r2, #8]
10001086:	45be      	cmp	lr, r7
10001088:	eb7a 0c00 	sbcs.w	ip, sl, r0
1000108c:	ea4f 0243 	mov.w	r2, r3, lsl #1
10001090:	db88      	blt.n	10000fa4 <alarm_pool_irq_handler+0x44>
10001092:	46b4      	mov	ip, r6
10001094:	f82c 3f08 	strh.w	r3, [ip, #8]!
10001098:	e006      	b.n	100010a8 <alarm_pool_irq_handler+0x148>
1000109a:	eb03 0043 	add.w	r0, r3, r3, lsl #1
1000109e:	eb01 00c0 	add.w	r0, r1, r0, lsl #3
100010a2:	005a      	lsls	r2, r3, #1
100010a4:	e9d0 7002 	ldrd	r7, r0, [r0, #8]
100010a8:	45be      	cmp	lr, r7
100010aa:	441a      	add	r2, r3
100010ac:	eb7a 0000 	sbcs.w	r0, sl, r0
100010b0:	eb01 04c2 	add.w	r4, r1, r2, lsl #3
100010b4:	db04      	blt.n	100010c0 <alarm_pool_irq_handler+0x160>
100010b6:	f931 3032 	ldrsh.w	r3, [r1, r2, lsl #3]
100010ba:	46a4      	mov	ip, r4
100010bc:	2b00      	cmp	r3, #0
100010be:	daec      	bge.n	1000109a <alarm_pool_irq_handler+0x13a>
100010c0:	f828 3039 	strh.w	r3, [r8, r9, lsl #3]
100010c4:	9b00      	ldr	r3, [sp, #0]
100010c6:	f8ac 3000 	strh.w	r3, [ip]
100010ca:	88b3      	ldrh	r3, [r6, #4]
100010cc:	041c      	lsls	r4, r3, #16
100010ce:	f53f af6d 	bmi.w	10000fac <alarm_pool_irq_handler+0x4c>
100010d2:	6933      	ldr	r3, [r6, #16]
100010d4:	f3ef 8210 	mrs	r2, PRIMASK
100010d8:	b672      	cpsid	i
100010da:	e8d3 0fcf 	ldaexb	r0, [r3]
100010de:	2101      	movs	r1, #1
100010e0:	2800      	cmp	r0, #0
100010e2:	d1fa      	bne.n	100010da <alarm_pool_irq_handler+0x17a>
100010e4:	e8c3 1f40 	strexb	r0, r1, [r3]
100010e8:	2800      	cmp	r0, #0
100010ea:	d1f6      	bne.n	100010da <alarm_pool_irq_handler+0x17a>
100010ec:	f3bf 8f5f 	dmb	sy
100010f0:	f64f 74ff 	movw	r4, #65535	@ 0xffff
100010f4:	88b0      	ldrh	r0, [r6, #4]
100010f6:	2300      	movs	r3, #0
100010f8:	6931      	ldr	r1, [r6, #16]
100010fa:	b200      	sxth	r0, r0
100010fc:	80b4      	strh	r4, [r6, #4]
100010fe:	e8c1 3f8f 	stlb	r3, [r1]
10001102:	f382 8810 	msr	PRIMASK, r2
10001106:	4298      	cmp	r0, r3
10001108:	f6ff af50 	blt.w	10000fac <alarm_pool_irq_handler+0x4c>
1000110c:	4607      	mov	r7, r0
1000110e:	46a9      	mov	r9, r5
10001110:	6974      	ldr	r4, [r6, #20]
10001112:	f106 0808 	add.w	r8, r6, #8
10001116:	eb07 0e47 	add.w	lr, r7, r7, lsl #1
1000111a:	eb04 03ce 	add.w	r3, r4, lr, lsl #3
1000111e:	e9d3 5002 	ldrd	r5, r0, [r3, #8]
10001122:	f9b6 3008 	ldrsh.w	r3, [r6, #8]
10001126:	46c4      	mov	ip, r8
10001128:	2b00      	cmp	r3, #0
1000112a:	db13      	blt.n	10001154 <alarm_pool_irq_handler+0x1f4>
1000112c:	46b2      	mov	sl, r6
1000112e:	9700      	str	r7, [sp, #0]
10001130:	e004      	b.n	1000113c <alarm_pool_irq_handler+0x1dc>
10001132:	f934 3036 	ldrsh.w	r3, [r4, r6, lsl #3]
10001136:	4694      	mov	ip, r2
10001138:	2b00      	cmp	r3, #0
1000113a:	db09      	blt.n	10001150 <alarm_pool_irq_handler+0x1f0>
1000113c:	eb03 0643 	add.w	r6, r3, r3, lsl #1
10001140:	eb04 02c6 	add.w	r2, r4, r6, lsl #3
10001144:	e9d2 7102 	ldrd	r7, r1, [r2, #8]
10001148:	42bd      	cmp	r5, r7
1000114a:	eb70 0101 	sbcs.w	r1, r0, r1
1000114e:	daf0      	bge.n	10001132 <alarm_pool_irq_handler+0x1d2>
10001150:	4656      	mov	r6, sl
10001152:	9f00      	ldr	r7, [sp, #0]
10001154:	f8ac 7000 	strh.w	r7, [ip]
10001158:	f934 703e 	ldrsh.w	r7, [r4, lr, lsl #3]
1000115c:	f824 303e 	strh.w	r3, [r4, lr, lsl #3]
10001160:	2f00      	cmp	r7, #0
10001162:	dad8      	bge.n	10001116 <alarm_pool_irq_handler+0x1b6>
10001164:	79b3      	ldrb	r3, [r6, #6]
10001166:	464d      	mov	r5, r9
10001168:	2b00      	cmp	r3, #0
1000116a:	f43f af23 	beq.w	10000fb4 <alarm_pool_irq_handler+0x54>
1000116e:	2300      	movs	r3, #0
10001170:	71b3      	strb	r3, [r6, #6]
10001172:	f9b6 3008 	ldrsh.w	r3, [r6, #8]
10001176:	f106 0808 	add.w	r8, r6, #8
1000117a:	1c58      	adds	r0, r3, #1
1000117c:	d03d      	beq.n	100011fa <alarm_pool_irq_handler+0x29a>
1000117e:	461a      	mov	r2, r3
10001180:	6977      	ldr	r7, [r6, #20]
10001182:	e003      	b.n	1000118c <alarm_pool_irq_handler+0x22c>
10001184:	4680      	mov	r8, r0
10001186:	1c59      	adds	r1, r3, #1
10001188:	f43f af16 	beq.w	10000fb8 <alarm_pool_irq_handler+0x58>
1000118c:	eb03 0143 	add.w	r1, r3, r3, lsl #1
10001190:	eb07 00c1 	add.w	r0, r7, r1, lsl #3
10001194:	f8b0 c002 	ldrh.w	ip, [r0, #2]
10001198:	461c      	mov	r4, r3
1000119a:	f41c 4f00 	tst.w	ip, #32768	@ 0x8000
1000119e:	469e      	mov	lr, r3
100011a0:	f937 3031 	ldrsh.w	r3, [r7, r1, lsl #3]
100011a4:	d0ee      	beq.n	10001184 <alarm_pool_irq_handler+0x224>
100011a6:	4294      	cmp	r4, r2
100011a8:	ed80 8b02 	vstr	d8, [r0, #8]
100011ac:	d005      	beq.n	100011ba <alarm_pool_irq_handler+0x25a>
100011ae:	f8a8 3000 	strh.w	r3, [r8]
100011b2:	8932      	ldrh	r2, [r6, #8]
100011b4:	f827 2031 	strh.w	r2, [r7, r1, lsl #3]
100011b8:	8134      	strh	r4, [r6, #8]
100011ba:	4672      	mov	r2, lr
100011bc:	e7e3      	b.n	10001186 <alarm_pool_irq_handler+0x226>
100011be:	f838 3039 	ldrh.w	r3, [r8, r9, lsl #3]
100011c2:	8133      	strh	r3, [r6, #8]
100011c4:	6933      	ldr	r3, [r6, #16]
100011c6:	f3ef 8210 	mrs	r2, PRIMASK
100011ca:	b672      	cpsid	i
100011cc:	e8d3 0fcf 	ldaexb	r0, [r3]
100011d0:	2101      	movs	r1, #1
100011d2:	2800      	cmp	r0, #0
100011d4:	d1fa      	bne.n	100011cc <alarm_pool_irq_handler+0x26c>
100011d6:	e8c3 1f40 	strexb	r0, r1, [r3]
100011da:	2800      	cmp	r0, #0
100011dc:	d1f6      	bne.n	100011cc <alarm_pool_irq_handler+0x26c>
100011de:	f3bf 8f5f 	dmb	sy
100011e2:	8873      	ldrh	r3, [r6, #2]
100011e4:	6931      	ldr	r1, [r6, #16]
100011e6:	f828 3039 	strh.w	r3, [r8, r9, lsl #3]
100011ea:	9b00      	ldr	r3, [sp, #0]
100011ec:	8073      	strh	r3, [r6, #2]
100011ee:	2300      	movs	r3, #0
100011f0:	e8c1 3f8f 	stlb	r3, [r1]
100011f4:	f382 8810 	msr	PRIMASK, r2
100011f8:	e6d4      	b.n	10000fa4 <alarm_pool_irq_handler+0x44>
100011fa:	bf40      	sev
100011fc:	b005      	add	sp, #20
100011fe:	ecbd 8b02 	vpop	{d8}
10001202:	e8bd 8ff0 	ldmia.w	sp!, {r4, r5, r6, r7, r8, r9, sl, fp, pc}
10001206:	4628      	mov	r0, r5
10001208:	e9cd 2302 	strd	r2, r3, [sp, #8]
1000120c:	f000 faa0 	bl	10001750 <timer_time_us_64>
10001210:	9a02      	ldr	r2, [sp, #8]
10001212:	9b03      	ldr	r3, [sp, #12]
10001214:	eb10 0e02 	adds.w	lr, r0, r2
10001218:	eb43 0a01 	adc.w	sl, r3, r1
1000121c:	e726      	b.n	1000106c <alarm_pool_irq_handler+0x10c>
1000121e:	4608      	mov	r0, r1
10001220:	690b      	ldr	r3, [r1, #16]
10001222:	9102      	str	r1, [sp, #8]
10001224:	4798      	blx	r3
10001226:	2800      	cmp	r0, #0
10001228:	d0c9      	beq.n	100011be <alarm_pool_irq_handler+0x25e>
1000122a:	9902      	ldr	r1, [sp, #8]
1000122c:	e9d1 2300 	ldrd	r2, r3, [r1]
10001230:	e711      	b.n	10001056 <alarm_pool_irq_handler+0xf6>
10001232:	bf00      	nop
10001234:	f3af 8000 	nop.w
10001238:	ffffffff 	.word	0xffffffff
1000123c:	ffffffff 	.word	0xffffffff
10001240:	400b8000 	.word	0x400b8000
10001244:	200028c0 	.word	0x200028c0
10001248:	400b0000 	.word	0x400b0000
1000124c:	10000f61 	.word	0x10000f61

10001250 <runtime_init_default_alarm_pool>:
10001250:	e92d 4ff8 	stmdb	sp!, {r3, r4, r5, r6, r7, r8, r9, sl, fp, lr}
10001254:	4c36      	ldr	r4, [pc, #216]	@ (10001330 <runtime_init_default_alarm_pool+0xe0>)
10001256:	6925      	ldr	r5, [r4, #16]
10001258:	b12d      	cbz	r5, 10001266 <runtime_init_default_alarm_pool+0x16>
1000125a:	e8bd 4ff8 	ldmia.w	sp!, {r3, r4, r5, r6, r7, r8, r9, sl, fp, lr}
1000125e:	210a      	movs	r1, #10
10001260:	4834      	ldr	r0, [pc, #208]	@ (10001334 <runtime_init_default_alarm_pool+0xe4>)
10001262:	f7ff be0f 	b.w	10000e84 <lock_init>
10001266:	f8df 80e4 	ldr.w	r8, [pc, #228]	@ 1000134c <runtime_init_default_alarm_pool+0xfc>
1000126a:	2103      	movs	r1, #3
1000126c:	4640      	mov	r0, r8
1000126e:	f000 fa5d 	bl	1000172c <timer_hardware_alarm_claim>
10001272:	2603      	movs	r6, #3
10001274:	f8c4 800c 	str.w	r8, [r4, #12]
10001278:	f7ff fbdc 	bl	10000a34 <next_striped_spin_lock_num>
1000127c:	f04f 4c50 	mov.w	ip, #3489660928	@ 0xd0000000
10001280:	4b2d      	ldr	r3, [pc, #180]	@ (10001338 <runtime_init_default_alarm_pool+0xe8>)
10001282:	7026      	strb	r6, [r4, #0]
10001284:	4403      	add	r3, r0
10001286:	6123      	str	r3, [r4, #16]
10001288:	f8dc 3000 	ldr.w	r3, [ip]
1000128c:	210f      	movs	r1, #15
1000128e:	7063      	strb	r3, [r4, #1]
10001290:	6963      	ldr	r3, [r4, #20]
10001292:	8061      	strh	r1, [r4, #2]
10001294:	831d      	strh	r5, [r3, #24]
10001296:	f04f 0504 	mov.w	r5, #4
1000129a:	f8a3 5078 	strh.w	r5, [r3, #120]	@ 0x78
1000129e:	f04f 0505 	mov.w	r5, #5
100012a2:	f8a3 5090 	strh.w	r5, [r3, #144]	@ 0x90
100012a6:	f04f 0506 	mov.w	r5, #6
100012aa:	f8a3 50a8 	strh.w	r5, [r3, #168]	@ 0xa8
100012ae:	f04f 0507 	mov.w	r5, #7
100012b2:	210e      	movs	r1, #14
100012b4:	f64f 72ff 	movw	r2, #65535	@ 0xffff
100012b8:	2708      	movs	r7, #8
100012ba:	f04f 0e0a 	mov.w	lr, #10
100012be:	f8a3 50c0 	strh.w	r5, [r3, #192]	@ 0xc0
100012c2:	f04f 0901 	mov.w	r9, #1
100012c6:	f04f 0c0c 	mov.w	ip, #12
100012ca:	f04f 0b02 	mov.w	fp, #2
100012ce:	f04f 0a09 	mov.w	sl, #9
100012d2:	200d      	movs	r0, #13
100012d4:	f04f 050b 	mov.w	r5, #11
100012d8:	f8a3 1168 	strh.w	r1, [r3, #360]	@ 0x168
100012dc:	4917      	ldr	r1, [pc, #92]	@ (1000133c <runtime_init_default_alarm_pool+0xec>)
100012de:	80a2      	strh	r2, [r4, #4]
100012e0:	f8a3 e108 	strh.w	lr, [r3, #264]	@ 0x108
100012e4:	60a1      	str	r1, [r4, #8]
100012e6:	f8a3 b048 	strh.w	fp, [r3, #72]	@ 0x48
100012ea:	f8a3 a0f0 	strh.w	sl, [r3, #240]	@ 0xf0
100012ee:	f8a3 5120 	strh.w	r5, [r3, #288]	@ 0x120
100012f2:	f8a3 c138 	strh.w	ip, [r3, #312]	@ 0x138
100012f6:	f8a3 0150 	strh.w	r0, [r3, #336]	@ 0x150
100012fa:	f8a3 9030 	strh.w	r9, [r3, #48]	@ 0x30
100012fe:	f8a3 6060 	strh.w	r6, [r3, #96]	@ 0x60
10001302:	f8a3 70d8 	strh.w	r7, [r3, #216]	@ 0xd8
10001306:	801a      	strh	r2, [r3, #0]
10001308:	4b0d      	ldr	r3, [pc, #52]	@ (10001340 <runtime_init_default_alarm_pool+0xf0>)
1000130a:	4630      	mov	r0, r6
1000130c:	f8c8 7020 	str.w	r7, [r8, #32]
10001310:	490c      	ldr	r1, [pc, #48]	@ (10001344 <runtime_init_default_alarm_pool+0xf4>)
10001312:	60dc      	str	r4, [r3, #12]
10001314:	f7ff fc20 	bl	10000b58 <irq_set_exclusive_handler>
10001318:	4649      	mov	r1, r9
1000131a:	4630      	mov	r0, r6
1000131c:	f7ff fbda 	bl	10000ad4 <irq_set_enabled>
10001320:	4b09      	ldr	r3, [pc, #36]	@ (10001348 <runtime_init_default_alarm_pool+0xf8>)
10001322:	210a      	movs	r1, #10
10001324:	641f      	str	r7, [r3, #64]	@ 0x40
10001326:	4803      	ldr	r0, [pc, #12]	@ (10001334 <runtime_init_default_alarm_pool+0xe4>)
10001328:	e8bd 4ff8 	ldmia.w	sp!, {r3, r4, r5, r6, r7, r8, r9, sl, fp, lr}
1000132c:	f7ff bdaa 	b.w	10000e84 <lock_init>
10001330:	20001558 	.word	0x20001558
10001334:	2000299c 	.word	0x2000299c
10001338:	20002004 	.word	0x20002004
1000133c:	0010ffff 	.word	0x0010ffff
10001340:	200028c0 	.word	0x200028c0
10001344:	10000f61 	.word	0x10000f61
10001348:	400b2000 	.word	0x400b2000
1000134c:	400b0000 	.word	0x400b0000

10001350 <alarm_pool_get_default>:
10001350:	4800      	ldr	r0, [pc, #0]	@ (10001354 <alarm_pool_get_default+0x4>)
10001352:	4770      	bx	lr
10001354:	20001558 	.word	0x20001558

10001358 <alarm_pool_add_alarm_at>:
10001358:	b5f8      	push	{r3, r4, r5, r6, r7, lr}
1000135a:	f89d 5020 	ldrb.w	r5, [sp, #32]
1000135e:	4604      	mov	r4, r0
10001360:	4617      	mov	r7, r2
10001362:	461e      	mov	r6, r3
10001364:	b935      	cbnz	r5, 10001374 <alarm_pool_add_alarm_at+0x1c>
10001366:	f000 f9fb 	bl	10001760 <time_us_64>
1000136a:	4287      	cmp	r7, r0
1000136c:	eb66 0101 	sbc.w	r1, r6, r1
10001370:	2900      	cmp	r1, #0
10001372:	db5c      	blt.n	1000142e <alarm_pool_add_alarm_at+0xd6>
10001374:	6921      	ldr	r1, [r4, #16]
10001376:	f3ef 8310 	mrs	r3, PRIMASK
1000137a:	b672      	cpsid	i
1000137c:	e8d1 0fcf 	ldaexb	r0, [r1]
10001380:	2201      	movs	r2, #1
10001382:	2800      	cmp	r0, #0
10001384:	d1fa      	bne.n	1000137c <alarm_pool_add_alarm_at+0x24>
10001386:	e8c1 2f40 	strexb	r0, r2, [r1]
1000138a:	2800      	cmp	r0, #0
1000138c:	d1f6      	bne.n	1000137c <alarm_pool_add_alarm_at+0x24>
1000138e:	f3bf 8f5f 	dmb	sy
10001392:	f9b4 2002 	ldrsh.w	r2, [r4, #2]
10001396:	6965      	ldr	r5, [r4, #20]
10001398:	eb02 0142 	add.w	r1, r2, r2, lsl #1
1000139c:	2a00      	cmp	r2, #0
1000139e:	ea4f 0cc1 	mov.w	ip, r1, lsl #3
100013a2:	6920      	ldr	r0, [r4, #16]
100013a4:	eb05 01c1 	add.w	r1, r5, r1, lsl #3
100013a8:	db39      	blt.n	1000141e <alarm_pool_add_alarm_at+0xc6>
100013aa:	f835 e00c 	ldrh.w	lr, [r5, ip]
100013ae:	f8a4 e002 	strh.w	lr, [r4, #2]
100013b2:	f04f 0e00 	mov.w	lr, #0
100013b6:	e8c0 ef8f 	stlb	lr, [r0]
100013ba:	f383 8810 	msr	PRIMASK, r3
100013be:	8848      	ldrh	r0, [r1, #2]
100013c0:	9b06      	ldr	r3, [sp, #24]
100013c2:	3001      	adds	r0, #1
100013c4:	f3c0 000e 	ubfx	r0, r0, #0, #15
100013c8:	2801      	cmp	r0, #1
100013ca:	bf38      	it	cc
100013cc:	2001      	movcc	r0, #1
100013ce:	610b      	str	r3, [r1, #16]
100013d0:	9b07      	ldr	r3, [sp, #28]
100013d2:	8048      	strh	r0, [r1, #2]
100013d4:	614b      	str	r3, [r1, #20]
100013d6:	e9c1 7602 	strd	r7, r6, [r1, #8]
100013da:	ea40 4002 	orr.w	r0, r0, r2, lsl #16
100013de:	6923      	ldr	r3, [r4, #16]
100013e0:	f3ef 8110 	mrs	r1, PRIMASK
100013e4:	b672      	cpsid	i
100013e6:	e8d3 7fcf 	ldaexb	r7, [r3]
100013ea:	2601      	movs	r6, #1
100013ec:	2f00      	cmp	r7, #0
100013ee:	d1fa      	bne.n	100013e6 <alarm_pool_add_alarm_at+0x8e>
100013f0:	e8c3 6f47 	strexb	r7, r6, [r3]
100013f4:	2f00      	cmp	r7, #0
100013f6:	d1f6      	bne.n	100013e6 <alarm_pool_add_alarm_at+0x8e>
100013f8:	f3bf 8f5f 	dmb	sy
100013fc:	88a3      	ldrh	r3, [r4, #4]
100013fe:	f825 300c 	strh.w	r3, [r5, ip]
10001402:	80a2      	strh	r2, [r4, #4]
10001404:	6923      	ldr	r3, [r4, #16]
10001406:	e8c3 ef8f 	stlb	lr, [r3]
1000140a:	f381 8810 	msr	PRIMASK, r1
1000140e:	2201      	movs	r2, #1
10001410:	68e3      	ldr	r3, [r4, #12]
10001412:	7821      	ldrb	r1, [r4, #0]
10001414:	f503 5301 	add.w	r3, r3, #8256	@ 0x2040
10001418:	408a      	lsls	r2, r1
1000141a:	605a      	str	r2, [r3, #4]
1000141c:	bdf8      	pop	{r3, r4, r5, r6, r7, pc}
1000141e:	2200      	movs	r2, #0
10001420:	e8c0 2f8f 	stlb	r2, [r0]
10001424:	f383 8810 	msr	PRIMASK, r3
10001428:	f04f 30ff 	mov.w	r0, #4294967295
1000142c:	bdf8      	pop	{r3, r4, r5, r6, r7, pc}
1000142e:	4628      	mov	r0, r5
10001430:	bdf8      	pop	{r3, r4, r5, r6, r7, pc}
10001432:	bf00      	nop

10001434 <alarm_pool_add_alarm_at_force_in_context>:
10001434:	4601      	mov	r1, r0
10001436:	b5f0      	push	{r4, r5, r6, r7, lr}
10001438:	6900      	ldr	r0, [r0, #16]
1000143a:	f3ef 8710 	mrs	r7, PRIMASK
1000143e:	b672      	cpsid	i
10001440:	e8d0 5fcf 	ldaexb	r5, [r0]
10001444:	2401      	movs	r4, #1
10001446:	2d00      	cmp	r5, #0
10001448:	d1fa      	bne.n	10001440 <alarm_pool_add_alarm_at_force_in_context+0xc>
1000144a:	e8c0 4f45 	strexb	r5, r4, [r0]
1000144e:	2d00      	cmp	r5, #0
10001450:	d1f6      	bne.n	10001440 <alarm_pool_add_alarm_at_force_in_context+0xc>
10001452:	f3bf 8f5f 	dmb	sy
10001456:	f9b1 e002 	ldrsh.w	lr, [r1, #2]
1000145a:	694c      	ldr	r4, [r1, #20]
1000145c:	eb0e 0c4e 	add.w	ip, lr, lr, lsl #1
10001460:	f1be 0f00 	cmp.w	lr, #0
10001464:	ea4f 05cc 	mov.w	r5, ip, lsl #3
10001468:	6908      	ldr	r0, [r1, #16]
1000146a:	eb04 0ccc 	add.w	ip, r4, ip, lsl #3
1000146e:	db3c      	blt.n	100014ea <alarm_pool_add_alarm_at_force_in_context+0xb6>
10001470:	5b66      	ldrh	r6, [r4, r5]
10001472:	804e      	strh	r6, [r1, #2]
10001474:	2600      	movs	r6, #0
10001476:	e8c0 6f8f 	stlb	r6, [r0]
1000147a:	f387 8810 	msr	PRIMASK, r7
1000147e:	f8bc 0002 	ldrh.w	r0, [ip, #2]
10001482:	e9cc 2302 	strd	r2, r3, [ip, #8]
10001486:	3001      	adds	r0, #1
10001488:	f3c0 000e 	ubfx	r0, r0, #0, #15
1000148c:	2801      	cmp	r0, #1
1000148e:	bf38      	it	cc
10001490:	2001      	movcc	r0, #1
10001492:	9b05      	ldr	r3, [sp, #20]
10001494:	f8ac 0002 	strh.w	r0, [ip, #2]
10001498:	f8cc 3010 	str.w	r3, [ip, #16]
1000149c:	9b06      	ldr	r3, [sp, #24]
1000149e:	ea40 400e 	orr.w	r0, r0, lr, lsl #16
100014a2:	f8cc 3014 	str.w	r3, [ip, #20]
100014a6:	690b      	ldr	r3, [r1, #16]
100014a8:	f3ef 8210 	mrs	r2, PRIMASK
100014ac:	b672      	cpsid	i
100014ae:	e8d3 cfcf 	ldaexb	ip, [r3]
100014b2:	2701      	movs	r7, #1
100014b4:	f1bc 0f00 	cmp.w	ip, #0
100014b8:	d1f9      	bne.n	100014ae <alarm_pool_add_alarm_at_force_in_context+0x7a>
100014ba:	e8c3 7f4c 	strexb	ip, r7, [r3]
100014be:	f1bc 0f00 	cmp.w	ip, #0
100014c2:	d1f4      	bne.n	100014ae <alarm_pool_add_alarm_at_force_in_context+0x7a>
100014c4:	f3bf 8f5f 	dmb	sy
100014c8:	888b      	ldrh	r3, [r1, #4]
100014ca:	5363      	strh	r3, [r4, r5]
100014cc:	f8a1 e004 	strh.w	lr, [r1, #4]
100014d0:	690b      	ldr	r3, [r1, #16]
100014d2:	e8c3 6f8f 	stlb	r6, [r3]
100014d6:	f382 8810 	msr	PRIMASK, r2
100014da:	2201      	movs	r2, #1
100014dc:	68cb      	ldr	r3, [r1, #12]
100014de:	7809      	ldrb	r1, [r1, #0]
100014e0:	f503 5301 	add.w	r3, r3, #8256	@ 0x2040
100014e4:	408a      	lsls	r2, r1
100014e6:	605a      	str	r2, [r3, #4]
100014e8:	bdf0      	pop	{r4, r5, r6, r7, pc}
100014ea:	2300      	movs	r3, #0
100014ec:	e8c0 3f8f 	stlb	r3, [r0]
100014f0:	f387 8810 	msr	PRIMASK, r7
100014f4:	f04f 30ff 	mov.w	r0, #4294967295
100014f8:	bdf0      	pop	{r4, r5, r6, r7, pc}
100014fa:	bf00      	nop

100014fc <alarm_pool_cancel_alarm>:
100014fc:	4603      	mov	r3, r0
100014fe:	8940      	ldrh	r0, [r0, #10]
10001500:	ebb0 4f21 	cmp.w	r0, r1, asr #16
10001504:	dd37      	ble.n	10001576 <alarm_pool_cancel_alarm+0x7a>
10001506:	6958      	ldr	r0, [r3, #20]
10001508:	140a      	asrs	r2, r1, #16
1000150a:	eb02 0242 	add.w	r2, r2, r2, lsl #1
1000150e:	b510      	push	{r4, lr}
10001510:	eb00 00c2 	add.w	r0, r0, r2, lsl #3
10001514:	691c      	ldr	r4, [r3, #16]
10001516:	f3ef 8c10 	mrs	ip, PRIMASK
1000151a:	b672      	cpsid	i
1000151c:	e8d4 efcf 	ldaexb	lr, [r4]
10001520:	2201      	movs	r2, #1
10001522:	f1be 0f00 	cmp.w	lr, #0
10001526:	d1f9      	bne.n	1000151c <alarm_pool_cancel_alarm+0x20>
10001528:	e8c4 2f4e 	strexb	lr, r2, [r4]
1000152c:	f1be 0f00 	cmp.w	lr, #0
10001530:	d1f4      	bne.n	1000151c <alarm_pool_cancel_alarm+0x20>
10001532:	f3bf 8f5f 	dmb	sy
10001536:	8842      	ldrh	r2, [r0, #2]
10001538:	b289      	uxth	r1, r1
1000153a:	b292      	uxth	r2, r2
1000153c:	428a      	cmp	r2, r1
1000153e:	d007      	beq.n	10001550 <alarm_pool_cancel_alarm+0x54>
10001540:	2200      	movs	r2, #0
10001542:	691b      	ldr	r3, [r3, #16]
10001544:	e8c3 2f8f 	stlb	r2, [r3]
10001548:	f38c 8810 	msr	PRIMASK, ip
1000154c:	2000      	movs	r0, #0
1000154e:	bd10      	pop	{r4, pc}
10001550:	f442 4200 	orr.w	r2, r2, #32768	@ 0x8000
10001554:	8042      	strh	r2, [r0, #2]
10001556:	2101      	movs	r1, #1
10001558:	2200      	movs	r2, #0
1000155a:	6918      	ldr	r0, [r3, #16]
1000155c:	7199      	strb	r1, [r3, #6]
1000155e:	e8c0 2f8f 	stlb	r2, [r0]
10001562:	f38c 8810 	msr	PRIMASK, ip
10001566:	781c      	ldrb	r4, [r3, #0]
10001568:	68da      	ldr	r2, [r3, #12]
1000156a:	4608      	mov	r0, r1
1000156c:	f502 5301 	add.w	r3, r2, #8256	@ 0x2040
10001570:	40a1      	lsls	r1, r4
10001572:	6059      	str	r1, [r3, #4]
10001574:	bd10      	pop	{r4, pc}
10001576:	2000      	movs	r0, #0
10001578:	4770      	bx	lr
1000157a:	bf00      	nop

1000157c <alarm_pool_core_num>:
1000157c:	7840      	ldrb	r0, [r0, #1]
1000157e:	4770      	bx	lr

10001580 <sleep_us>:
10001580:	e92d 41f0 	stmdb	sp!, {r4, r5, r6, r7, r8, lr}
10001584:	b082      	sub	sp, #8
10001586:	4604      	mov	r4, r0
10001588:	460e      	mov	r6, r1
1000158a:	f000 f8e9 	bl	10001760 <time_us_64>
1000158e:	f04f 32ff 	mov.w	r2, #4294967295
10001592:	f06f 4300 	mvn.w	r3, #2147483648	@ 0x80000000
10001596:	1824      	adds	r4, r4, r0
10001598:	eb46 0601 	adc.w	r6, r6, r1
1000159c:	42a2      	cmp	r2, r4
1000159e:	eb73 0106 	sbcs.w	r1, r3, r6
100015a2:	bf3c      	itt	cc
100015a4:	4614      	movcc	r4, r2
100015a6:	461e      	movcc	r6, r3
100015a8:	1fa5      	subs	r5, r4, #6
100015aa:	f146 37ff 	adc.w	r7, r6, #4294967295
100015ae:	42ac      	cmp	r4, r5
100015b0:	eb76 0307 	sbcs.w	r3, r6, r7
100015b4:	bf3c      	itt	cc
100015b6:	2500      	movcc	r5, #0
100015b8:	462f      	movcc	r7, r5
100015ba:	f000 f8d1 	bl	10001760 <time_us_64>
100015be:	1a28      	subs	r0, r5, r0
100015c0:	eb67 0c01 	sbc.w	ip, r7, r1
100015c4:	2801      	cmp	r0, #1
100015c6:	f17c 0c00 	sbcs.w	ip, ip, #0
100015ca:	da06      	bge.n	100015da <sleep_us+0x5a>
100015cc:	4620      	mov	r0, r4
100015ce:	4631      	mov	r1, r6
100015d0:	b002      	add	sp, #8
100015d2:	e8bd 41f0 	ldmia.w	sp!, {r4, r5, r6, r7, r8, lr}
100015d6:	f000 b8cd 	b.w	10001774 <busy_wait_until>
100015da:	f000 f8c1 	bl	10001760 <time_us_64>
100015de:	4285      	cmp	r5, r0
100015e0:	eb67 0101 	sbc.w	r1, r7, r1
100015e4:	2900      	cmp	r1, #0
100015e6:	db0a      	blt.n	100015fe <sleep_us+0x7e>
100015e8:	2100      	movs	r1, #0
100015ea:	4b17      	ldr	r3, [pc, #92]	@ (10001648 <sleep_us+0xc8>)
100015ec:	462a      	mov	r2, r5
100015ee:	9300      	str	r3, [sp, #0]
100015f0:	4816      	ldr	r0, [pc, #88]	@ (1000164c <sleep_us+0xcc>)
100015f2:	463b      	mov	r3, r7
100015f4:	9101      	str	r1, [sp, #4]
100015f6:	f7ff ff1d 	bl	10001434 <alarm_pool_add_alarm_at_force_in_context>
100015fa:	3001      	adds	r0, #1
100015fc:	d0e6      	beq.n	100015cc <sleep_us+0x4c>
100015fe:	f04f 0c00 	mov.w	ip, #0
10001602:	4a13      	ldr	r2, [pc, #76]	@ (10001650 <sleep_us+0xd0>)
10001604:	4913      	ldr	r1, [pc, #76]	@ (10001654 <sleep_us+0xd4>)
10001606:	6a53      	ldr	r3, [r2, #36]	@ 0x24
10001608:	429f      	cmp	r7, r3
1000160a:	d804      	bhi.n	10001616 <sleep_us+0x96>
1000160c:	6a90      	ldr	r0, [r2, #40]	@ 0x28
1000160e:	42a8      	cmp	r0, r5
10001610:	d2dc      	bcs.n	100015cc <sleep_us+0x4c>
10001612:	429f      	cmp	r7, r3
10001614:	d1da      	bne.n	100015cc <sleep_us+0x4c>
10001616:	680b      	ldr	r3, [r1, #0]
10001618:	f3ef 8010 	mrs	r0, PRIMASK
1000161c:	b672      	cpsid	i
1000161e:	e8d3 8fcf 	ldaexb	r8, [r3]
10001622:	f05f 0e01 	movs.w	lr, #1
10001626:	f1b8 0f00 	cmp.w	r8, #0
1000162a:	d1f8      	bne.n	1000161e <sleep_us+0x9e>
1000162c:	e8c3 ef48 	strexb	r8, lr, [r3]
10001630:	f1b8 0f00 	cmp.w	r8, #0
10001634:	d1f3      	bne.n	1000161e <sleep_us+0x9e>
10001636:	f3bf 8f5f 	dmb	sy
1000163a:	680b      	ldr	r3, [r1, #0]
1000163c:	e8c3 cf8f 	stlb	ip, [r3]
10001640:	f380 8810 	msr	PRIMASK, r0
10001644:	bf20      	wfe
10001646:	e7de      	b.n	10001606 <sleep_us+0x86>
10001648:	10000f25 	.word	0x10000f25
1000164c:	20001558 	.word	0x20001558
10001650:	400b0000 	.word	0x400b0000
10001654:	2000299c 	.word	0x2000299c

10001658 <best_effort_wfe_or_timeout>:
10001658:	e92d 43f0 	stmdb	sp!, {r4, r5, r6, r7, r8, r9, lr}
1000165c:	4606      	mov	r6, r0
1000165e:	460d      	mov	r5, r1
10001660:	b083      	sub	sp, #12
10001662:	f3ef 8405 	mrs	r4, IPSR
10001666:	b2e4      	uxtb	r4, r4
10001668:	b13c      	cbz	r4, 1000167a <best_effort_wfe_or_timeout+0x22>
1000166a:	4b2d      	ldr	r3, [pc, #180]	@ (10001720 <best_effort_wfe_or_timeout+0xc8>)
1000166c:	6a5a      	ldr	r2, [r3, #36]	@ 0x24
1000166e:	42aa      	cmp	r2, r5
10001670:	d21c      	bcs.n	100016ac <best_effort_wfe_or_timeout+0x54>
10001672:	2000      	movs	r0, #0
10001674:	b003      	add	sp, #12
10001676:	e8bd 83f0 	ldmia.w	sp!, {r4, r5, r6, r7, r8, r9, pc}
1000167a:	4f2a      	ldr	r7, [pc, #168]	@ (10001724 <best_effort_wfe_or_timeout+0xcc>)
1000167c:	f8d7 900c 	ldr.w	r9, [r7, #12]
10001680:	f897 8000 	ldrb.w	r8, [r7]
10001684:	4648      	mov	r0, r9
10001686:	f000 f863 	bl	10001750 <timer_time_us_64>
1000168a:	f108 0804 	add.w	r8, r8, #4
1000168e:	f859 3028 	ldr.w	r3, [r9, r8, lsl #2]
10001692:	1a1b      	subs	r3, r3, r0
10001694:	1a30      	subs	r0, r6, r0
10001696:	eb65 0101 	sbc.w	r1, r5, r1
1000169a:	4298      	cmp	r0, r3
1000169c:	f171 0100 	sbcs.w	r1, r1, #0
100016a0:	db10      	blt.n	100016c4 <best_effort_wfe_or_timeout+0x6c>
100016a2:	bf20      	wfe
100016a4:	4b1e      	ldr	r3, [pc, #120]	@ (10001720 <best_effort_wfe_or_timeout+0xc8>)
100016a6:	6a5a      	ldr	r2, [r3, #36]	@ 0x24
100016a8:	42aa      	cmp	r2, r5
100016aa:	d3e2      	bcc.n	10001672 <best_effort_wfe_or_timeout+0x1a>
100016ac:	bf14      	ite	ne
100016ae:	2401      	movne	r4, #1
100016b0:	2400      	moveq	r4, #0
100016b2:	6a9b      	ldr	r3, [r3, #40]	@ 0x28
100016b4:	42b3      	cmp	r3, r6
100016b6:	bf34      	ite	cc
100016b8:	4620      	movcc	r0, r4
100016ba:	f044 0001 	orrcs.w	r0, r4, #1
100016be:	b003      	add	sp, #12
100016c0:	e8bd 83f0 	ldmia.w	sp!, {r4, r5, r6, r7, r8, r9, pc}
100016c4:	f000 f84c 	bl	10001760 <time_us_64>
100016c8:	4286      	cmp	r6, r0
100016ca:	eb65 0101 	sbc.w	r1, r5, r1
100016ce:	2900      	cmp	r1, #0
100016d0:	db14      	blt.n	100016fc <best_effort_wfe_or_timeout+0xa4>
100016d2:	4b15      	ldr	r3, [pc, #84]	@ (10001728 <best_effort_wfe_or_timeout+0xd0>)
100016d4:	4638      	mov	r0, r7
100016d6:	e9cd 3400 	strd	r3, r4, [sp]
100016da:	4632      	mov	r2, r6
100016dc:	462b      	mov	r3, r5
100016de:	f7ff fea9 	bl	10001434 <alarm_pool_add_alarm_at_force_in_context>
100016e2:	1e01      	subs	r1, r0, #0
100016e4:	dd0a      	ble.n	100016fc <best_effort_wfe_or_timeout+0xa4>
100016e6:	4b0e      	ldr	r3, [pc, #56]	@ (10001720 <best_effort_wfe_or_timeout+0xc8>)
100016e8:	6a5a      	ldr	r2, [r3, #36]	@ 0x24
100016ea:	42aa      	cmp	r2, r5
100016ec:	d316      	bcc.n	1000171c <best_effort_wfe_or_timeout+0xc4>
100016ee:	6a9b      	ldr	r3, [r3, #40]	@ 0x28
100016f0:	42b3      	cmp	r3, r6
100016f2:	d311      	bcc.n	10001718 <best_effort_wfe_or_timeout+0xc0>
100016f4:	480b      	ldr	r0, [pc, #44]	@ (10001724 <best_effort_wfe_or_timeout+0xcc>)
100016f6:	f7ff ff01 	bl	100014fc <alarm_pool_cancel_alarm>
100016fa:	e7b6      	b.n	1000166a <best_effort_wfe_or_timeout+0x12>
100016fc:	4b08      	ldr	r3, [pc, #32]	@ (10001720 <best_effort_wfe_or_timeout+0xc8>)
100016fe:	6a5c      	ldr	r4, [r3, #36]	@ 0x24
10001700:	42ac      	cmp	r4, r5
10001702:	d3b6      	bcc.n	10001672 <best_effort_wfe_or_timeout+0x1a>
10001704:	1b64      	subs	r4, r4, r5
10001706:	bf18      	it	ne
10001708:	2401      	movne	r4, #1
1000170a:	6a9b      	ldr	r3, [r3, #40]	@ 0x28
1000170c:	42b3      	cmp	r3, r6
1000170e:	bf34      	ite	cc
10001710:	4620      	movcc	r0, r4
10001712:	f044 0001 	orrcs.w	r0, r4, #1
10001716:	e7ad      	b.n	10001674 <best_effort_wfe_or_timeout+0x1c>
10001718:	42aa      	cmp	r2, r5
1000171a:	d1eb      	bne.n	100016f4 <best_effort_wfe_or_timeout+0x9c>
1000171c:	bf20      	wfe
1000171e:	e7e9      	b.n	100016f4 <best_effort_wfe_or_timeout+0x9c>
10001720:	400b0000 	.word	0x400b0000
10001724:	20001558 	.word	0x20001558
10001728:	10000f25 	.word	0x10000f25

1000172c <timer_hardware_alarm_claim>:
1000172c:	b410      	push	{r4}
1000172e:	4b05      	ldr	r3, [pc, #20]	@ (10001744 <timer_hardware_alarm_claim+0x18>)
10001730:	4c05      	ldr	r4, [pc, #20]	@ (10001748 <timer_hardware_alarm_claim+0x1c>)
10001732:	4a06      	ldr	r2, [pc, #24]	@ (1000174c <timer_hardware_alarm_claim+0x20>)
10001734:	42a0      	cmp	r0, r4
10001736:	bf14      	ite	ne
10001738:	4618      	movne	r0, r3
1000173a:	1c58      	addeq	r0, r3, #1
1000173c:	f85d 4b04 	ldr.w	r4, [sp], #4
10001740:	f7ff b90c 	b.w	1000095c <hw_claim_or_assert>
10001744:	20002424 	.word	0x20002424
10001748:	400b8000 	.word	0x400b8000
1000174c:	100093dc 	.word	0x100093dc

10001750 <timer_time_us_64>:
10001750:	4603      	mov	r3, r0
10001752:	6a41      	ldr	r1, [r0, #36]	@ 0x24
10001754:	460a      	mov	r2, r1
10001756:	6a98      	ldr	r0, [r3, #40]	@ 0x28
10001758:	6a59      	ldr	r1, [r3, #36]	@ 0x24
1000175a:	428a      	cmp	r2, r1
1000175c:	d1fa      	bne.n	10001754 <timer_time_us_64+0x4>
1000175e:	4770      	bx	lr

10001760 <time_us_64>:
10001760:	4b03      	ldr	r3, [pc, #12]	@ (10001770 <time_us_64+0x10>)
10001762:	6a59      	ldr	r1, [r3, #36]	@ 0x24
10001764:	460a      	mov	r2, r1
10001766:	6a98      	ldr	r0, [r3, #40]	@ 0x28
10001768:	6a59      	ldr	r1, [r3, #36]	@ 0x24
1000176a:	4291      	cmp	r1, r2
1000176c:	d1fa      	bne.n	10001764 <time_us_64+0x4>
1000176e:	4770      	bx	lr
10001770:	400b0000 	.word	0x400b0000

10001774 <busy_wait_until>:
10001774:	4a07      	ldr	r2, [pc, #28]	@ (10001794 <busy_wait_until+0x20>)
10001776:	6a53      	ldr	r3, [r2, #36]	@ 0x24
10001778:	4299      	cmp	r1, r3
1000177a:	d8fc      	bhi.n	10001776 <busy_wait_until+0x2>
1000177c:	4299      	cmp	r1, r3
1000177e:	d107      	bne.n	10001790 <busy_wait_until+0x1c>
10001780:	4b04      	ldr	r3, [pc, #16]	@ (10001794 <busy_wait_until+0x20>)
10001782:	e002      	b.n	1000178a <busy_wait_until+0x16>
10001784:	6a5a      	ldr	r2, [r3, #36]	@ 0x24
10001786:	4291      	cmp	r1, r2
10001788:	d102      	bne.n	10001790 <busy_wait_until+0x1c>
1000178a:	6a9a      	ldr	r2, [r3, #40]	@ 0x28
1000178c:	4290      	cmp	r0, r2
1000178e:	d8f9      	bhi.n	10001784 <busy_wait_until+0x10>
10001790:	4770      	bx	lr
10001792:	bf00      	nop
10001794:	400b0000 	.word	0x400b0000

10001798 <clock_configure_undivided>:
10001798:	eb00 0c40 	add.w	ip, r0, r0, lsl #1
1000179c:	ea4f 0c8c 	mov.w	ip, ip, lsl #2
100017a0:	f10c 4c80 	add.w	ip, ip, #1073741824	@ 0x40000000
100017a4:	f50c 3c80 	add.w	ip, ip, #65536	@ 0x10000
100017a8:	b5f0      	push	{r4, r5, r6, r7, lr}
100017aa:	4616      	mov	r6, r2
100017ac:	f8dc 2004 	ldr.w	r2, [ip, #4]
100017b0:	1f05      	subs	r5, r0, #4
100017b2:	f5b2 3f80 	cmp.w	r2, #65536	@ 0x10000
100017b6:	bf38      	it	cc
100017b8:	f44f 3280 	movcc.w	r2, #65536	@ 0x10000
100017bc:	b2ed      	uxtb	r5, r5
100017be:	bf38      	it	cc
100017c0:	f8cc 2004 	strcc.w	r2, [ip, #4]
100017c4:	2d01      	cmp	r5, #1
100017c6:	d92a      	bls.n	1000181e <clock_configure_undivided+0x86>
100017c8:	f44f 6700 	mov.w	r7, #2048	@ 0x800
100017cc:	4c25      	ldr	r4, [pc, #148]	@ (10001864 <clock_configure_undivided+0xcc>)
100017ce:	f50c 5240 	add.w	r2, ip, #12288	@ 0x3000
100017d2:	6017      	str	r7, [r2, #0]
100017d4:	f854 2020 	ldr.w	r2, [r4, r0, lsl #2]
100017d8:	b9b2      	cbnz	r2, 10001808 <clock_configure_undivided+0x70>
100017da:	f8dc 2000 	ldr.w	r2, [ip]
100017de:	2d01      	cmp	r5, #1
100017e0:	ea82 1246 	eor.w	r2, r2, r6, lsl #5
100017e4:	f002 02e0 	and.w	r2, r2, #224	@ 0xe0
100017e8:	f50c 5680 	add.w	r6, ip, #4096	@ 0x1000
100017ec:	6032      	str	r2, [r6, #0]
100017ee:	d92a      	bls.n	10001846 <clock_configure_undivided+0xae>
100017f0:	f44f 6100 	mov.w	r1, #2048	@ 0x800
100017f4:	f844 3020 	str.w	r3, [r4, r0, lsl #2]
100017f8:	f44f 3380 	mov.w	r3, #65536	@ 0x10000
100017fc:	f50c 5200 	add.w	r2, ip, #8192	@ 0x2000
10001800:	6011      	str	r1, [r2, #0]
10001802:	f8cc 3004 	str.w	r3, [ip, #4]
10001806:	bdf0      	pop	{r4, r5, r6, r7, pc}
10001808:	6967      	ldr	r7, [r4, #20]
1000180a:	fbb7 fef2 	udiv	lr, r7, r2
1000180e:	f10e 0e01 	add.w	lr, lr, #1
10001812:	eb0e 0e4e 	add.w	lr, lr, lr, lsl #1
10001816:	f1be 0e03 	subs.w	lr, lr, #3
1000181a:	d2fc      	bcs.n	10001816 <clock_configure_undivided+0x7e>
1000181c:	e7dd      	b.n	100017da <clock_configure_undivided+0x42>
1000181e:	2901      	cmp	r1, #1
10001820:	d1d2      	bne.n	100017c8 <clock_configure_undivided+0x30>
10001822:	2403      	movs	r4, #3
10001824:	f50c 5240 	add.w	r2, ip, #12288	@ 0x3000
10001828:	6014      	str	r4, [r2, #0]
1000182a:	f8dc 2008 	ldr.w	r2, [ip, #8]
1000182e:	07d2      	lsls	r2, r2, #31
10001830:	d5fb      	bpl.n	1000182a <clock_configure_undivided+0x92>
10001832:	f8dc 2000 	ldr.w	r2, [ip]
10001836:	4c0b      	ldr	r4, [pc, #44]	@ (10001864 <clock_configure_undivided+0xcc>)
10001838:	ea82 1246 	eor.w	r2, r2, r6, lsl #5
1000183c:	f002 02e0 	and.w	r2, r2, #224	@ 0xe0
10001840:	f50c 5680 	add.w	r6, ip, #4096	@ 0x1000
10001844:	6032      	str	r2, [r6, #0]
10001846:	2201      	movs	r2, #1
10001848:	f8dc 5000 	ldr.w	r5, [ip]
1000184c:	404d      	eors	r5, r1
1000184e:	f005 0503 	and.w	r5, r5, #3
10001852:	6035      	str	r5, [r6, #0]
10001854:	fa02 f101 	lsl.w	r1, r2, r1
10001858:	f8dc 2008 	ldr.w	r2, [ip, #8]
1000185c:	420a      	tst	r2, r1
1000185e:	d0fb      	beq.n	10001858 <clock_configure_undivided+0xc0>
10001860:	e7c6      	b.n	100017f0 <clock_configure_undivided+0x58>
10001862:	bf00      	nop
10001864:	2000242c 	.word	0x2000242c

10001868 <clock_get_hz>:
10001868:	4b01      	ldr	r3, [pc, #4]	@ (10001870 <clock_get_hz+0x8>)
1000186a:	f853 0020 	ldr.w	r0, [r3, r0, lsl #2]
1000186e:	4770      	bx	lr
10001870:	2000242c 	.word	0x2000242c

10001874 <pll_init>:
10001874:	b470      	push	{r4, r5, r6}
10001876:	9d03      	ldr	r5, [sp, #12]
10001878:	6804      	ldr	r4, [r0, #0]
1000187a:	032d      	lsls	r5, r5, #12
1000187c:	ea45 4503 	orr.w	r5, r5, r3, lsl #16
10001880:	4b1b      	ldr	r3, [pc, #108]	@ (100018f0 <pll_init+0x7c>)
10001882:	2c00      	cmp	r4, #0
10001884:	fbb3 f3f1 	udiv	r3, r3, r1
10001888:	fbb2 f6f3 	udiv	r6, r2, r3
1000188c:	db1f      	blt.n	100018ce <pll_init+0x5a>
1000188e:	4a19      	ldr	r2, [pc, #100]	@ (100018f4 <pll_init+0x80>)
10001890:	4b19      	ldr	r3, [pc, #100]	@ (100018f8 <pll_init+0x84>)
10001892:	4290      	cmp	r0, r2
10001894:	bf14      	ite	ne
10001896:	f44f 4280 	movne.w	r2, #16384	@ 0x4000
1000189a:	f44f 4200 	moveq.w	r2, #32768	@ 0x8000
1000189e:	4c17      	ldr	r4, [pc, #92]	@ (100018fc <pll_init+0x88>)
100018a0:	601a      	str	r2, [r3, #0]
100018a2:	f503 5380 	add.w	r3, r3, #4096	@ 0x1000
100018a6:	601a      	str	r2, [r3, #0]
100018a8:	68a3      	ldr	r3, [r4, #8]
100018aa:	ea32 0303 	bics.w	r3, r2, r3
100018ae:	d1fb      	bne.n	100018a8 <pll_init+0x34>
100018b0:	2221      	movs	r2, #33	@ 0x21
100018b2:	f500 5340 	add.w	r3, r0, #12288	@ 0x3000
100018b6:	3304      	adds	r3, #4
100018b8:	6001      	str	r1, [r0, #0]
100018ba:	6086      	str	r6, [r0, #8]
100018bc:	601a      	str	r2, [r3, #0]
100018be:	6802      	ldr	r2, [r0, #0]
100018c0:	2a00      	cmp	r2, #0
100018c2:	dafc      	bge.n	100018be <pll_init+0x4a>
100018c4:	2208      	movs	r2, #8
100018c6:	60c5      	str	r5, [r0, #12]
100018c8:	601a      	str	r2, [r3, #0]
100018ca:	bc70      	pop	{r4, r5, r6}
100018cc:	4770      	bx	lr
100018ce:	6803      	ldr	r3, [r0, #0]
100018d0:	f003 033f 	and.w	r3, r3, #63	@ 0x3f
100018d4:	428b      	cmp	r3, r1
100018d6:	d1da      	bne.n	1000188e <pll_init+0x1a>
100018d8:	6883      	ldr	r3, [r0, #8]
100018da:	f3c3 030b 	ubfx	r3, r3, #0, #12
100018de:	42b3      	cmp	r3, r6
100018e0:	d1d5      	bne.n	1000188e <pll_init+0x1a>
100018e2:	68c3      	ldr	r3, [r0, #12]
100018e4:	f403 23ee 	and.w	r3, r3, #487424	@ 0x77000
100018e8:	42ab      	cmp	r3, r5
100018ea:	d1d0      	bne.n	1000188e <pll_init+0x1a>
100018ec:	e7ed      	b.n	100018ca <pll_init+0x56>
100018ee:	bf00      	nop
100018f0:	00b71b00 	.word	0x00b71b00
100018f4:	40058000 	.word	0x40058000
100018f8:	40022000 	.word	0x40022000
100018fc:	40020000 	.word	0x40020000

10001900 <watchdog_reboot>:
10001900:	b430      	push	{r4, r5}
10001902:	f04f 4480 	mov.w	r4, #1073741824	@ 0x40000000
10001906:	4b1c      	ldr	r3, [pc, #112]	@ (10001978 <watchdog_reboot+0x78>)
10001908:	601c      	str	r4, [r3, #0]
1000190a:	b1e0      	cbz	r0, 10001946 <watchdog_reboot+0x46>
1000190c:	4c1b      	ldr	r4, [pc, #108]	@ (1000197c <watchdog_reboot+0x7c>)
1000190e:	f5a3 5340 	sub.w	r3, r3, #12288	@ 0x3000
10001912:	61dc      	str	r4, [r3, #28]
10001914:	4c1a      	ldr	r4, [pc, #104]	@ (10001980 <watchdog_reboot+0x80>)
10001916:	f040 0001 	orr.w	r0, r0, #1
1000191a:	4044      	eors	r4, r0
1000191c:	621c      	str	r4, [r3, #32]
1000191e:	6259      	str	r1, [r3, #36]	@ 0x24
10001920:	6298      	str	r0, [r3, #40]	@ 0x28
10001922:	f04f 4580 	mov.w	r5, #1073741824	@ 0x40000000
10001926:	f04f 61e0 	mov.w	r1, #117440512	@ 0x7000000
1000192a:	4b13      	ldr	r3, [pc, #76]	@ (10001978 <watchdog_reboot+0x78>)
1000192c:	4815      	ldr	r0, [pc, #84]	@ (10001984 <watchdog_reboot+0x84>)
1000192e:	4c16      	ldr	r4, [pc, #88]	@ (10001988 <watchdog_reboot+0x88>)
10001930:	601d      	str	r5, [r3, #0]
10001932:	6084      	str	r4, [r0, #8]
10001934:	6019      	str	r1, [r3, #0]
10001936:	b94a      	cbnz	r2, 1000194c <watchdog_reboot+0x4c>
10001938:	bc30      	pop	{r4, r5}
1000193a:	f04f 4200 	mov.w	r2, #2147483648	@ 0x80000000
1000193e:	f5a3 5380 	sub.w	r3, r3, #4096	@ 0x1000
10001942:	601a      	str	r2, [r3, #0]
10001944:	4770      	bx	lr
10001946:	4b11      	ldr	r3, [pc, #68]	@ (1000198c <watchdog_reboot+0x8c>)
10001948:	61d8      	str	r0, [r3, #28]
1000194a:	e7ea      	b.n	10001922 <watchdog_reboot+0x22>
1000194c:	f44f 737a 	mov.w	r3, #1000	@ 0x3e8
10001950:	fb03 f202 	mul.w	r2, r3, r2
10001954:	f1b2 7f80 	cmp.w	r2, #16777216	@ 0x1000000
10001958:	bf2a      	itet	cs
1000195a:	f06f 437f 	mvncs.w	r3, #4278190080	@ 0xff000000
1000195e:	4613      	movcc	r3, r2
10001960:	461a      	movcs	r2, r3
10001962:	f04f 4180 	mov.w	r1, #1073741824	@ 0x40000000
10001966:	4c0a      	ldr	r4, [pc, #40]	@ (10001990 <watchdog_reboot+0x90>)
10001968:	4808      	ldr	r0, [pc, #32]	@ (1000198c <watchdog_reboot+0x8c>)
1000196a:	6023      	str	r3, [r4, #0]
1000196c:	4b09      	ldr	r3, [pc, #36]	@ (10001994 <watchdog_reboot+0x94>)
1000196e:	6042      	str	r2, [r0, #4]
10001970:	bc30      	pop	{r4, r5}
10001972:	6019      	str	r1, [r3, #0]
10001974:	4770      	bx	lr
10001976:	bf00      	nop
10001978:	400db000 	.word	0x400db000
1000197c:	b007c0d3 	.word	0xb007c0d3
10001980:	4ff83f2d 	.word	0x4ff83f2d
10001984:	4001a000 	.word	0x4001a000
10001988:	01fffff3 	.word	0x01fffff3
1000198c:	400d8000 	.word	0x400d8000
10001990:	20002898 	.word	0x20002898
10001994:	400da000 	.word	0x400da000

10001998 <tick_start>:
10001998:	2301      	movs	r3, #1
1000199a:	eb00 0040 	add.w	r0, r0, r0, lsl #1
1000199e:	0080      	lsls	r0, r0, #2
100019a0:	f100 4080 	add.w	r0, r0, #1073741824	@ 0x40000000
100019a4:	f500 1084 	add.w	r0, r0, #1081344	@ 0x108000
100019a8:	6041      	str	r1, [r0, #4]
100019aa:	6003      	str	r3, [r0, #0]
100019ac:	4770      	bx	lr
100019ae:	bf00      	nop

100019b0 <rom_reboot.constprop.0.isra.0>:
100019b0:	2300      	movs	r3, #0
100019b2:	b570      	push	{r4, r5, r6, lr}
100019b4:	8adb      	ldrh	r3, [r3, #22]
100019b6:	4604      	mov	r4, r0
100019b8:	460d      	mov	r5, r1
100019ba:	2200      	movs	r2, #0
100019bc:	e842 f200 	tt	r2, r2
100019c0:	0252      	lsls	r2, r2, #9
100019c2:	bf54      	ite	pl
100019c4:	2110      	movpl	r1, #16
100019c6:	2104      	movmi	r1, #4
100019c8:	f244 2052 	movw	r0, #16978	@ 0x4252
100019cc:	4798      	blx	r3
100019ce:	4686      	mov	lr, r0
100019d0:	462b      	mov	r3, r5
100019d2:	4622      	mov	r2, r4
100019d4:	46f4      	mov	ip, lr
100019d6:	e8bd 4070 	ldmia.w	sp!, {r4, r5, r6, lr}
100019da:	210a      	movs	r1, #10
100019dc:	f44f 7081 	mov.w	r0, #258	@ 0x102
100019e0:	4760      	bx	ip
100019e2:	bf00      	nop

100019e4 <rom_func_lookup>:
100019e4:	2300      	movs	r3, #0
100019e6:	8adb      	ldrh	r3, [r3, #22]
100019e8:	2200      	movs	r2, #0
100019ea:	e842 f200 	tt	r2, r2
100019ee:	0252      	lsls	r2, r2, #9
100019f0:	d401      	bmi.n	100019f6 <rom_func_lookup+0x12>
100019f2:	2110      	movs	r1, #16
100019f4:	4718      	bx	r3
100019f6:	2104      	movs	r1, #4
100019f8:	4718      	bx	r3
100019fa:	bf00      	nop

100019fc <rom_reset_usb_boot_extra>:
100019fc:	b508      	push	{r3, lr}
100019fe:	4603      	mov	r3, r0
10001a00:	4608      	mov	r0, r1
10001a02:	1e19      	subs	r1, r3, #0
10001a04:	db02      	blt.n	10001a0c <rom_reset_usb_boot_extra+0x10>
10001a06:	b11a      	cbz	r2, 10001a10 <rom_reset_usb_boot_extra+0x14>
10001a08:	f040 0030 	orr.w	r0, r0, #48	@ 0x30
10001a0c:	f7ff ffd0 	bl	100019b0 <rom_reboot.constprop.0.isra.0>
10001a10:	f040 0020 	orr.w	r0, r0, #32
10001a14:	e7fa      	b.n	10001a0c <rom_reset_usb_boot_extra+0x10>
10001a16:	bf00      	nop

10001a18 <runtime_init_bootrom_locking_enable>:
10001a18:	4a03      	ldr	r2, [pc, #12]	@ (10001a28 <runtime_init_bootrom_locking_enable+0x10>)
10001a1a:	f8d2 3828 	ldr.w	r3, [r2, #2088]	@ 0x828
10001a1e:	2b00      	cmp	r3, #0
10001a20:	d0fb      	beq.n	10001a1a <runtime_init_bootrom_locking_enable+0x2>
10001a22:	f3bf 8f5f 	dmb	sy
10001a26:	4770      	bx	lr
10001a28:	400e0000 	.word	0x400e0000

10001a2c <runtime_init_boot_locks_reset>:
10001a2c:	2100      	movs	r1, #0
10001a2e:	4b04      	ldr	r3, [pc, #16]	@ (10001a40 <runtime_init_boot_locks_reset+0x14>)
10001a30:	4a04      	ldr	r2, [pc, #16]	@ (10001a44 <runtime_init_boot_locks_reset+0x18>)
10001a32:	f3bf 8f5f 	dmb	sy
10001a36:	f843 1b04 	str.w	r1, [r3], #4
10001a3a:	4293      	cmp	r3, r2
10001a3c:	d1f9      	bne.n	10001a32 <runtime_init_boot_locks_reset+0x6>
10001a3e:	4770      	bx	lr
10001a40:	400e080c 	.word	0x400e080c
10001a44:	400e082c 	.word	0x400e082c

10001a48 <xosc_init>:
10001a48:	b410      	push	{r4}
10001a4a:	f44f 708d 	mov.w	r0, #282	@ 0x11a
10001a4e:	f44f 642a 	mov.w	r4, #2720	@ 0xaa0
10001a52:	4a06      	ldr	r2, [pc, #24]	@ (10001a6c <xosc_init+0x24>)
10001a54:	4b06      	ldr	r3, [pc, #24]	@ (10001a70 <xosc_init+0x28>)
10001a56:	4907      	ldr	r1, [pc, #28]	@ (10001a74 <xosc_init+0x2c>)
10001a58:	6014      	str	r4, [r2, #0]
10001a5a:	60d0      	str	r0, [r2, #12]
10001a5c:	6019      	str	r1, [r3, #0]
10001a5e:	6853      	ldr	r3, [r2, #4]
10001a60:	2b00      	cmp	r3, #0
10001a62:	dafc      	bge.n	10001a5e <xosc_init+0x16>
10001a64:	f85d 4b04 	ldr.w	r4, [sp], #4
10001a68:	4770      	bx	lr
10001a6a:	bf00      	nop
10001a6c:	40048000 	.word	0x40048000
10001a70:	4004a000 	.word	0x4004a000
10001a74:	00fab000 	.word	0x00fab000

10001a78 <first_per_core_initializer>:
10001a78:	4770      	bx	lr
10001a7a:	bf00      	nop

10001a7c <hard_assertion_failure>:
10001a7c:	b508      	push	{r3, lr}
10001a7e:	4801      	ldr	r0, [pc, #4]	@ (10001a84 <hard_assertion_failure+0x8>)
10001a80:	f7fe ff54 	bl	1000092c <panic>
10001a84:	10009400 	.word	0x10009400

10001a88 <runtime_run_initializers>:
10001a88:	b538      	push	{r3, r4, r5, lr}
10001a8a:	4c05      	ldr	r4, [pc, #20]	@ (10001aa0 <runtime_run_initializers+0x18>)
10001a8c:	4d05      	ldr	r5, [pc, #20]	@ (10001aa4 <runtime_run_initializers+0x1c>)
10001a8e:	42ac      	cmp	r4, r5
10001a90:	d204      	bcs.n	10001a9c <runtime_run_initializers+0x14>
10001a92:	f854 3b04 	ldr.w	r3, [r4], #4
10001a96:	4798      	blx	r3
10001a98:	42ac      	cmp	r4, r5
10001a9a:	d3fa      	bcc.n	10001a92 <runtime_run_initializers+0xa>
10001a9c:	bd38      	pop	{r3, r4, r5, pc}
10001a9e:	bf00      	nop
10001aa0:	100090d8 	.word	0x100090d8
10001aa4:	10009118 	.word	0x10009118

10001aa8 <runtime_init_early_resets>:
10001aa8:	b410      	push	{r4}
10001aaa:	4807      	ldr	r0, [pc, #28]	@ (10001ac8 <runtime_init_early_resets+0x20>)
10001aac:	4c07      	ldr	r4, [pc, #28]	@ (10001acc <runtime_init_early_resets+0x24>)
10001aae:	4b08      	ldr	r3, [pc, #32]	@ (10001ad0 <runtime_init_early_resets+0x28>)
10001ab0:	4a08      	ldr	r2, [pc, #32]	@ (10001ad4 <runtime_init_early_resets+0x2c>)
10001ab2:	4909      	ldr	r1, [pc, #36]	@ (10001ad8 <runtime_init_early_resets+0x30>)
10001ab4:	6004      	str	r4, [r0, #0]
10001ab6:	601a      	str	r2, [r3, #0]
10001ab8:	688b      	ldr	r3, [r1, #8]
10001aba:	ea32 0303 	bics.w	r3, r2, r3
10001abe:	d1fb      	bne.n	10001ab8 <runtime_init_early_resets+0x10>
10001ac0:	f85d 4b04 	ldr.w	r4, [sp], #4
10001ac4:	4770      	bx	lr
10001ac6:	bf00      	nop
10001ac8:	40022000 	.word	0x40022000
10001acc:	efef3b7f 	.word	0xefef3b7f
10001ad0:	40023000 	.word	0x40023000
10001ad4:	03f3fff6 	.word	0x03f3fff6
10001ad8:	40020000 	.word	0x40020000

10001adc <runtime_init_usb_power_down>:
10001adc:	4b04      	ldr	r3, [pc, #16]	@ (10001af0 <runtime_init_usb_power_down+0x14>)
10001ade:	6cdb      	ldr	r3, [r3, #76]	@ 0x4c
10001ae0:	f5b3 4f00 	cmp.w	r3, #32768	@ 0x8000
10001ae4:	d103      	bne.n	10001aee <runtime_init_usb_power_down+0x12>
10001ae6:	f44f 2280 	mov.w	r2, #262144	@ 0x40000
10001aea:	4b02      	ldr	r3, [pc, #8]	@ (10001af4 <runtime_init_usb_power_down+0x18>)
10001aec:	64da      	str	r2, [r3, #76]	@ 0x4c
10001aee:	4770      	bx	lr
10001af0:	50110000 	.word	0x50110000
10001af4:	50112000 	.word	0x50112000

10001af8 <runtime_init_per_core_enable_coprocessors>:
10001af8:	f04f 22e0 	mov.w	r2, #3758153728	@ 0xe000e000
10001afc:	4b04      	ldr	r3, [pc, #16]	@ (10001b10 <runtime_init_per_core_enable_coprocessors+0x18>)
10001afe:	f8d2 1d88 	ldr.w	r1, [r2, #3464]	@ 0xd88
10001b02:	430b      	orrs	r3, r1
10001b04:	f8c2 3d88 	str.w	r3, [r2, #3464]	@ 0xd88
10001b08:	ee10 0430 			dcp_rcmp r0
10001b0c:	4770      	bx	lr
10001b0e:	bf00      	nop
10001b10:	00300303 	.word	0x00300303

10001b14 <runtime_init_post_clock_resets>:
10001b14:	f06f 4160 	mvn.w	r1, #3758096384	@ 0xe0000000
10001b18:	4b04      	ldr	r3, [pc, #16]	@ (10001b2c <runtime_init_post_clock_resets+0x18>)
10001b1a:	4a05      	ldr	r2, [pc, #20]	@ (10001b30 <runtime_init_post_clock_resets+0x1c>)
10001b1c:	6019      	str	r1, [r3, #0]
10001b1e:	6893      	ldr	r3, [r2, #8]
10001b20:	43db      	mvns	r3, r3
10001b22:	f033 4360 	bics.w	r3, r3, #3758096384	@ 0xe0000000
10001b26:	d1fa      	bne.n	10001b1e <runtime_init_post_clock_resets+0xa>
10001b28:	4770      	bx	lr
10001b2a:	bf00      	nop
10001b2c:	40023000 	.word	0x40023000
10001b30:	40020000 	.word	0x40020000

10001b34 <runtime_init_bootrom_reset>:
10001b34:	b510      	push	{r4, lr}
10001b36:	f245 2053 	movw	r0, #21075	@ 0x5253
10001b3a:	f7ff ff53 	bl	100019e4 <rom_func_lookup>
10001b3e:	e8bd 4010 	ldmia.w	sp!, {r4, lr}
10001b42:	4603      	mov	r3, r0
10001b44:	2004      	movs	r0, #4
10001b46:	4718      	bx	r3

10001b48 <runtime_init_per_core_bootrom_reset>:
10001b48:	b510      	push	{r4, lr}
10001b4a:	f245 2053 	movw	r0, #21075	@ 0x5253
10001b4e:	f7ff ff49 	bl	100019e4 <rom_func_lookup>
10001b52:	e8bd 4010 	ldmia.w	sp!, {r4, lr}
10001b56:	4603      	mov	r3, r0
10001b58:	2001      	movs	r0, #1
10001b5a:	4718      	bx	r3

10001b5c <runtime_init_spin_locks_reset>:
10001b5c:	f7fe bf8e 	b.w	10000a7c <spin_locks_reset>

10001b60 <runtime_init_install_ram_vector_table>:
10001b60:	b510      	push	{r4, lr}
10001b62:	4b05      	ldr	r3, [pc, #20]	@ (10001b78 <runtime_init_install_ram_vector_table+0x18>)
10001b64:	4c05      	ldr	r4, [pc, #20]	@ (10001b7c <runtime_init_install_ram_vector_table+0x1c>)
10001b66:	f44f 7288 	mov.w	r2, #272	@ 0x110
10001b6a:	4618      	mov	r0, r3
10001b6c:	68a1      	ldr	r1, [r4, #8]
10001b6e:	f007 f88f 	bl	10008c90 <memcpy>
10001b72:	60a0      	str	r0, [r4, #8]
10001b74:	bd10      	pop	{r4, pc}
10001b76:	bf00      	nop
10001b78:	20000000 	.word	0x20000000
10001b7c:	e000ed00 	.word	0xe000ed00

10001b80 <runtime_init_clocks>:
10001b80:	2300      	movs	r3, #0
10001b82:	b570      	push	{r4, r5, r6, lr}
10001b84:	4c2b      	ldr	r4, [pc, #172]	@ (10001c34 <runtime_init_clocks+0xb4>)
10001b86:	b082      	sub	sp, #8
10001b88:	f8c4 3084 	str.w	r3, [r4, #132]	@ 0x84
10001b8c:	f7ff ff5c 	bl	10001a48 <xosc_init>
10001b90:	2201      	movs	r2, #1
10001b92:	4b29      	ldr	r3, [pc, #164]	@ (10001c38 <runtime_init_clocks+0xb8>)
10001b94:	63da      	str	r2, [r3, #60]	@ 0x3c
10001b96:	6c63      	ldr	r3, [r4, #68]	@ 0x44
10001b98:	2b01      	cmp	r3, #1
10001b9a:	d1fc      	bne.n	10001b96 <runtime_init_clocks+0x16>
10001b9c:	2103      	movs	r1, #3
10001b9e:	4a26      	ldr	r2, [pc, #152]	@ (10001c38 <runtime_init_clocks+0xb8>)
10001ba0:	4b24      	ldr	r3, [pc, #144]	@ (10001c34 <runtime_init_clocks+0xb4>)
10001ba2:	6311      	str	r1, [r2, #48]	@ 0x30
10001ba4:	6b9c      	ldr	r4, [r3, #56]	@ 0x38
10001ba6:	2c01      	cmp	r4, #1
10001ba8:	d1fc      	bne.n	10001ba4 <runtime_init_clocks+0x24>
10001baa:	2602      	movs	r6, #2
10001bac:	2505      	movs	r5, #5
10001bae:	4621      	mov	r1, r4
10001bb0:	2305      	movs	r3, #5
10001bb2:	4a22      	ldr	r2, [pc, #136]	@ (10001c3c <runtime_init_clocks+0xbc>)
10001bb4:	4822      	ldr	r0, [pc, #136]	@ (10001c40 <runtime_init_clocks+0xc0>)
10001bb6:	9600      	str	r6, [sp, #0]
10001bb8:	f7ff fe5c 	bl	10001874 <pll_init>
10001bbc:	4621      	mov	r1, r4
10001bbe:	462b      	mov	r3, r5
10001bc0:	4a20      	ldr	r2, [pc, #128]	@ (10001c44 <runtime_init_clocks+0xc4>)
10001bc2:	4821      	ldr	r0, [pc, #132]	@ (10001c48 <runtime_init_clocks+0xc8>)
10001bc4:	9500      	str	r5, [sp, #0]
10001bc6:	f7ff fe55 	bl	10001874 <pll_init>
10001bca:	2200      	movs	r2, #0
10001bcc:	2004      	movs	r0, #4
10001bce:	4631      	mov	r1, r6
10001bd0:	4b1e      	ldr	r3, [pc, #120]	@ (10001c4c <runtime_init_clocks+0xcc>)
10001bd2:	f7ff fde1 	bl	10001798 <clock_configure_undivided>
10001bd6:	4621      	mov	r1, r4
10001bd8:	4628      	mov	r0, r5
10001bda:	2200      	movs	r2, #0
10001bdc:	4b1c      	ldr	r3, [pc, #112]	@ (10001c50 <runtime_init_clocks+0xd0>)
10001bde:	f7ff fddb 	bl	10001798 <clock_configure_undivided>
10001be2:	2200      	movs	r2, #0
10001be4:	2008      	movs	r0, #8
10001be6:	4611      	mov	r1, r2
10001be8:	4b1a      	ldr	r3, [pc, #104]	@ (10001c54 <runtime_init_clocks+0xd4>)
10001bea:	f7ff fdd5 	bl	10001798 <clock_configure_undivided>
10001bee:	2200      	movs	r2, #0
10001bf0:	2009      	movs	r0, #9
10001bf2:	4611      	mov	r1, r2
10001bf4:	4b17      	ldr	r3, [pc, #92]	@ (10001c54 <runtime_init_clocks+0xd4>)
10001bf6:	f7ff fdcf 	bl	10001798 <clock_configure_undivided>
10001bfa:	2200      	movs	r2, #0
10001bfc:	2006      	movs	r0, #6
10001bfe:	4611      	mov	r1, r2
10001c00:	4b13      	ldr	r3, [pc, #76]	@ (10001c50 <runtime_init_clocks+0xd0>)
10001c02:	f7ff fdc9 	bl	10001798 <clock_configure_undivided>
10001c06:	2200      	movs	r2, #0
10001c08:	4b11      	ldr	r3, [pc, #68]	@ (10001c50 <runtime_init_clocks+0xd0>)
10001c0a:	2007      	movs	r0, #7
10001c0c:	4611      	mov	r1, r2
10001c0e:	f7ff fdc3 	bl	10001798 <clock_configure_undivided>
10001c12:	2004      	movs	r0, #4
10001c14:	f7ff fe28 	bl	10001868 <clock_get_hz>
10001c18:	2400      	movs	r4, #0
10001c1a:	4b0f      	ldr	r3, [pc, #60]	@ (10001c58 <runtime_init_clocks+0xd8>)
10001c1c:	fba3 3500 	umull	r3, r5, r3, r0
10001c20:	0cad      	lsrs	r5, r5, #18
10001c22:	b2e0      	uxtb	r0, r4
10001c24:	4629      	mov	r1, r5
10001c26:	3401      	adds	r4, #1
10001c28:	f7ff feb6 	bl	10001998 <tick_start>
10001c2c:	2c06      	cmp	r4, #6
10001c2e:	d1f8      	bne.n	10001c22 <runtime_init_clocks+0xa2>
10001c30:	b002      	add	sp, #8
10001c32:	bd70      	pop	{r4, r5, r6, pc}
10001c34:	40010000 	.word	0x40010000
10001c38:	40013000 	.word	0x40013000
10001c3c:	59682f00 	.word	0x59682f00
10001c40:	40050000 	.word	0x40050000
10001c44:	47868c00 	.word	0x47868c00
10001c48:	40058000 	.word	0x40058000
10001c4c:	00b71b00 	.word	0x00b71b00
10001c50:	08f0d180 	.word	0x08f0d180
10001c54:	02dc6c00 	.word	0x02dc6c00
10001c58:	431bde83 	.word	0x431bde83

10001c5c <generic_save_state>:
10001c5c:	b086      	sub	sp, #24
10001c5e:	b403      	push	{r0, r1}
10001c60:	fc51 0408 	dcp_pxmd r0, r1
10001c64:	e9cd 0102 	strd	r0, r1, [sp, #8]
10001c68:	fc51 0409 	dcp_pymd r0, r1
10001c6c:	e9cd 0104 	strd	r0, r1, [sp, #16]
10001c70:	ec51 040a 	dcp_refd r0, r1
10001c74:	e9cd 0106 	strd	r0, r1, [sp, #24]
10001c78:	bc03      	pop	{r0, r1}
10001c7a:	47f0      	blx	lr

10001c7c <generic_restore_state>:
10001c7c:	e8bd 5000 	ldmia.w	sp!, {ip, lr}
10001c80:	ec4e c400 	dcp_wxmd ip, lr
10001c84:	e8bd 5000 	ldmia.w	sp!, {ip, lr}
10001c88:	ec4e c401 	dcp_wymd ip, lr
10001c8c:	e8bd 5000 	ldmia.w	sp!, {ip, lr}
10001c90:	ec4e c402 	dcp_wefd ip, lr
10001c94:	bd00      	pop	{pc}
10001c96:	0000      	movs	r0, r0
10001c98:	b500      	push	{lr}
10001c9a:	f7ff ffdf 	bl	10001c5c <generic_save_state>
10001c9e:	e002      	b.n	10001ca6 <__wrap___aeabi_dadd+0x6>

10001ca0 <__wrap___aeabi_dadd>:
10001ca0:	fe10 f430 	dcp_pcmp APSR_nzcv
10001ca4:	d4f8      	bmi.n	10001c98 <generic_restore_state+0x1c>
10001ca6:	ec41 0410 	dcp_wxup r0, r1
10001caa:	ec43 2411 	dcp_wyup r2, r3
10001cae:	ee00 0401 			dcp_add0
10001cb2:	ee10 0401 			dcp_add1
10001cb6:	ee80 0420 			dcp_nrdd
10001cba:	ec51 0410 	dcp_rdda r0, r1
10001cbe:	4770      	bx	lr
10001cc0:	b500      	push	{lr}
10001cc2:	f7ff ffcb 	bl	10001c5c <generic_save_state>
10001cc6:	e002      	b.n	10001cce <__wrap___aeabi_dsub+0x6>

10001cc8 <__wrap___aeabi_dsub>:
10001cc8:	fe10 f430 	dcp_pcmp APSR_nzcv
10001ccc:	d4f8      	bmi.n	10001cc0 <__wrap___aeabi_dadd+0x20>
10001cce:	ec41 0410 	dcp_wxup r0, r1
10001cd2:	ec43 2411 	dcp_wyup r2, r3
10001cd6:	ee00 0401 			dcp_add0
10001cda:	ee10 0421 			dcp_sub1
10001cde:	ee80 0420 			dcp_nrdd
10001ce2:	ec51 0430 	dcp_rdds r0, r1
10001ce6:	4770      	bx	lr
10001ce8:	b500      	push	{lr}
10001cea:	f7ff ffb7 	bl	10001c5c <generic_save_state>
10001cee:	e002      	b.n	10001cf6 <__wrap___aeabi_dmul+0x6>

10001cf0 <__wrap___aeabi_dmul>:
10001cf0:	fe10 f430 	dcp_pcmp APSR_nzcv
10001cf4:	d4f8      	bmi.n	10001ce8 <__wrap___aeabi_dsub+0x20>
10001cf6:	b510      	push	{r4, lr}
10001cf8:	ec41 0410 	dcp_wxup r0, r1
10001cfc:	ec43 2411 	dcp_wyup r2, r3
10001d00:	ec51 0404 	dcp_rxms r0, r1, #0x0
10001d04:	ec53 2405 	dcp_ryms r2, r3, #0x0
10001d08:	fba0 4c02 	umull	r4, ip, r0, r2
10001d0c:	f05f 0e00 	movs.w	lr, #0
10001d10:	fbe0 ce03 	umlal	ip, lr, r0, r3
10001d14:	fbe1 ce02 	umlal	ip, lr, r1, r2
10001d18:	ec4c 4420 	dcp_wxms r4, ip
10001d1c:	2400      	movs	r4, #0
10001d1e:	fbe1 e403 	umlal	lr, r4, r1, r3
10001d22:	ec44 e430 	dcp_wxmo lr, r4
10001d26:	ee80 0420 			dcp_nrdd
10001d2a:	ec51 0450 	dcp_rddm r0, r1
10001d2e:	e8bd 4010 	ldmia.w	sp!, {r4, lr}
10001d32:	4770      	bx	lr
10001d34:	b500      	push	{lr}
10001d36:	f7ff ff91 	bl	10001c5c <generic_save_state>
10001d3a:	e002      	b.n	10001d42 <__wrap___aeabi_ddiv+0x6>

10001d3c <__wrap___aeabi_ddiv>:
10001d3c:	fe10 f430 	dcp_pcmp APSR_nzcv
10001d40:	d4f8      	bmi.n	10001d34 <__wrap___aeabi_dmul+0x44>
10001d42:	ec41 0410 	dcp_wxup r0, r1
10001d46:	ec43 2411 	dcp_wyup r2, r3
10001d4a:	ec51 0421 	dcp_rymr r0, r1
10001d4e:	fba0 1201 	umull	r1, r2, r0, r1
10001d52:	ea6f 0282 	mvn.w	r2, r2, lsl #2
10001d56:	fb52 0010 	smmlar	r0, r2, r0, r0
10001d5a:	fb52 f212 	smmulr	r2, r2, r2
10001d5e:	fb52 0010 	smmlar	r0, r2, r0, r0
10001d62:	eba0 7cd0 	sub.w	ip, r0, r0, lsr #31
10001d66:	ec53 2404 	dcp_rxms r2, r3, #0x0
10001d6a:	fb5c f113 	smmulr	r1, ip, r3
10001d6e:	ec53 2415 	dcp_ryms r2, r3, #0x1
10001d72:	fba1 2002 	umull	r2, r0, r1, r2
10001d76:	fb01 0003 	mla	r0, r1, r3, r0
10001d7a:	ec53 2444 	dcp_rxms r2, r3, #0x4
10001d7e:	eba2 0000 	sub.w	r0, r2, r0
10001d82:	fb50 f21c 	smmulr	r2, r0, ip
10001d86:	ea4f 1311 	mov.w	r3, r1, lsr #4
10001d8a:	eb12 7001 	adds.w	r0, r2, r1, lsl #28
10001d8e:	eb43 71e2 	adc.w	r1, r3, r2, asr #31
10001d92:	ea40 5051 	orr.w	r0, r0, r1, lsr #21
10001d96:	ea20 5091 	bic.w	r0, r0, r1, lsr #22
10001d9a:	f020 0007 	bic.w	r0, r0, #7
10001d9e:	ec53 2475 	dcp_ryms r2, r3, #0x7
10001da2:	fba0 3c02 	umull	r3, ip, r0, r2
10001da6:	ec53 2475 	dcp_ryms r2, r3, #0x7
10001daa:	fb00 cc03 	mla	ip, r0, r3, ip
10001dae:	fb01 cc02 	mla	ip, r1, r2, ip
10001db2:	ec53 2404 	dcp_rxms r2, r3, #0x0
10001db6:	ebac 4c82 	sub.w	ip, ip, r2, lsl #18
10001dba:	ea40 705c 	orr.w	r0, r0, ip, lsr #29
10001dbe:	f1a0 0001 	sub.w	r0, r0, #1
10001dc2:	ec41 0440 	dcp_wxdd r0, r1
10001dc6:	ee80 0420 			dcp_nrdd
10001dca:	ec51 0470 	dcp_rddd r0, r1
10001dce:	4770      	bx	lr
10001dd0:	b500      	push	{lr}
10001dd2:	f7ff ff43 	bl	10001c5c <generic_save_state>
10001dd6:	e002      	b.n	10001dde <__wrap___aeabi_d2f+0x6>

10001dd8 <__wrap___aeabi_d2f>:
10001dd8:	fe10 f430 	dcp_pcmp APSR_nzcv
10001ddc:	d4f8      	bmi.n	10001dd0 <__wrap___aeabi_ddiv+0x94>
10001dde:	ec41 0410 	dcp_wxup r0, r1
10001de2:	ee80 0422 			dcp_nrdf
10001de6:	ee10 04b2 			dcp_rdfg r0
10001dea:	4770      	bx	lr
10001dec:	b500      	push	{lr}
10001dee:	f7ff ff35 	bl	10001c5c <generic_save_state>
10001df2:	e002      	b.n	10001dfa <__wrap___aeabi_i2d+0x6>

10001df4 <__wrap___aeabi_i2d>:
10001df4:	fe10 f430 	dcp_pcmp APSR_nzcv
10001df8:	d4f8      	bmi.n	10001dec <__wrap___aeabi_d2f+0x14>
10001dfa:	ec40 0470 	dcp_wxic r0, r0
10001dfe:	ee00 0401 			dcp_add0
10001e02:	ee10 0421 			dcp_sub1
10001e06:	ee80 0420 			dcp_nrdd
10001e0a:	ec51 0430 	dcp_rdds r0, r1
10001e0e:	4770      	bx	lr
10001e10:	b500      	push	{lr}
10001e12:	f7ff ff23 	bl	10001c5c <generic_save_state>
10001e16:	e002      	b.n	10001e1e <__wrap___aeabi_ui2d+0x6>

10001e18 <__wrap___aeabi_ui2d>:
10001e18:	fe10 f430 	dcp_pcmp APSR_nzcv
10001e1c:	d4f8      	bmi.n	10001e10 <__wrap___aeabi_i2d+0x1c>
10001e1e:	ec40 0460 	dcp_wxuc r0, r0
10001e22:	ee00 0401 			dcp_add0
10001e26:	ee10 0421 			dcp_sub1
10001e2a:	ee80 0420 			dcp_nrdd
10001e2e:	ec51 0430 	dcp_rdds r0, r1
10001e32:	4770      	bx	lr
10001e34:	b500      	push	{lr}
10001e36:	f7ff ff11 	bl	10001c5c <generic_save_state>
10001e3a:	e002      	b.n	10001e42 <double2int_z_entry>

10001e3c <__wrap___aeabi_d2iz>:
10001e3c:	fe10 f430 	dcp_pcmp APSR_nzcv
10001e40:	d4f8      	bmi.n	10001e34 <__wrap___aeabi_ui2d+0x1c>

10001e42 <double2int_z_entry>:
10001e42:	ec41 0480 	dcp_wxdc r0, r1
10001e46:	ee00 0401 			dcp_add0
10001e4a:	ee10 0401 			dcp_add1
10001e4e:	ee80 0440 			dcp_ntdc
10001e52:	ee10 0413 			dcp_rdic r0
10001e56:	4770      	bx	lr
10001e58:	b500      	push	{lr}
10001e5a:	f7ff feff 	bl	10001c5c <generic_save_state>
10001e5e:	e002      	b.n	10001e66 <double2uint_z_entry>

10001e60 <__wrap___aeabi_d2uiz>:
10001e60:	fe10 f430 	dcp_pcmp APSR_nzcv
10001e64:	d4f8      	bmi.n	10001e58 <double2int_z_entry+0x16>

10001e66 <double2uint_z_entry>:
10001e66:	ec41 0480 	dcp_wxdc r0, r1
10001e6a:	ee00 0401 			dcp_add0
10001e6e:	ee10 0401 			dcp_add1
10001e72:	ee80 0440 			dcp_ntdc
10001e76:	ee10 0433 			dcp_rduc r0
10001e7a:	4770      	bx	lr
10001e7c:	b500      	push	{lr}
10001e7e:	f7ff feed 	bl	10001c5c <generic_save_state>
10001e82:	e002      	b.n	10001e8a <__wrap___aeabi_dcmpun+0x6>

10001e84 <__wrap___aeabi_dcmpun>:
10001e84:	fe10 f430 	dcp_pcmp APSR_nzcv
10001e88:	d4f8      	bmi.n	10001e7c <double2uint_z_entry+0x16>
10001e8a:	ec41 0410 	dcp_wxup r0, r1
10001e8e:	ec43 2411 	dcp_wyup r2, r3
10001e92:	ee00 0401 			dcp_add0
10001e96:	ee10 0430 			dcp_rcmp r0
10001e9a:	f3c0 7000 	ubfx	r0, r0, #28, #1
10001e9e:	4770      	bx	lr
10001ea0:	b500      	push	{lr}
10001ea2:	f7ff fedb 	bl	10001c5c <generic_save_state>
10001ea6:	e002      	b.n	10001eae <__wrap___aeabi_dcmplt+0x6>

10001ea8 <__wrap___aeabi_dcmplt>:
10001ea8:	fe10 f430 	dcp_pcmp APSR_nzcv
10001eac:	d4f8      	bmi.n	10001ea0 <__wrap___aeabi_dcmpun+0x1c>
10001eae:	ec43 2410 	dcp_wxup r2, r3
10001eb2:	ec41 0411 	dcp_wyup r0, r1
10001eb6:	ee00 0401 			dcp_add0
10001eba:	ee10 f430 			dcp_rcmp APSR_nzcv
10001ebe:	bf8c      	ite	hi
10001ec0:	2001      	movhi	r0, #1
10001ec2:	2000      	movls	r0, #0
10001ec4:	4770      	bx	lr
10001ec6:	bf00      	nop
10001ec8:	b500      	push	{lr}
10001eca:	f7ff fec7 	bl	10001c5c <generic_save_state>
10001ece:	e002      	b.n	10001ed6 <__wrap___aeabi_dcmple+0x6>

10001ed0 <__wrap___aeabi_dcmple>:
10001ed0:	fe10 f430 	dcp_pcmp APSR_nzcv
10001ed4:	d4f8      	bmi.n	10001ec8 <__wrap___aeabi_dcmplt+0x20>
10001ed6:	ec43 2410 	dcp_wxup r2, r3
10001eda:	ec41 0411 	dcp_wyup r0, r1
10001ede:	ee00 0401 			dcp_add0
10001ee2:	ee10 f430 			dcp_rcmp APSR_nzcv
10001ee6:	bf2c      	ite	cs
10001ee8:	2001      	movcs	r0, #1
10001eea:	2000      	movcc	r0, #0
10001eec:	4770      	bx	lr
10001eee:	bf00      	nop
10001ef0:	b500      	push	{lr}
10001ef2:	f7ff feb3 	bl	10001c5c <generic_save_state>
10001ef6:	e002      	b.n	10001efe <__wrap___aeabi_dcmpge+0x6>

10001ef8 <__wrap___aeabi_dcmpge>:
10001ef8:	fe10 f430 	dcp_pcmp APSR_nzcv
10001efc:	d4f8      	bmi.n	10001ef0 <__wrap___aeabi_dcmple+0x20>
10001efe:	ec41 0410 	dcp_wxup r0, r1
10001f02:	ec43 2411 	dcp_wyup r2, r3
10001f06:	ee00 0401 			dcp_add0
10001f0a:	ee10 f430 			dcp_rcmp APSR_nzcv
10001f0e:	bf2c      	ite	cs
10001f10:	2001      	movcs	r0, #1
10001f12:	2000      	movcc	r0, #0
10001f14:	4770      	bx	lr
10001f16:	bf00      	nop
10001f18:	b500      	push	{lr}
10001f1a:	f7ff fe9f 	bl	10001c5c <generic_save_state>
10001f1e:	e002      	b.n	10001f26 <__wrap___aeabi_dcmpgt+0x6>

10001f20 <__wrap___aeabi_dcmpgt>:
10001f20:	fe10 f430 	dcp_pcmp APSR_nzcv
10001f24:	d4f8      	bmi.n	10001f18 <__wrap___aeabi_dcmpge+0x20>
10001f26:	ec41 0410 	dcp_wxup r0, r1
10001f2a:	ec43 2411 	dcp_wyup r2, r3
10001f2e:	ee00 0401 			dcp_add0
10001f32:	ee10 f430 			dcp_rcmp APSR_nzcv
10001f36:	bf8c      	ite	hi
10001f38:	2001      	movhi	r0, #1
10001f3a:	2000      	movls	r0, #0
10001f3c:	4770      	bx	lr
10001f3e:	bf00      	nop

10001f40 <__wrap_malloc>:
10001f40:	b510      	push	{r4, lr}
10001f42:	4604      	mov	r4, r0
10001f44:	f006 fb54 	bl	100085f0 <malloc>
10001f48:	b128      	cbz	r0, 10001f56 <__wrap_malloc+0x16>
10001f4a:	4603      	mov	r3, r0
10001f4c:	4a03      	ldr	r2, [pc, #12]	@ (10001f5c <__wrap_malloc+0x1c>)
10001f4e:	4423      	add	r3, r4
10001f50:	4293      	cmp	r3, r2
10001f52:	d800      	bhi.n	10001f56 <__wrap_malloc+0x16>
10001f54:	bd10      	pop	{r4, pc}
10001f56:	4802      	ldr	r0, [pc, #8]	@ (10001f60 <__wrap_malloc+0x20>)
10001f58:	f7fe fce8 	bl	1000092c <panic>
10001f5c:	20080000 	.word	0x20080000
10001f60:	1000940c 	.word	0x1000940c

10001f64 <__wrap_free>:
10001f64:	f006 bb4c 	b.w	10008600 <free>

10001f68 <_out_null>:
10001f68:	4770      	bx	lr
10001f6a:	bf00      	nop

10001f6c <_out_rev>:
10001f6c:	e92d 4ff0 	stmdb	sp!, {r4, r5, r6, r7, r8, r9, sl, fp, lr}
10001f70:	b083      	sub	sp, #12
10001f72:	4699      	mov	r9, r3
10001f74:	e9dd ab0d 	ldrd	sl, fp, [sp, #52]	@ 0x34
10001f78:	9b0f      	ldr	r3, [sp, #60]	@ 0x3c
10001f7a:	4688      	mov	r8, r1
10001f7c:	4611      	mov	r1, r2
10001f7e:	079a      	lsls	r2, r3, #30
10001f80:	4607      	mov	r7, r0
10001f82:	d116      	bne.n	10001fb2 <_out_rev+0x46>
10001f84:	45da      	cmp	sl, fp
10001f86:	d23a      	bcs.n	10001ffe <_out_rev+0x92>
10001f88:	460c      	mov	r4, r1
10001f8a:	460d      	mov	r5, r1
10001f8c:	ebab 060a 	sub.w	r6, fp, sl
10001f90:	440e      	add	r6, r1
10001f92:	4622      	mov	r2, r4
10001f94:	464b      	mov	r3, r9
10001f96:	4641      	mov	r1, r8
10001f98:	2020      	movs	r0, #32
10001f9a:	3401      	adds	r4, #1
10001f9c:	47b8      	blx	r7
10001f9e:	42b4      	cmp	r4, r6
10001fa0:	d1f7      	bne.n	10001f92 <_out_rev+0x26>
10001fa2:	4629      	mov	r1, r5
10001fa4:	f1ba 0f00 	cmp.w	sl, #0
10001fa8:	d108      	bne.n	10001fbc <_out_rev+0x50>
10001faa:	4620      	mov	r0, r4
10001fac:	b003      	add	sp, #12
10001fae:	e8bd 8ff0 	ldmia.w	sp!, {r4, r5, r6, r7, r8, r9, sl, fp, pc}
10001fb2:	460c      	mov	r4, r1
10001fb4:	f1ba 0f00 	cmp.w	sl, #0
10001fb8:	d010      	beq.n	10001fdc <_out_rev+0x70>
10001fba:	460e      	mov	r6, r1
10001fbc:	4655      	mov	r5, sl
10001fbe:	9b0c      	ldr	r3, [sp, #48]	@ 0x30
10001fc0:	442e      	add	r6, r5
10001fc2:	449a      	add	sl, r3
10001fc4:	9101      	str	r1, [sp, #4]
10001fc6:	1b72      	subs	r2, r6, r5
10001fc8:	464b      	mov	r3, r9
10001fca:	3d01      	subs	r5, #1
10001fcc:	4641      	mov	r1, r8
10001fce:	f81a 0d01 	ldrb.w	r0, [sl, #-1]!
10001fd2:	4634      	mov	r4, r6
10001fd4:	47b8      	blx	r7
10001fd6:	2d00      	cmp	r5, #0
10001fd8:	d1f5      	bne.n	10001fc6 <_out_rev+0x5a>
10001fda:	9901      	ldr	r1, [sp, #4]
10001fdc:	9b0f      	ldr	r3, [sp, #60]	@ 0x3c
10001fde:	079b      	lsls	r3, r3, #30
10001fe0:	d5e3      	bpl.n	10001faa <_out_rev+0x3e>
10001fe2:	1a65      	subs	r5, r4, r1
10001fe4:	45ab      	cmp	fp, r5
10001fe6:	d9e0      	bls.n	10001faa <_out_rev+0x3e>
10001fe8:	4622      	mov	r2, r4
10001fea:	464b      	mov	r3, r9
10001fec:	4641      	mov	r1, r8
10001fee:	2020      	movs	r0, #32
10001ff0:	3501      	adds	r5, #1
10001ff2:	47b8      	blx	r7
10001ff4:	455d      	cmp	r5, fp
10001ff6:	f104 0401 	add.w	r4, r4, #1
10001ffa:	d3f5      	bcc.n	10001fe8 <_out_rev+0x7c>
10001ffc:	e7d5      	b.n	10001faa <_out_rev+0x3e>
10001ffe:	460c      	mov	r4, r1
10002000:	f1ba 0f00 	cmp.w	sl, #0
10002004:	d1d9      	bne.n	10001fba <_out_rev+0x4e>
10002006:	e7d0      	b.n	10001faa <_out_rev+0x3e>

10002008 <_ntoa_format>:
10002008:	e92d 4ff0 	stmdb	sp!, {r4, r5, r6, r7, r8, r9, sl, fp, lr}
1000200c:	9f0f      	ldr	r7, [sp, #60]	@ 0x3c
1000200e:	f8dd 8024 	ldr.w	r8, [sp, #36]	@ 0x24
10002012:	f017 0f02 	tst.w	r7, #2
10002016:	9c0a      	ldr	r4, [sp, #40]	@ 0x28
10002018:	f89d a02c 	ldrb.w	sl, [sp, #44]	@ 0x2c
1000201c:	9d0e      	ldr	r5, [sp, #56]	@ 0x38
1000201e:	e9dd 960c 	ldrd	r9, r6, [sp, #48]	@ 0x30
10002022:	d144      	bne.n	100020ae <_ntoa_format+0xa6>
10002024:	bbf5      	cbnz	r5, 100020a4 <_ntoa_format+0x9c>
10002026:	42b4      	cmp	r4, r6
10002028:	d241      	bcs.n	100020ae <_ntoa_format+0xa6>
1000202a:	f007 0b01 	and.w	fp, r7, #1
1000202e:	f104 3cff 	add.w	ip, r4, #4294967295
10002032:	f04f 0e30 	mov.w	lr, #48	@ 0x30
10002036:	44c4      	add	ip, r8
10002038:	e004      	b.n	10002044 <_ntoa_format+0x3c>
1000203a:	3401      	adds	r4, #1
1000203c:	42a6      	cmp	r6, r4
1000203e:	f80c ef01 	strb.w	lr, [ip, #1]!
10002042:	d901      	bls.n	10002048 <_ntoa_format+0x40>
10002044:	2c20      	cmp	r4, #32
10002046:	d1f8      	bne.n	1000203a <_ntoa_format+0x32>
10002048:	f1bb 0f00 	cmp.w	fp, #0
1000204c:	f000 8088 	beq.w	10002160 <_ntoa_format+0x158>
10002050:	42a5      	cmp	r5, r4
10002052:	d92c      	bls.n	100020ae <_ntoa_format+0xa6>
10002054:	f104 3cff 	add.w	ip, r4, #4294967295
10002058:	f04f 0e30 	mov.w	lr, #48	@ 0x30
1000205c:	44c4      	add	ip, r8
1000205e:	e004      	b.n	1000206a <_ntoa_format+0x62>
10002060:	3401      	adds	r4, #1
10002062:	42ac      	cmp	r4, r5
10002064:	f80c ef01 	strb.w	lr, [ip, #1]!
10002068:	d021      	beq.n	100020ae <_ntoa_format+0xa6>
1000206a:	2c20      	cmp	r4, #32
1000206c:	d1f8      	bne.n	10002060 <_ntoa_format+0x58>
1000206e:	f017 0f10 	tst.w	r7, #16
10002072:	d00e      	beq.n	10002092 <_ntoa_format+0x8a>
10002074:	f417 6f80 	tst.w	r7, #1024	@ 0x400
10002078:	d154      	bne.n	10002124 <_ntoa_format+0x11c>
1000207a:	42a6      	cmp	r6, r4
1000207c:	d063      	beq.n	10002146 <_ntoa_format+0x13e>
1000207e:	42a5      	cmp	r5, r4
10002080:	d061      	beq.n	10002146 <_ntoa_format+0x13e>
10002082:	f1b9 0f10 	cmp.w	r9, #16
10002086:	d050      	beq.n	1000212a <_ntoa_format+0x122>
10002088:	f1b9 0f02 	cmp.w	r9, #2
1000208c:	d056      	beq.n	1000213c <_ntoa_format+0x134>
1000208e:	2c20      	cmp	r4, #32
10002090:	d129      	bne.n	100020e6 <_ntoa_format+0xde>
10002092:	2420      	movs	r4, #32
10002094:	e9cd 570b 	strd	r5, r7, [sp, #44]	@ 0x2c
10002098:	e9cd 8409 	strd	r8, r4, [sp, #36]	@ 0x24
1000209c:	e8bd 4ff0 	ldmia.w	sp!, {r4, r5, r6, r7, r8, r9, sl, fp, lr}
100020a0:	f7ff bf64 	b.w	10001f6c <_out_rev>
100020a4:	f017 0b01 	ands.w	fp, r7, #1
100020a8:	d134      	bne.n	10002114 <_ntoa_format+0x10c>
100020aa:	42b4      	cmp	r4, r6
100020ac:	d3bf      	bcc.n	1000202e <_ntoa_format+0x26>
100020ae:	f017 0f10 	tst.w	r7, #16
100020b2:	d01e      	beq.n	100020f2 <_ntoa_format+0xea>
100020b4:	f417 6f80 	tst.w	r7, #1024	@ 0x400
100020b8:	d1e3      	bne.n	10002082 <_ntoa_format+0x7a>
100020ba:	2c00      	cmp	r4, #0
100020bc:	d1dd      	bne.n	1000207a <_ntoa_format+0x72>
100020be:	f1b9 0f10 	cmp.w	r9, #16
100020c2:	d063      	beq.n	1000218c <_ntoa_format+0x184>
100020c4:	f1b9 0f02 	cmp.w	r9, #2
100020c8:	d077      	beq.n	100021ba <_ntoa_format+0x1b2>
100020ca:	2430      	movs	r4, #48	@ 0x30
100020cc:	f888 4000 	strb.w	r4, [r8]
100020d0:	2401      	movs	r4, #1
100020d2:	f1ba 0f00 	cmp.w	sl, #0
100020d6:	d111      	bne.n	100020fc <_ntoa_format+0xf4>
100020d8:	077e      	lsls	r6, r7, #29
100020da:	d548      	bpl.n	1000216e <_ntoa_format+0x166>
100020dc:	262b      	movs	r6, #43	@ 0x2b
100020de:	f808 6004 	strb.w	r6, [r8, r4]
100020e2:	3401      	adds	r4, #1
100020e4:	e7d6      	b.n	10002094 <_ntoa_format+0x8c>
100020e6:	4626      	mov	r6, r4
100020e8:	3401      	adds	r4, #1
100020ea:	f04f 0c30 	mov.w	ip, #48	@ 0x30
100020ee:	f808 c006 	strb.w	ip, [r8, r6]
100020f2:	2c20      	cmp	r4, #32
100020f4:	d0cd      	beq.n	10002092 <_ntoa_format+0x8a>
100020f6:	f1ba 0f00 	cmp.w	sl, #0
100020fa:	d0ed      	beq.n	100020d8 <_ntoa_format+0xd0>
100020fc:	262d      	movs	r6, #45	@ 0x2d
100020fe:	f808 6004 	strb.w	r6, [r8, r4]
10002102:	3401      	adds	r4, #1
10002104:	e9cd 570b 	strd	r5, r7, [sp, #44]	@ 0x2c
10002108:	e9cd 8409 	strd	r8, r4, [sp, #36]	@ 0x24
1000210c:	e8bd 4ff0 	ldmia.w	sp!, {r4, r5, r6, r7, r8, r9, sl, fp, lr}
10002110:	f7ff bf2c 	b.w	10001f6c <_out_rev>
10002114:	f1ba 0f00 	cmp.w	sl, #0
10002118:	d030      	beq.n	1000217c <_ntoa_format+0x174>
1000211a:	42b4      	cmp	r4, r6
1000211c:	f105 35ff 	add.w	r5, r5, #4294967295
10002120:	d385      	bcc.n	1000202e <_ntoa_format+0x26>
10002122:	e795      	b.n	10002050 <_ntoa_format+0x48>
10002124:	f1b9 0f10 	cmp.w	r9, #16
10002128:	d1b3      	bne.n	10002092 <_ntoa_format+0x8a>
1000212a:	06be      	lsls	r6, r7, #26
1000212c:	d53b      	bpl.n	100021a6 <_ntoa_format+0x19e>
1000212e:	2c20      	cmp	r4, #32
10002130:	d0af      	beq.n	10002092 <_ntoa_format+0x8a>
10002132:	2658      	movs	r6, #88	@ 0x58
10002134:	f808 6004 	strb.w	r6, [r8, r4]
10002138:	3401      	adds	r4, #1
1000213a:	e7a8      	b.n	1000208e <_ntoa_format+0x86>
1000213c:	2c20      	cmp	r4, #32
1000213e:	d0a8      	beq.n	10002092 <_ntoa_format+0x8a>
10002140:	4626      	mov	r6, r4
10002142:	3401      	adds	r4, #1
10002144:	e007      	b.n	10002156 <_ntoa_format+0x14e>
10002146:	1e66      	subs	r6, r4, #1
10002148:	d0b9      	beq.n	100020be <_ntoa_format+0xb6>
1000214a:	f1b9 0f10 	cmp.w	r9, #16
1000214e:	d036      	beq.n	100021be <_ntoa_format+0x1b6>
10002150:	f1b9 0f02 	cmp.w	r9, #2
10002154:	d1c9      	bne.n	100020ea <_ntoa_format+0xe2>
10002156:	f04f 0c62 	mov.w	ip, #98	@ 0x62
1000215a:	f808 c006 	strb.w	ip, [r8, r6]
1000215e:	e796      	b.n	1000208e <_ntoa_format+0x86>
10002160:	f017 0f10 	tst.w	r7, #16
10002164:	d0c5      	beq.n	100020f2 <_ntoa_format+0xea>
10002166:	f417 6f80 	tst.w	r7, #1024	@ 0x400
1000216a:	d086      	beq.n	1000207a <_ntoa_format+0x72>
1000216c:	e789      	b.n	10002082 <_ntoa_format+0x7a>
1000216e:	073e      	lsls	r6, r7, #28
10002170:	d590      	bpl.n	10002094 <_ntoa_format+0x8c>
10002172:	2620      	movs	r6, #32
10002174:	f808 6004 	strb.w	r6, [r8, r4]
10002178:	3401      	adds	r4, #1
1000217a:	e78b      	b.n	10002094 <_ntoa_format+0x8c>
1000217c:	f017 0f0c 	tst.w	r7, #12
10002180:	d000      	beq.n	10002184 <_ntoa_format+0x17c>
10002182:	3d01      	subs	r5, #1
10002184:	42b4      	cmp	r4, r6
10002186:	f4ff af52 	bcc.w	1000202e <_ntoa_format+0x26>
1000218a:	e761      	b.n	10002050 <_ntoa_format+0x48>
1000218c:	06bc      	lsls	r4, r7, #26
1000218e:	d412      	bmi.n	100021b6 <_ntoa_format+0x1ae>
10002190:	2478      	movs	r4, #120	@ 0x78
10002192:	f888 4000 	strb.w	r4, [r8]
10002196:	2430      	movs	r4, #48	@ 0x30
10002198:	f888 4001 	strb.w	r4, [r8, #1]
1000219c:	2402      	movs	r4, #2
1000219e:	f1ba 0f00 	cmp.w	sl, #0
100021a2:	d099      	beq.n	100020d8 <_ntoa_format+0xd0>
100021a4:	e7aa      	b.n	100020fc <_ntoa_format+0xf4>
100021a6:	2c20      	cmp	r4, #32
100021a8:	f43f af73 	beq.w	10002092 <_ntoa_format+0x8a>
100021ac:	2678      	movs	r6, #120	@ 0x78
100021ae:	f808 6004 	strb.w	r6, [r8, r4]
100021b2:	3401      	adds	r4, #1
100021b4:	e76b      	b.n	1000208e <_ntoa_format+0x86>
100021b6:	2458      	movs	r4, #88	@ 0x58
100021b8:	e7eb      	b.n	10002192 <_ntoa_format+0x18a>
100021ba:	2462      	movs	r4, #98	@ 0x62
100021bc:	e7e9      	b.n	10002192 <_ntoa_format+0x18a>
100021be:	f017 0f20 	tst.w	r7, #32
100021c2:	f1a4 0c02 	sub.w	ip, r4, #2
100021c6:	d004      	beq.n	100021d2 <_ntoa_format+0x1ca>
100021c8:	f04f 0e58 	mov.w	lr, #88	@ 0x58
100021cc:	f808 e00c 	strb.w	lr, [r8, ip]
100021d0:	e78b      	b.n	100020ea <_ntoa_format+0xe2>
100021d2:	f04f 0e78 	mov.w	lr, #120	@ 0x78
100021d6:	f808 e00c 	strb.w	lr, [r8, ip]
100021da:	e786      	b.n	100020ea <_ntoa_format+0xe2>

100021dc <_out_char>:
100021dc:	b900      	cbnz	r0, 100021e0 <_out_char+0x4>
100021de:	4770      	bx	lr
100021e0:	f001 bb84 	b.w	100038ec <__wrap_putchar>

100021e4 <_out_fct>:
100021e4:	b110      	cbz	r0, 100021ec <_out_fct+0x8>
100021e6:	e9d1 3100 	ldrd	r3, r1, [r1]
100021ea:	4718      	bx	r3
100021ec:	4770      	bx	lr
100021ee:	bf00      	nop

100021f0 <_ftoa>:
100021f0:	e92d 4ff0 	stmdb	sp!, {r4, r5, r6, r7, r8, r9, sl, fp, lr}
100021f4:	b097      	sub	sp, #92	@ 0x5c
100021f6:	ed9d 7b20 	vldr	d7, [sp, #128]	@ 0x80
100021fa:	e9dd 5b22 	ldrd	r5, fp, [sp, #136]	@ 0x88
100021fe:	4607      	mov	r7, r0
10002200:	4688      	mov	r8, r1
10002202:	ec51 0b17 	vmov	r0, r1, d7
10002206:	9c24      	ldr	r4, [sp, #144]	@ 0x90
10002208:	4699      	mov	r9, r3
1000220a:	920c      	str	r2, [sp, #48]	@ 0x30
1000220c:	460b      	mov	r3, r1
1000220e:	4602      	mov	r2, r0
10002210:	ed8d 7b04 	vstr	d7, [sp, #16]
10002214:	9407      	str	r4, [sp, #28]
10002216:	f7ff fe35 	bl	10001e84 <__wrap___aeabi_dcmpun>
1000221a:	2800      	cmp	r0, #0
1000221c:	f040 81f4 	bne.w	10002608 <_ftoa+0x418>
10002220:	e9dd 0104 	ldrd	r0, r1, [sp, #16]
10002224:	f04f 32ff 	mov.w	r2, #4294967295
10002228:	f46f 1380 	mvn.w	r3, #1048576	@ 0x100000
1000222c:	f7ff fe3c 	bl	10001ea8 <__wrap___aeabi_dcmplt>
10002230:	2800      	cmp	r0, #0
10002232:	f040 811b 	bne.w	1000246c <_ftoa+0x27c>
10002236:	e9dd 0104 	ldrd	r0, r1, [sp, #16]
1000223a:	f04f 32ff 	mov.w	r2, #4294967295
1000223e:	4bac      	ldr	r3, [pc, #688]	@ (100024f0 <_ftoa+0x300>)
10002240:	f7ff fe6e 	bl	10001f20 <__wrap___aeabi_dcmpgt>
10002244:	2800      	cmp	r0, #0
10002246:	f040 80ee 	bne.w	10002426 <_ftoa+0x236>
1000224a:	e9dd 0104 	ldrd	r0, r1, [sp, #16]
1000224e:	a3a4      	add	r3, pc, #656	@ (adr r3, 100024e0 <_ftoa+0x2f0>)
10002250:	e9d3 2300 	ldrd	r2, r3, [r3]
10002254:	f7ff fe64 	bl	10001f20 <__wrap___aeabi_dcmpgt>
10002258:	2800      	cmp	r0, #0
1000225a:	f040 80d3 	bne.w	10002404 <_ftoa+0x214>
1000225e:	e9dd 0104 	ldrd	r0, r1, [sp, #16]
10002262:	a3a1      	add	r3, pc, #644	@ (adr r3, 100024e8 <_ftoa+0x2f8>)
10002264:	e9d3 2300 	ldrd	r2, r3, [r3]
10002268:	f7ff fe1e 	bl	10001ea8 <__wrap___aeabi_dcmplt>
1000226c:	2800      	cmp	r0, #0
1000226e:	f040 80c9 	bne.w	10002404 <_ftoa+0x214>
10002272:	e9dd 0104 	ldrd	r0, r1, [sp, #16]
10002276:	2200      	movs	r2, #0
10002278:	2300      	movs	r3, #0
1000227a:	f7ff fe15 	bl	10001ea8 <__wrap___aeabi_dcmplt>
1000227e:	2800      	cmp	r0, #0
10002280:	f040 80e8 	bne.w	10002454 <_ftoa+0x264>
10002284:	4623      	mov	r3, r4
10002286:	900d      	str	r0, [sp, #52]	@ 0x34
10002288:	f413 6f80 	tst.w	r3, #1024	@ 0x400
1000228c:	bf08      	it	eq
1000228e:	2506      	moveq	r5, #6
10002290:	2130      	movs	r1, #48	@ 0x30
10002292:	462b      	mov	r3, r5
10002294:	aa0e      	add	r2, sp, #56	@ 0x38
10002296:	f1a5 0620 	sub.w	r6, r5, #32
1000229a:	e005      	b.n	100022a8 <_ftoa+0xb8>
1000229c:	3b01      	subs	r3, #1
1000229e:	42b3      	cmp	r3, r6
100022a0:	f802 1b01 	strb.w	r1, [r2], #1
100022a4:	f000 8193 	beq.w	100025ce <_ftoa+0x3de>
100022a8:	2b09      	cmp	r3, #9
100022aa:	d8f7      	bhi.n	1000229c <_ftoa+0xac>
100022ac:	461e      	mov	r6, r3
100022ae:	1aed      	subs	r5, r5, r3
100022b0:	e9dd 0104 	ldrd	r0, r1, [sp, #16]
100022b4:	f7ff fdc2 	bl	10001e3c <__wrap___aeabi_d2iz>
100022b8:	4b8e      	ldr	r3, [pc, #568]	@ (100024f4 <_ftoa+0x304>)
100022ba:	4604      	mov	r4, r0
100022bc:	eb03 03c6 	add.w	r3, r3, r6, lsl #3
100022c0:	ed93 7b00 	vldr	d7, [r3]
100022c4:	ed8d 7b08 	vstr	d7, [sp, #32]
100022c8:	f7ff fd94 	bl	10001df4 <__wrap___aeabi_i2d>
100022cc:	4602      	mov	r2, r0
100022ce:	460b      	mov	r3, r1
100022d0:	e9dd 0104 	ldrd	r0, r1, [sp, #16]
100022d4:	f7ff fcf8 	bl	10001cc8 <__wrap___aeabi_dsub>
100022d8:	e9dd 2308 	ldrd	r2, r3, [sp, #32]
100022dc:	f7ff fd08 	bl	10001cf0 <__wrap___aeabi_dmul>
100022e0:	4602      	mov	r2, r0
100022e2:	460b      	mov	r3, r1
100022e4:	e9cd 230a 	strd	r2, r3, [sp, #40]	@ 0x28
100022e8:	f7ff fdba 	bl	10001e60 <__wrap___aeabi_d2uiz>
100022ec:	4682      	mov	sl, r0
100022ee:	f7ff fd93 	bl	10001e18 <__wrap___aeabi_ui2d>
100022f2:	4602      	mov	r2, r0
100022f4:	460b      	mov	r3, r1
100022f6:	e9dd 010a 	ldrd	r0, r1, [sp, #40]	@ 0x28
100022fa:	f7ff fce5 	bl	10001cc8 <__wrap___aeabi_dsub>
100022fe:	4602      	mov	r2, r0
10002300:	460b      	mov	r3, r1
10002302:	e9cd 230a 	strd	r2, r3, [sp, #40]	@ 0x28
10002306:	2200      	movs	r2, #0
10002308:	4b7b      	ldr	r3, [pc, #492]	@ (100024f8 <_ftoa+0x308>)
1000230a:	f7ff fe09 	bl	10001f20 <__wrap___aeabi_dcmpgt>
1000230e:	2800      	cmp	r0, #0
10002310:	f000 80fe 	beq.w	10002510 <_ftoa+0x320>
10002314:	f10a 0a01 	add.w	sl, sl, #1
10002318:	4650      	mov	r0, sl
1000231a:	f7ff fd7d 	bl	10001e18 <__wrap___aeabi_ui2d>
1000231e:	4602      	mov	r2, r0
10002320:	460b      	mov	r3, r1
10002322:	e9dd 0108 	ldrd	r0, r1, [sp, #32]
10002326:	f7ff fdd3 	bl	10001ed0 <__wrap___aeabi_dcmple>
1000232a:	b110      	cbz	r0, 10002332 <_ftoa+0x142>
1000232c:	f04f 0a00 	mov.w	sl, #0
10002330:	3401      	adds	r4, #1
10002332:	2e00      	cmp	r6, #0
10002334:	f000 80fd 	beq.w	10002532 <_ftoa+0x342>
10002338:	1e68      	subs	r0, r5, #1
1000233a:	ab0e      	add	r3, sp, #56	@ 0x38
1000233c:	f8df c1cc 	ldr.w	ip, [pc, #460]	@ 1000250c <_ftoa+0x31c>
10002340:	4418      	add	r0, r3
10002342:	e00f      	b.n	10002364 <_ftoa+0x174>
10002344:	fbac 210a 	umull	r2, r1, ip, sl
10002348:	08c9      	lsrs	r1, r1, #3
1000234a:	eb01 0281 	add.w	r2, r1, r1, lsl #2
1000234e:	ebaa 0242 	sub.w	r2, sl, r2, lsl #1
10002352:	3230      	adds	r2, #48	@ 0x30
10002354:	f1ba 0f09 	cmp.w	sl, #9
10002358:	f800 2f01 	strb.w	r2, [r0, #1]!
1000235c:	f240 811c 	bls.w	10002598 <_ftoa+0x3a8>
10002360:	468a      	mov	sl, r1
10002362:	461d      	mov	r5, r3
10002364:	2d20      	cmp	r5, #32
10002366:	f105 0301 	add.w	r3, r5, #1
1000236a:	f106 36ff 	add.w	r6, r6, #4294967295
1000236e:	d1e9      	bne.n	10002344 <_ftoa+0x154>
10002370:	2520      	movs	r5, #32
10002372:	1e69      	subs	r1, r5, #1
10002374:	ab0e      	add	r3, sp, #56	@ 0x38
10002376:	4861      	ldr	r0, [pc, #388]	@ (100024fc <_ftoa+0x30c>)
10002378:	4419      	add	r1, r3
1000237a:	e010      	b.n	1000239e <_ftoa+0x1ae>
1000237c:	fb80 6204 	smull	r6, r2, r0, r4
10002380:	ebc3 03a2 	rsb	r3, r3, r2, asr #2
10002384:	eb03 0283 	add.w	r2, r3, r3, lsl #2
10002388:	eba4 0442 	sub.w	r4, r4, r2, lsl #1
1000238c:	f104 0230 	add.w	r2, r4, #48	@ 0x30
10002390:	3501      	adds	r5, #1
10002392:	461c      	mov	r4, r3
10002394:	f801 2f01 	strb.w	r2, [r1, #1]!
10002398:	2b00      	cmp	r3, #0
1000239a:	f000 80eb 	beq.w	10002574 <_ftoa+0x384>
1000239e:	2d20      	cmp	r5, #32
100023a0:	ea4f 73e4 	mov.w	r3, r4, asr #31
100023a4:	d1ea      	bne.n	1000237c <_ftoa+0x18c>
100023a6:	9b07      	ldr	r3, [sp, #28]
100023a8:	f003 0303 	and.w	r3, r3, #3
100023ac:	2b01      	cmp	r3, #1
100023ae:	d118      	bne.n	100023e2 <_ftoa+0x1f2>
100023b0:	f1bb 0f00 	cmp.w	fp, #0
100023b4:	d015      	beq.n	100023e2 <_ftoa+0x1f2>
100023b6:	9b0d      	ldr	r3, [sp, #52]	@ 0x34
100023b8:	2b00      	cmp	r3, #0
100023ba:	f000 810a 	beq.w	100025d2 <_ftoa+0x3e2>
100023be:	f10b 3bff 	add.w	fp, fp, #4294967295
100023c2:	f1bb 0f20 	cmp.w	fp, #32
100023c6:	d90c      	bls.n	100023e2 <_ftoa+0x1f2>
100023c8:	1e6b      	subs	r3, r5, #1
100023ca:	a90e      	add	r1, sp, #56	@ 0x38
100023cc:	2230      	movs	r2, #48	@ 0x30
100023ce:	440b      	add	r3, r1
100023d0:	e005      	b.n	100023de <_ftoa+0x1ee>
100023d2:	3501      	adds	r5, #1
100023d4:	455d      	cmp	r5, fp
100023d6:	f803 2f01 	strb.w	r2, [r3, #1]!
100023da:	f080 80d1 	bcs.w	10002580 <_ftoa+0x390>
100023de:	2d20      	cmp	r5, #32
100023e0:	d1f7      	bne.n	100023d2 <_ftoa+0x1e2>
100023e2:	9b07      	ldr	r3, [sp, #28]
100023e4:	ac0e      	add	r4, sp, #56	@ 0x38
100023e6:	e9cd b302 	strd	fp, r3, [sp, #8]
100023ea:	4641      	mov	r1, r8
100023ec:	464b      	mov	r3, r9
100023ee:	4638      	mov	r0, r7
100023f0:	9a0c      	ldr	r2, [sp, #48]	@ 0x30
100023f2:	9501      	str	r5, [sp, #4]
100023f4:	9400      	str	r4, [sp, #0]
100023f6:	f7ff fdb9 	bl	10001f6c <_out_rev>
100023fa:	4682      	mov	sl, r0
100023fc:	4650      	mov	r0, sl
100023fe:	b017      	add	sp, #92	@ 0x5c
10002400:	e8bd 8ff0 	ldmia.w	sp!, {r4, r5, r6, r7, r8, r9, sl, fp, pc}
10002404:	9b07      	ldr	r3, [sp, #28]
10002406:	ed9d 7b04 	vldr	d7, [sp, #16]
1000240a:	e9cd b323 	strd	fp, r3, [sp, #140]	@ 0x8c
1000240e:	4641      	mov	r1, r8
10002410:	464b      	mov	r3, r9
10002412:	4638      	mov	r0, r7
10002414:	9a0c      	ldr	r2, [sp, #48]	@ 0x30
10002416:	ed8d 7b20 	vstr	d7, [sp, #128]	@ 0x80
1000241a:	9522      	str	r5, [sp, #136]	@ 0x88
1000241c:	b017      	add	sp, #92	@ 0x5c
1000241e:	e8bd 4ff0 	ldmia.w	sp!, {r4, r5, r6, r7, r8, r9, sl, fp, lr}
10002422:	f000 b945 	b.w	100026b0 <_etoa>
10002426:	0761      	lsls	r1, r4, #29
10002428:	4623      	mov	r3, r4
1000242a:	bf4c      	ite	mi
1000242c:	2304      	movmi	r3, #4
1000242e:	2303      	movpl	r3, #3
10002430:	4641      	mov	r1, r8
10002432:	9321      	str	r3, [sp, #132]	@ 0x84
10002434:	4638      	mov	r0, r7
10002436:	464b      	mov	r3, r9
10002438:	9a07      	ldr	r2, [sp, #28]
1000243a:	bf48      	it	mi
1000243c:	4c30      	ldrmi	r4, [pc, #192]	@ (10002500 <_ftoa+0x310>)
1000243e:	e9cd b222 	strd	fp, r2, [sp, #136]	@ 0x88
10002442:	bf58      	it	pl
10002444:	4c2f      	ldrpl	r4, [pc, #188]	@ (10002504 <_ftoa+0x314>)
10002446:	9a0c      	ldr	r2, [sp, #48]	@ 0x30
10002448:	9420      	str	r4, [sp, #128]	@ 0x80
1000244a:	b017      	add	sp, #92	@ 0x5c
1000244c:	e8bd 4ff0 	ldmia.w	sp!, {r4, r5, r6, r7, r8, r9, sl, fp, lr}
10002450:	f7ff bd8c 	b.w	10001f6c <_out_rev>
10002454:	e9dd 2304 	ldrd	r2, r3, [sp, #16]
10002458:	2000      	movs	r0, #0
1000245a:	2100      	movs	r1, #0
1000245c:	f7ff fc34 	bl	10001cc8 <__wrap___aeabi_dsub>
10002460:	2301      	movs	r3, #1
10002462:	e9cd 0104 	strd	r0, r1, [sp, #16]
10002466:	930d      	str	r3, [sp, #52]	@ 0x34
10002468:	4623      	mov	r3, r4
1000246a:	e70d      	b.n	10002288 <_ftoa+0x98>
1000246c:	4623      	mov	r3, r4
1000246e:	079c      	lsls	r4, r3, #30
10002470:	f040 80aa 	bne.w	100025c8 <_ftoa+0x3d8>
10002474:	f1bb 0f04 	cmp.w	fp, #4
10002478:	f240 80a6 	bls.w	100025c8 <_ftoa+0x3d8>
1000247c:	9b0c      	ldr	r3, [sp, #48]	@ 0x30
1000247e:	461d      	mov	r5, r3
10002480:	1f1c      	subs	r4, r3, #4
10002482:	eb04 0a0b 	add.w	sl, r4, fp
10002486:	462a      	mov	r2, r5
10002488:	464b      	mov	r3, r9
1000248a:	4641      	mov	r1, r8
1000248c:	2020      	movs	r0, #32
1000248e:	3501      	adds	r5, #1
10002490:	47b8      	blx	r7
10002492:	45aa      	cmp	sl, r5
10002494:	d1f7      	bne.n	10002486 <_ftoa+0x296>
10002496:	4655      	mov	r5, sl
10002498:	4c1b      	ldr	r4, [pc, #108]	@ (10002508 <_ftoa+0x318>)
1000249a:	1f26      	subs	r6, r4, #4
1000249c:	f814 0d01 	ldrb.w	r0, [r4, #-1]!
100024a0:	462a      	mov	r2, r5
100024a2:	464b      	mov	r3, r9
100024a4:	4641      	mov	r1, r8
100024a6:	47b8      	blx	r7
100024a8:	42b4      	cmp	r4, r6
100024aa:	f105 0501 	add.w	r5, r5, #1
100024ae:	d1f5      	bne.n	1000249c <_ftoa+0x2ac>
100024b0:	9b07      	ldr	r3, [sp, #28]
100024b2:	f10a 0a04 	add.w	sl, sl, #4
100024b6:	0798      	lsls	r0, r3, #30
100024b8:	d5a0      	bpl.n	100023fc <_ftoa+0x20c>
100024ba:	9c0c      	ldr	r4, [sp, #48]	@ 0x30
100024bc:	ebaa 0304 	sub.w	r3, sl, r4
100024c0:	459b      	cmp	fp, r3
100024c2:	d99b      	bls.n	100023fc <_ftoa+0x20c>
100024c4:	4652      	mov	r2, sl
100024c6:	464b      	mov	r3, r9
100024c8:	4641      	mov	r1, r8
100024ca:	2020      	movs	r0, #32
100024cc:	f10a 0a01 	add.w	sl, sl, #1
100024d0:	47b8      	blx	r7
100024d2:	ebaa 0304 	sub.w	r3, sl, r4
100024d6:	455b      	cmp	r3, fp
100024d8:	d3f4      	bcc.n	100024c4 <_ftoa+0x2d4>
100024da:	e78f      	b.n	100023fc <_ftoa+0x20c>
100024dc:	f3af 8000 	nop.w
100024e0:	00000000 	.word	0x00000000
100024e4:	41cdcd65 	.word	0x41cdcd65
100024e8:	00000000 	.word	0x00000000
100024ec:	c1cdcd65 	.word	0xc1cdcd65
100024f0:	7fefffff 	.word	0x7fefffff
100024f4:	10009588 	.word	0x10009588
100024f8:	3fe00000 	.word	0x3fe00000
100024fc:	66666667 	.word	0x66666667
10002500:	10009460 	.word	0x10009460
10002504:	10009468 	.word	0x10009468
10002508:	10009474 	.word	0x10009474
1000250c:	cccccccd 	.word	0xcccccccd
10002510:	2200      	movs	r2, #0
10002512:	e9dd 010a 	ldrd	r0, r1, [sp, #40]	@ 0x28
10002516:	4b63      	ldr	r3, [pc, #396]	@ (100026a4 <_ftoa+0x4b4>)
10002518:	f7ff fcc6 	bl	10001ea8 <__wrap___aeabi_dcmplt>
1000251c:	2800      	cmp	r0, #0
1000251e:	f47f af08 	bne.w	10002332 <_ftoa+0x142>
10002522:	f1ba 0f00 	cmp.w	sl, #0
10002526:	d16a      	bne.n	100025fe <_ftoa+0x40e>
10002528:	f10a 0a01 	add.w	sl, sl, #1
1000252c:	2e00      	cmp	r6, #0
1000252e:	f47f af03 	bne.w	10002338 <_ftoa+0x148>
10002532:	4620      	mov	r0, r4
10002534:	f7ff fc5e 	bl	10001df4 <__wrap___aeabi_i2d>
10002538:	4602      	mov	r2, r0
1000253a:	460b      	mov	r3, r1
1000253c:	e9dd 0104 	ldrd	r0, r1, [sp, #16]
10002540:	f7ff fbc2 	bl	10001cc8 <__wrap___aeabi_dsub>
10002544:	4602      	mov	r2, r0
10002546:	460b      	mov	r3, r1
10002548:	e9cd 2304 	strd	r2, r3, [sp, #16]
1000254c:	2200      	movs	r2, #0
1000254e:	4b55      	ldr	r3, [pc, #340]	@ (100026a4 <_ftoa+0x4b4>)
10002550:	f7ff fcaa 	bl	10001ea8 <__wrap___aeabi_dcmplt>
10002554:	2800      	cmp	r0, #0
10002556:	f47f af0c 	bne.w	10002372 <_ftoa+0x182>
1000255a:	e9dd 0104 	ldrd	r0, r1, [sp, #16]
1000255e:	2200      	movs	r2, #0
10002560:	4b50      	ldr	r3, [pc, #320]	@ (100026a4 <_ftoa+0x4b4>)
10002562:	f7ff fcdd 	bl	10001f20 <__wrap___aeabi_dcmpgt>
10002566:	2800      	cmp	r0, #0
10002568:	f47f af03 	bne.w	10002372 <_ftoa+0x182>
1000256c:	3401      	adds	r4, #1
1000256e:	f024 0401 	bic.w	r4, r4, #1
10002572:	e6fe      	b.n	10002372 <_ftoa+0x182>
10002574:	9b07      	ldr	r3, [sp, #28]
10002576:	f003 0303 	and.w	r3, r3, #3
1000257a:	2b01      	cmp	r3, #1
1000257c:	f000 8082 	beq.w	10002684 <_ftoa+0x494>
10002580:	2d20      	cmp	r5, #32
10002582:	f43f af2e 	beq.w	100023e2 <_ftoa+0x1f2>
10002586:	9b0d      	ldr	r3, [sp, #52]	@ 0x34
10002588:	b37b      	cbz	r3, 100025ea <_ftoa+0x3fa>
1000258a:	222d      	movs	r2, #45	@ 0x2d
1000258c:	eb0d 0305 	add.w	r3, sp, r5
10002590:	f883 2038 	strb.w	r2, [r3, #56]	@ 0x38
10002594:	3501      	adds	r5, #1
10002596:	e724      	b.n	100023e2 <_ftoa+0x1f2>
10002598:	2b20      	cmp	r3, #32
1000259a:	f43f aee9 	beq.w	10002370 <_ftoa+0x180>
1000259e:	aa0e      	add	r2, sp, #56	@ 0x38
100025a0:	4415      	add	r5, r2
100025a2:	441e      	add	r6, r3
100025a4:	2230      	movs	r2, #48	@ 0x30
100025a6:	e004      	b.n	100025b2 <_ftoa+0x3c2>
100025a8:	2b20      	cmp	r3, #32
100025aa:	f805 2f01 	strb.w	r2, [r5, #1]!
100025ae:	f43f aedf 	beq.w	10002370 <_ftoa+0x180>
100025b2:	429e      	cmp	r6, r3
100025b4:	f103 0301 	add.w	r3, r3, #1
100025b8:	d1f6      	bne.n	100025a8 <_ftoa+0x3b8>
100025ba:	222e      	movs	r2, #46	@ 0x2e
100025bc:	eb0d 0306 	add.w	r3, sp, r6
100025c0:	f883 2038 	strb.w	r2, [r3, #56]	@ 0x38
100025c4:	1c75      	adds	r5, r6, #1
100025c6:	e6d4      	b.n	10002372 <_ftoa+0x182>
100025c8:	f8dd a030 	ldr.w	sl, [sp, #48]	@ 0x30
100025cc:	e763      	b.n	10002496 <_ftoa+0x2a6>
100025ce:	2520      	movs	r5, #32
100025d0:	e66e      	b.n	100022b0 <_ftoa+0xc0>
100025d2:	9b07      	ldr	r3, [sp, #28]
100025d4:	f013 0f0c 	tst.w	r3, #12
100025d8:	d050      	beq.n	1000267c <_ftoa+0x48c>
100025da:	f10b 3bff 	add.w	fp, fp, #4294967295
100025de:	45ab      	cmp	fp, r5
100025e0:	f63f aef2 	bhi.w	100023c8 <_ftoa+0x1d8>
100025e4:	2d20      	cmp	r5, #32
100025e6:	f43f aefc 	beq.w	100023e2 <_ftoa+0x1f2>
100025ea:	9b07      	ldr	r3, [sp, #28]
100025ec:	075a      	lsls	r2, r3, #29
100025ee:	d501      	bpl.n	100025f4 <_ftoa+0x404>
100025f0:	222b      	movs	r2, #43	@ 0x2b
100025f2:	e7cb      	b.n	1000258c <_ftoa+0x39c>
100025f4:	071b      	lsls	r3, r3, #28
100025f6:	f57f aef4 	bpl.w	100023e2 <_ftoa+0x1f2>
100025fa:	2220      	movs	r2, #32
100025fc:	e7c6      	b.n	1000258c <_ftoa+0x39c>
100025fe:	f01a 0f01 	tst.w	sl, #1
10002602:	f43f ae96 	beq.w	10002332 <_ftoa+0x142>
10002606:	e78f      	b.n	10002528 <_ftoa+0x338>
10002608:	07a6      	lsls	r6, r4, #30
1000260a:	d134      	bne.n	10002676 <_ftoa+0x486>
1000260c:	f1bb 0f03 	cmp.w	fp, #3
10002610:	d931      	bls.n	10002676 <_ftoa+0x486>
10002612:	9b0c      	ldr	r3, [sp, #48]	@ 0x30
10002614:	461d      	mov	r5, r3
10002616:	1edc      	subs	r4, r3, #3
10002618:	eb04 0a0b 	add.w	sl, r4, fp
1000261c:	462a      	mov	r2, r5
1000261e:	464b      	mov	r3, r9
10002620:	4641      	mov	r1, r8
10002622:	2020      	movs	r0, #32
10002624:	3501      	adds	r5, #1
10002626:	47b8      	blx	r7
10002628:	4555      	cmp	r5, sl
1000262a:	d1f7      	bne.n	1000261c <_ftoa+0x42c>
1000262c:	4655      	mov	r5, sl
1000262e:	4c1e      	ldr	r4, [pc, #120]	@ (100026a8 <_ftoa+0x4b8>)
10002630:	1ee6      	subs	r6, r4, #3
10002632:	f814 0d01 	ldrb.w	r0, [r4, #-1]!
10002636:	462a      	mov	r2, r5
10002638:	464b      	mov	r3, r9
1000263a:	4641      	mov	r1, r8
1000263c:	47b8      	blx	r7
1000263e:	42a6      	cmp	r6, r4
10002640:	f105 0501 	add.w	r5, r5, #1
10002644:	d1f5      	bne.n	10002632 <_ftoa+0x442>
10002646:	9b07      	ldr	r3, [sp, #28]
10002648:	f10a 0a03 	add.w	sl, sl, #3
1000264c:	079d      	lsls	r5, r3, #30
1000264e:	f57f aed5 	bpl.w	100023fc <_ftoa+0x20c>
10002652:	9c0c      	ldr	r4, [sp, #48]	@ 0x30
10002654:	ebaa 0304 	sub.w	r3, sl, r4
10002658:	459b      	cmp	fp, r3
1000265a:	f67f aecf 	bls.w	100023fc <_ftoa+0x20c>
1000265e:	4652      	mov	r2, sl
10002660:	464b      	mov	r3, r9
10002662:	4641      	mov	r1, r8
10002664:	2020      	movs	r0, #32
10002666:	f10a 0a01 	add.w	sl, sl, #1
1000266a:	47b8      	blx	r7
1000266c:	ebaa 0304 	sub.w	r3, sl, r4
10002670:	459b      	cmp	fp, r3
10002672:	d8f4      	bhi.n	1000265e <_ftoa+0x46e>
10002674:	e6c2      	b.n	100023fc <_ftoa+0x20c>
10002676:	f8dd a030 	ldr.w	sl, [sp, #48]	@ 0x30
1000267a:	e7d7      	b.n	1000262c <_ftoa+0x43c>
1000267c:	45ab      	cmp	fp, r5
1000267e:	f63f aea3 	bhi.w	100023c8 <_ftoa+0x1d8>
10002682:	e6ae      	b.n	100023e2 <_ftoa+0x1f2>
10002684:	f1bb 0f00 	cmp.w	fp, #0
10002688:	f43f af7a 	beq.w	10002580 <_ftoa+0x390>
1000268c:	9b0d      	ldr	r3, [sp, #52]	@ 0x34
1000268e:	2b00      	cmp	r3, #0
10002690:	d09f      	beq.n	100025d2 <_ftoa+0x3e2>
10002692:	f10b 3bff 	add.w	fp, fp, #4294967295
10002696:	455d      	cmp	r5, fp
10002698:	f4ff ae96 	bcc.w	100023c8 <_ftoa+0x1d8>
1000269c:	2d20      	cmp	r5, #32
1000269e:	f47f af74 	bne.w	1000258a <_ftoa+0x39a>
100026a2:	e69e      	b.n	100023e2 <_ftoa+0x1f2>
100026a4:	3fe00000 	.word	0x3fe00000
100026a8:	1000946f 	.word	0x1000946f
100026ac:	00000000 	.word	0x00000000

100026b0 <_etoa>:
100026b0:	e92d 4ff0 	stmdb	sp!, {r4, r5, r6, r7, r8, r9, sl, fp, lr}
100026b4:	b09f      	sub	sp, #124	@ 0x7c
100026b6:	9e2a      	ldr	r6, [sp, #168]	@ 0xa8
100026b8:	e9dd 4528 	ldrd	r4, r5, [sp, #160]	@ 0xa0
100026bc:	4607      	mov	r7, r0
100026be:	4693      	mov	fp, r2
100026c0:	9108      	str	r1, [sp, #32]
100026c2:	9309      	str	r3, [sp, #36]	@ 0x24
100026c4:	4622      	mov	r2, r4
100026c6:	462b      	mov	r3, r5
100026c8:	4620      	mov	r0, r4
100026ca:	4629      	mov	r1, r5
100026cc:	960e      	str	r6, [sp, #56]	@ 0x38
100026ce:	e9dd a62b 	ldrd	sl, r6, [sp, #172]	@ 0xac
100026d2:	f7ff fbd7 	bl	10001e84 <__wrap___aeabi_dcmpun>
100026d6:	2800      	cmp	r0, #0
100026d8:	f040 80be 	bne.w	10002858 <_etoa+0x1a8>
100026dc:	4620      	mov	r0, r4
100026de:	4629      	mov	r1, r5
100026e0:	f04f 32ff 	mov.w	r2, #4294967295
100026e4:	4b78      	ldr	r3, [pc, #480]	@ (100028c8 <_etoa+0x218>)
100026e6:	f7ff fc1b 	bl	10001f20 <__wrap___aeabi_dcmpgt>
100026ea:	2800      	cmp	r0, #0
100026ec:	f040 80b4 	bne.w	10002858 <_etoa+0x1a8>
100026f0:	4620      	mov	r0, r4
100026f2:	4629      	mov	r1, r5
100026f4:	f04f 32ff 	mov.w	r2, #4294967295
100026f8:	f46f 1380 	mvn.w	r3, #1048576	@ 0x100000
100026fc:	f7ff fbd4 	bl	10001ea8 <__wrap___aeabi_dcmplt>
10002700:	2800      	cmp	r0, #0
10002702:	f040 80a9 	bne.w	10002858 <_etoa+0x1a8>
10002706:	4620      	mov	r0, r4
10002708:	4629      	mov	r1, r5
1000270a:	2200      	movs	r2, #0
1000270c:	2300      	movs	r3, #0
1000270e:	f7ff fbcb 	bl	10001ea8 <__wrap___aeabi_dcmplt>
10002712:	2800      	cmp	r0, #0
10002714:	f040 81d5 	bne.w	10002ac2 <_etoa+0x412>
10002718:	e9cd 450a 	strd	r4, r5, [sp, #40]	@ 0x28
1000271c:	e9dd 230a 	ldrd	r2, r3, [sp, #40]	@ 0x28
10002720:	4690      	mov	r8, r2
10002722:	4699      	mov	r9, r3
10002724:	f406 6200 	and.w	r2, r6, #2048	@ 0x800
10002728:	f416 6380 	ands.w	r3, r6, #1024	@ 0x400
1000272c:	920f      	str	r2, [sp, #60]	@ 0x3c
1000272e:	9313      	str	r3, [sp, #76]	@ 0x4c
10002730:	f040 80a1 	bne.w	10002876 <_etoa+0x1c6>
10002734:	ea58 0309 	orrs.w	r3, r8, r9
10002738:	f040 80ca 	bne.w	100028d0 <_etoa+0x220>
1000273c:	2a00      	cmp	r2, #0
1000273e:	f040 81e3 	bne.w	10002b08 <_etoa+0x458>
10002742:	2306      	movs	r3, #6
10002744:	930e      	str	r3, [sp, #56]	@ 0x38
10002746:	f016 0202 	ands.w	r2, r6, #2
1000274a:	9210      	str	r2, [sp, #64]	@ 0x40
1000274c:	f040 81d4 	bne.w	10002af8 <_etoa+0x448>
10002750:	4653      	mov	r3, sl
10002752:	2b04      	cmp	r3, #4
10002754:	bf38      	it	cc
10002756:	2304      	movcc	r3, #4
10002758:	920c      	str	r2, [sp, #48]	@ 0x30
1000275a:	2204      	movs	r2, #4
1000275c:	3b04      	subs	r3, #4
1000275e:	9212      	str	r2, [sp, #72]	@ 0x48
10002760:	930f      	str	r3, [sp, #60]	@ 0x3c
10002762:	4620      	mov	r0, r4
10002764:	4629      	mov	r1, r5
10002766:	2200      	movs	r2, #0
10002768:	2300      	movs	r3, #0
1000276a:	f7ff fb9d 	bl	10001ea8 <__wrap___aeabi_dcmplt>
1000276e:	2800      	cmp	r0, #0
10002770:	f040 81f3 	bne.w	10002b5a <_etoa+0x4aa>
10002774:	ed9d 7b0a 	vldr	d7, [sp, #40]	@ 0x28
10002778:	9b0f      	ldr	r3, [sp, #60]	@ 0x3c
1000277a:	465a      	mov	r2, fp
1000277c:	9303      	str	r3, [sp, #12]
1000277e:	9b0e      	ldr	r3, [sp, #56]	@ 0x38
10002780:	ed8d 7b00 	vstr	d7, [sp]
10002784:	9302      	str	r3, [sp, #8]
10002786:	f426 6300 	bic.w	r3, r6, #2048	@ 0x800
1000278a:	9304      	str	r3, [sp, #16]
1000278c:	4638      	mov	r0, r7
1000278e:	9b09      	ldr	r3, [sp, #36]	@ 0x24
10002790:	9908      	ldr	r1, [sp, #32]
10002792:	f7ff fd2d 	bl	100021f0 <_ftoa>
10002796:	4602      	mov	r2, r0
10002798:	f016 0f20 	tst.w	r6, #32
1000279c:	9b09      	ldr	r3, [sp, #36]	@ 0x24
1000279e:	9908      	ldr	r1, [sp, #32]
100027a0:	bf0c      	ite	eq
100027a2:	2065      	moveq	r0, #101	@ 0x65
100027a4:	2045      	movne	r0, #69	@ 0x45
100027a6:	f102 0801 	add.w	r8, r2, #1
100027aa:	47b8      	blx	r7
100027ac:	9a0c      	ldr	r2, [sp, #48]	@ 0x30
100027ae:	9b12      	ldr	r3, [sp, #72]	@ 0x48
100027b0:	ac16      	add	r4, sp, #88	@ 0x58
100027b2:	1e5d      	subs	r5, r3, #1
100027b4:	ea82 73e2 	eor.w	r3, r2, r2, asr #31
100027b8:	eba3 73e2 	sub.w	r3, r3, r2, asr #31
100027bc:	0fd1      	lsrs	r1, r2, #31
100027be:	2600      	movs	r6, #0
100027c0:	4622      	mov	r2, r4
100027c2:	4699      	mov	r9, r3
100027c4:	f8df c104 	ldr.w	ip, [pc, #260]	@ 100028cc <_etoa+0x21c>
100027c8:	e001      	b.n	100027ce <_etoa+0x11e>
100027ca:	2e20      	cmp	r6, #32
100027cc:	d010      	beq.n	100027f0 <_etoa+0x140>
100027ce:	46ce      	mov	lr, r9
100027d0:	fbac 3009 	umull	r3, r0, ip, r9
100027d4:	08c0      	lsrs	r0, r0, #3
100027d6:	eb00 0380 	add.w	r3, r0, r0, lsl #2
100027da:	eba9 0343 	sub.w	r3, r9, r3, lsl #1
100027de:	3330      	adds	r3, #48	@ 0x30
100027e0:	f1be 0f09 	cmp.w	lr, #9
100027e4:	4681      	mov	r9, r0
100027e6:	f106 0601 	add.w	r6, r6, #1
100027ea:	f802 3b01 	strb.w	r3, [r2], #1
100027ee:	d8ec      	bhi.n	100027ca <_etoa+0x11a>
100027f0:	2305      	movs	r3, #5
100027f2:	2000      	movs	r0, #0
100027f4:	9306      	str	r3, [sp, #24]
100027f6:	230a      	movs	r3, #10
100027f8:	9505      	str	r5, [sp, #20]
100027fa:	9400      	str	r4, [sp, #0]
100027fc:	9d09      	ldr	r5, [sp, #36]	@ 0x24
100027fe:	9c08      	ldr	r4, [sp, #32]
10002800:	4642      	mov	r2, r8
10002802:	e9cd 3003 	strd	r3, r0, [sp, #12]
10002806:	e9cd 6101 	strd	r6, r1, [sp, #4]
1000280a:	462b      	mov	r3, r5
1000280c:	4621      	mov	r1, r4
1000280e:	4638      	mov	r0, r7
10002810:	f7ff fbfa 	bl	10002008 <_ntoa_format>
10002814:	9a10      	ldr	r2, [sp, #64]	@ 0x40
10002816:	4680      	mov	r8, r0
10002818:	b1d2      	cbz	r2, 10002850 <_etoa+0x1a0>
1000281a:	eba0 060b 	sub.w	r6, r0, fp
1000281e:	45b2      	cmp	sl, r6
10002820:	d916      	bls.n	10002850 <_etoa+0x1a0>
10002822:	eb0b 0206 	add.w	r2, fp, r6
10002826:	462b      	mov	r3, r5
10002828:	4621      	mov	r1, r4
1000282a:	2020      	movs	r0, #32
1000282c:	3601      	adds	r6, #1
1000282e:	47b8      	blx	r7
10002830:	45b2      	cmp	sl, r6
10002832:	d8f6      	bhi.n	10002822 <_etoa+0x172>
10002834:	f10b 33ff 	add.w	r3, fp, #4294967295
10002838:	4453      	add	r3, sl
1000283a:	f1cb 0201 	rsb	r2, fp, #1
1000283e:	eba3 0308 	sub.w	r3, r3, r8
10002842:	4442      	add	r2, r8
10002844:	4592      	cmp	sl, r2
10002846:	bf38      	it	cc
10002848:	2300      	movcc	r3, #0
1000284a:	f108 0801 	add.w	r8, r8, #1
1000284e:	4498      	add	r8, r3
10002850:	4640      	mov	r0, r8
10002852:	b01f      	add	sp, #124	@ 0x7c
10002854:	e8bd 8ff0 	ldmia.w	sp!, {r4, r5, r6, r7, r8, r9, sl, fp, pc}
10002858:	465a      	mov	r2, fp
1000285a:	4638      	mov	r0, r7
1000285c:	e9cd 4528 	strd	r4, r5, [sp, #160]	@ 0xa0
10002860:	e9cd a62b 	strd	sl, r6, [sp, #172]	@ 0xac
10002864:	9c0e      	ldr	r4, [sp, #56]	@ 0x38
10002866:	9b09      	ldr	r3, [sp, #36]	@ 0x24
10002868:	9908      	ldr	r1, [sp, #32]
1000286a:	942a      	str	r4, [sp, #168]	@ 0xa8
1000286c:	b01f      	add	sp, #124	@ 0x7c
1000286e:	e8bd 4ff0 	ldmia.w	sp!, {r4, r5, r6, r7, r8, r9, sl, fp, lr}
10002872:	f7ff bcbd 	b.w	100021f0 <_ftoa>
10002876:	ea58 0309 	orrs.w	r3, r8, r9
1000287a:	d12b      	bne.n	100028d4 <_etoa+0x224>
1000287c:	2a00      	cmp	r2, #0
1000287e:	f43f af62 	beq.w	10002746 <_etoa+0x96>
10002882:	2300      	movs	r3, #0
10002884:	930c      	str	r3, [sp, #48]	@ 0x30
10002886:	9b0e      	ldr	r3, [sp, #56]	@ 0x38
10002888:	9a0c      	ldr	r2, [sp, #48]	@ 0x30
1000288a:	4293      	cmp	r3, r2
1000288c:	f300 81b9 	bgt.w	10002c02 <_etoa+0x552>
10002890:	f04f 0800 	mov.w	r8, #0
10002894:	4620      	mov	r0, r4
10002896:	4629      	mov	r1, r5
10002898:	2200      	movs	r2, #0
1000289a:	2300      	movs	r3, #0
1000289c:	f7ff fb04 	bl	10001ea8 <__wrap___aeabi_dcmplt>
100028a0:	2800      	cmp	r0, #0
100028a2:	f040 8113 	bne.w	10002acc <_etoa+0x41c>
100028a6:	ed9d 7b0a 	vldr	d7, [sp, #40]	@ 0x28
100028aa:	f426 6600 	bic.w	r6, r6, #2048	@ 0x800
100028ae:	f446 6680 	orr.w	r6, r6, #1024	@ 0x400
100028b2:	ed8d 7b28 	vstr	d7, [sp, #160]	@ 0xa0
100028b6:	465a      	mov	r2, fp
100028b8:	4638      	mov	r0, r7
100028ba:	e9cd 8a2a 	strd	r8, sl, [sp, #168]	@ 0xa8
100028be:	9b09      	ldr	r3, [sp, #36]	@ 0x24
100028c0:	9908      	ldr	r1, [sp, #32]
100028c2:	962c      	str	r6, [sp, #176]	@ 0xb0
100028c4:	e7d2      	b.n	1000286c <_etoa+0x1bc>
100028c6:	bf00      	nop
100028c8:	7fefffff 	.word	0x7fefffff
100028cc:	cccccccd 	.word	0xcccccccd
100028d0:	2306      	movs	r3, #6
100028d2:	930e      	str	r3, [sp, #56]	@ 0x38
100028d4:	f3c9 500a 	ubfx	r0, r9, #20, #11
100028d8:	f2a0 30ff 	subw	r0, r0, #1023	@ 0x3ff
100028dc:	f7ff fa8a 	bl	10001df4 <__wrap___aeabi_i2d>
100028e0:	a3c1      	add	r3, pc, #772	@ (adr r3, 10002be8 <_etoa+0x538>)
100028e2:	e9d3 2300 	ldrd	r2, r3, [r3]
100028e6:	f7ff fa03 	bl	10001cf0 <__wrap___aeabi_dmul>
100028ea:	a3c1      	add	r3, pc, #772	@ (adr r3, 10002bf0 <_etoa+0x540>)
100028ec:	e9d3 2300 	ldrd	r2, r3, [r3]
100028f0:	f7ff f9d6 	bl	10001ca0 <__wrap___aeabi_dadd>
100028f4:	f3c9 0913 	ubfx	r9, r9, #0, #20
100028f8:	e9cd 010c 	strd	r0, r1, [sp, #48]	@ 0x30
100028fc:	f049 517f 	orr.w	r1, r9, #1069547520	@ 0x3fc00000
10002900:	4640      	mov	r0, r8
10002902:	2200      	movs	r2, #0
10002904:	4bb2      	ldr	r3, [pc, #712]	@ (10002bd0 <_etoa+0x520>)
10002906:	f441 1140 	orr.w	r1, r1, #3145728	@ 0x300000
1000290a:	f7ff f9dd 	bl	10001cc8 <__wrap___aeabi_dsub>
1000290e:	a3a4      	add	r3, pc, #656	@ (adr r3, 10002ba0 <_etoa+0x4f0>)
10002910:	e9d3 2300 	ldrd	r2, r3, [r3]
10002914:	f7ff f9ec 	bl	10001cf0 <__wrap___aeabi_dmul>
10002918:	4602      	mov	r2, r0
1000291a:	460b      	mov	r3, r1
1000291c:	e9dd 010c 	ldrd	r0, r1, [sp, #48]	@ 0x30
10002920:	f7ff f9be 	bl	10001ca0 <__wrap___aeabi_dadd>
10002924:	f7ff fa8a 	bl	10001e3c <__wrap___aeabi_d2iz>
10002928:	900c      	str	r0, [sp, #48]	@ 0x30
1000292a:	f7ff fa63 	bl	10001df4 <__wrap___aeabi_i2d>
1000292e:	a39e      	add	r3, pc, #632	@ (adr r3, 10002ba8 <_etoa+0x4f8>)
10002930:	e9d3 2300 	ldrd	r2, r3, [r3]
10002934:	4680      	mov	r8, r0
10002936:	4689      	mov	r9, r1
10002938:	f7ff f9da 	bl	10001cf0 <__wrap___aeabi_dmul>
1000293c:	2200      	movs	r2, #0
1000293e:	4ba5      	ldr	r3, [pc, #660]	@ (10002bd4 <_etoa+0x524>)
10002940:	f7ff f9ae 	bl	10001ca0 <__wrap___aeabi_dadd>
10002944:	f7ff fa7a 	bl	10001e3c <__wrap___aeabi_d2iz>
10002948:	4603      	mov	r3, r0
1000294a:	4649      	mov	r1, r9
1000294c:	4640      	mov	r0, r8
1000294e:	9312      	str	r3, [sp, #72]	@ 0x48
10002950:	a397      	add	r3, pc, #604	@ (adr r3, 10002bb0 <_etoa+0x500>)
10002952:	e9d3 2300 	ldrd	r2, r3, [r3]
10002956:	f7ff f9cb 	bl	10001cf0 <__wrap___aeabi_dmul>
1000295a:	4680      	mov	r8, r0
1000295c:	9812      	ldr	r0, [sp, #72]	@ 0x48
1000295e:	4689      	mov	r9, r1
10002960:	f7ff fa48 	bl	10001df4 <__wrap___aeabi_i2d>
10002964:	a394      	add	r3, pc, #592	@ (adr r3, 10002bb8 <_etoa+0x508>)
10002966:	e9d3 2300 	ldrd	r2, r3, [r3]
1000296a:	f7ff f9c1 	bl	10001cf0 <__wrap___aeabi_dmul>
1000296e:	4602      	mov	r2, r0
10002970:	460b      	mov	r3, r1
10002972:	4640      	mov	r0, r8
10002974:	4649      	mov	r1, r9
10002976:	f7ff f9a7 	bl	10001cc8 <__wrap___aeabi_dsub>
1000297a:	4602      	mov	r2, r0
1000297c:	460b      	mov	r3, r1
1000297e:	4680      	mov	r8, r0
10002980:	4689      	mov	r9, r1
10002982:	f7ff f9b5 	bl	10001cf0 <__wrap___aeabi_dmul>
10002986:	4642      	mov	r2, r8
10002988:	464b      	mov	r3, r9
1000298a:	e9cd 0110 	strd	r0, r1, [sp, #64]	@ 0x40
1000298e:	4640      	mov	r0, r8
10002990:	4649      	mov	r1, r9
10002992:	f7ff f985 	bl	10001ca0 <__wrap___aeabi_dadd>
10002996:	2200      	movs	r2, #0
10002998:	e9cd 0114 	strd	r0, r1, [sp, #80]	@ 0x50
1000299c:	e9dd 0110 	ldrd	r0, r1, [sp, #64]	@ 0x40
100029a0:	4b8d      	ldr	r3, [pc, #564]	@ (10002bd8 <_etoa+0x528>)
100029a2:	f7ff f9cb 	bl	10001d3c <__wrap___aeabi_ddiv>
100029a6:	2200      	movs	r2, #0
100029a8:	4b8c      	ldr	r3, [pc, #560]	@ (10002bdc <_etoa+0x52c>)
100029aa:	f7ff f979 	bl	10001ca0 <__wrap___aeabi_dadd>
100029ae:	4602      	mov	r2, r0
100029b0:	460b      	mov	r3, r1
100029b2:	e9dd 0110 	ldrd	r0, r1, [sp, #64]	@ 0x40
100029b6:	f7ff f9c1 	bl	10001d3c <__wrap___aeabi_ddiv>
100029ba:	2200      	movs	r2, #0
100029bc:	4b88      	ldr	r3, [pc, #544]	@ (10002be0 <_etoa+0x530>)
100029be:	f7ff f96f 	bl	10001ca0 <__wrap___aeabi_dadd>
100029c2:	4602      	mov	r2, r0
100029c4:	460b      	mov	r3, r1
100029c6:	e9dd 0110 	ldrd	r0, r1, [sp, #64]	@ 0x40
100029ca:	f7ff f9b7 	bl	10001d3c <__wrap___aeabi_ddiv>
100029ce:	4642      	mov	r2, r8
100029d0:	464b      	mov	r3, r9
100029d2:	4680      	mov	r8, r0
100029d4:	4689      	mov	r9, r1
100029d6:	2000      	movs	r0, #0
100029d8:	f04f 4180 	mov.w	r1, #1073741824	@ 0x40000000
100029dc:	f7ff f974 	bl	10001cc8 <__wrap___aeabi_dsub>
100029e0:	4602      	mov	r2, r0
100029e2:	460b      	mov	r3, r1
100029e4:	4640      	mov	r0, r8
100029e6:	4649      	mov	r1, r9
100029e8:	f7ff f95a 	bl	10001ca0 <__wrap___aeabi_dadd>
100029ec:	4602      	mov	r2, r0
100029ee:	460b      	mov	r3, r1
100029f0:	e9dd 0114 	ldrd	r0, r1, [sp, #80]	@ 0x50
100029f4:	f7ff f9a2 	bl	10001d3c <__wrap___aeabi_ddiv>
100029f8:	2200      	movs	r2, #0
100029fa:	4b7a      	ldr	r3, [pc, #488]	@ (10002be4 <_etoa+0x534>)
100029fc:	f7ff f950 	bl	10001ca0 <__wrap___aeabi_dadd>
10002a00:	9b12      	ldr	r3, [sp, #72]	@ 0x48
10002a02:	2200      	movs	r2, #0
10002a04:	f203 3cff 	addw	ip, r3, #1023	@ 0x3ff
10002a08:	ea4f 530c 	mov.w	r3, ip, lsl #20
10002a0c:	f7ff f970 	bl	10001cf0 <__wrap___aeabi_dmul>
10002a10:	4680      	mov	r8, r0
10002a12:	4689      	mov	r9, r1
10002a14:	e9dd 010a 	ldrd	r0, r1, [sp, #40]	@ 0x28
10002a18:	4642      	mov	r2, r8
10002a1a:	464b      	mov	r3, r9
10002a1c:	f7ff fa44 	bl	10001ea8 <__wrap___aeabi_dcmplt>
10002a20:	b150      	cbz	r0, 10002a38 <_etoa+0x388>
10002a22:	9b0c      	ldr	r3, [sp, #48]	@ 0x30
10002a24:	4640      	mov	r0, r8
10002a26:	3b01      	subs	r3, #1
10002a28:	4649      	mov	r1, r9
10002a2a:	930c      	str	r3, [sp, #48]	@ 0x30
10002a2c:	2200      	movs	r2, #0
10002a2e:	4b6b      	ldr	r3, [pc, #428]	@ (10002bdc <_etoa+0x52c>)
10002a30:	f7ff f984 	bl	10001d3c <__wrap___aeabi_ddiv>
10002a34:	4680      	mov	r8, r0
10002a36:	4689      	mov	r9, r1
10002a38:	9a0c      	ldr	r2, [sp, #48]	@ 0x30
10002a3a:	4643      	mov	r3, r8
10002a3c:	3263      	adds	r2, #99	@ 0x63
10002a3e:	2ac6      	cmp	r2, #198	@ 0xc6
10002a40:	f006 0202 	and.w	r2, r6, #2
10002a44:	9210      	str	r2, [sp, #64]	@ 0x40
10002a46:	4649      	mov	r1, r9
10002a48:	9a0f      	ldr	r2, [sp, #60]	@ 0x3c
10002a4a:	d82c      	bhi.n	10002aa6 <_etoa+0x3f6>
10002a4c:	2a00      	cmp	r2, #0
10002a4e:	d05e      	beq.n	10002b0e <_etoa+0x45e>
10002a50:	2204      	movs	r2, #4
10002a52:	9212      	str	r2, [sp, #72]	@ 0x48
10002a54:	430b      	orrs	r3, r1
10002a56:	f43f af16 	beq.w	10002886 <_etoa+0x1d6>
10002a5a:	e9dd 010a 	ldrd	r0, r1, [sp, #40]	@ 0x28
10002a5e:	a358      	add	r3, pc, #352	@ (adr r3, 10002bc0 <_etoa+0x510>)
10002a60:	e9d3 2300 	ldrd	r2, r3, [r3]
10002a64:	f7ff fa48 	bl	10001ef8 <__wrap___aeabi_dcmpge>
10002a68:	b148      	cbz	r0, 10002a7e <_etoa+0x3ce>
10002a6a:	e9dd 010a 	ldrd	r0, r1, [sp, #40]	@ 0x28
10002a6e:	a356      	add	r3, pc, #344	@ (adr r3, 10002bc8 <_etoa+0x518>)
10002a70:	e9d3 2300 	ldrd	r2, r3, [r3]
10002a74:	f7ff fa18 	bl	10001ea8 <__wrap___aeabi_dcmplt>
10002a78:	2800      	cmp	r0, #0
10002a7a:	f47f af04 	bne.w	10002886 <_etoa+0x1d6>
10002a7e:	9b0e      	ldr	r3, [sp, #56]	@ 0x38
10002a80:	2b00      	cmp	r3, #0
10002a82:	d050      	beq.n	10002b26 <_etoa+0x476>
10002a84:	9a13      	ldr	r2, [sp, #76]	@ 0x4c
10002a86:	2a00      	cmp	r2, #0
10002a88:	d07d      	beq.n	10002b86 <_etoa+0x4d6>
10002a8a:	3b01      	subs	r3, #1
10002a8c:	930e      	str	r3, [sp, #56]	@ 0x38
10002a8e:	9b12      	ldr	r3, [sp, #72]	@ 0x48
10002a90:	459a      	cmp	sl, r3
10002a92:	d905      	bls.n	10002aa0 <_etoa+0x3f0>
10002a94:	9b10      	ldr	r3, [sp, #64]	@ 0x40
10002a96:	2b00      	cmp	r3, #0
10002a98:	f000 80ae 	beq.w	10002bf8 <_etoa+0x548>
10002a9c:	2302      	movs	r3, #2
10002a9e:	9310      	str	r3, [sp, #64]	@ 0x40
10002aa0:	2300      	movs	r3, #0
10002aa2:	930f      	str	r3, [sp, #60]	@ 0x3c
10002aa4:	e044      	b.n	10002b30 <_etoa+0x480>
10002aa6:	bb22      	cbnz	r2, 10002af2 <_etoa+0x442>
10002aa8:	f1ba 0f05 	cmp.w	sl, #5
10002aac:	d94f      	bls.n	10002b4e <_etoa+0x49e>
10002aae:	f006 0302 	and.w	r3, r6, #2
10002ab2:	2b00      	cmp	r3, #0
10002ab4:	d149      	bne.n	10002b4a <_etoa+0x49a>
10002ab6:	2305      	movs	r3, #5
10002ab8:	9312      	str	r3, [sp, #72]	@ 0x48
10002aba:	f1aa 0305 	sub.w	r3, sl, #5
10002abe:	930f      	str	r3, [sp, #60]	@ 0x3c
10002ac0:	e03a      	b.n	10002b38 <_etoa+0x488>
10002ac2:	f105 4300 	add.w	r3, r5, #2147483648	@ 0x80000000
10002ac6:	940a      	str	r4, [sp, #40]	@ 0x28
10002ac8:	930b      	str	r3, [sp, #44]	@ 0x2c
10002aca:	e627      	b.n	1000271c <_etoa+0x6c>
10002acc:	f426 6600 	bic.w	r6, r6, #2048	@ 0x800
10002ad0:	f446 6680 	orr.w	r6, r6, #1024	@ 0x400
10002ad4:	4638      	mov	r0, r7
10002ad6:	962c      	str	r6, [sp, #176]	@ 0xb0
10002ad8:	e9dd 670a 	ldrd	r6, r7, [sp, #40]	@ 0x28
10002adc:	4634      	mov	r4, r6
10002ade:	f107 4500 	add.w	r5, r7, #2147483648	@ 0x80000000
10002ae2:	465a      	mov	r2, fp
10002ae4:	e9cd 8a2a 	strd	r8, sl, [sp, #168]	@ 0xa8
10002ae8:	e9cd 4528 	strd	r4, r5, [sp, #160]	@ 0xa0
10002aec:	9b09      	ldr	r3, [sp, #36]	@ 0x24
10002aee:	9908      	ldr	r1, [sp, #32]
10002af0:	e6bc      	b.n	1000286c <_etoa+0x1bc>
10002af2:	2205      	movs	r2, #5
10002af4:	9212      	str	r2, [sp, #72]	@ 0x48
10002af6:	e7ad      	b.n	10002a54 <_etoa+0x3a4>
10002af8:	2300      	movs	r3, #0
10002afa:	2202      	movs	r2, #2
10002afc:	e9cd 320f 	strd	r3, r2, [sp, #60]	@ 0x3c
10002b00:	2204      	movs	r2, #4
10002b02:	930c      	str	r3, [sp, #48]	@ 0x30
10002b04:	9212      	str	r2, [sp, #72]	@ 0x48
10002b06:	e62c      	b.n	10002762 <_etoa+0xb2>
10002b08:	f04f 0805 	mov.w	r8, #5
10002b0c:	e6c2      	b.n	10002894 <_etoa+0x1e4>
10002b0e:	f1ba 0f04 	cmp.w	sl, #4
10002b12:	d91f      	bls.n	10002b54 <_etoa+0x4a4>
10002b14:	9b10      	ldr	r3, [sp, #64]	@ 0x40
10002b16:	2b00      	cmp	r3, #0
10002b18:	d178      	bne.n	10002c0c <_etoa+0x55c>
10002b1a:	2304      	movs	r3, #4
10002b1c:	9312      	str	r3, [sp, #72]	@ 0x48
10002b1e:	f1aa 0304 	sub.w	r3, sl, #4
10002b22:	930f      	str	r3, [sp, #60]	@ 0x3c
10002b24:	e004      	b.n	10002b30 <_etoa+0x480>
10002b26:	9b12      	ldr	r3, [sp, #72]	@ 0x48
10002b28:	459a      	cmp	sl, r3
10002b2a:	d831      	bhi.n	10002b90 <_etoa+0x4e0>
10002b2c:	9b0e      	ldr	r3, [sp, #56]	@ 0x38
10002b2e:	930f      	str	r3, [sp, #60]	@ 0x3c
10002b30:	9b0c      	ldr	r3, [sp, #48]	@ 0x30
10002b32:	2b00      	cmp	r3, #0
10002b34:	f43f ae15 	beq.w	10002762 <_etoa+0xb2>
10002b38:	e9dd 010a 	ldrd	r0, r1, [sp, #40]	@ 0x28
10002b3c:	4642      	mov	r2, r8
10002b3e:	464b      	mov	r3, r9
10002b40:	f7ff f8fc 	bl	10001d3c <__wrap___aeabi_ddiv>
10002b44:	e9cd 010a 	strd	r0, r1, [sp, #40]	@ 0x28
10002b48:	e60b      	b.n	10002762 <_etoa+0xb2>
10002b4a:	2302      	movs	r3, #2
10002b4c:	9310      	str	r3, [sp, #64]	@ 0x40
10002b4e:	2305      	movs	r3, #5
10002b50:	9312      	str	r3, [sp, #72]	@ 0x48
10002b52:	e7f1      	b.n	10002b38 <_etoa+0x488>
10002b54:	2304      	movs	r3, #4
10002b56:	9312      	str	r3, [sp, #72]	@ 0x48
10002b58:	e7ea      	b.n	10002b30 <_etoa+0x480>
10002b5a:	e9dd 450a 	ldrd	r4, r5, [sp, #40]	@ 0x28
10002b5e:	46a0      	mov	r8, r4
10002b60:	9b0f      	ldr	r3, [sp, #60]	@ 0x3c
10002b62:	f105 4900 	add.w	r9, r5, #2147483648	@ 0x80000000
10002b66:	9303      	str	r3, [sp, #12]
10002b68:	9b0e      	ldr	r3, [sp, #56]	@ 0x38
10002b6a:	465a      	mov	r2, fp
10002b6c:	9302      	str	r3, [sp, #8]
10002b6e:	f426 6300 	bic.w	r3, r6, #2048	@ 0x800
10002b72:	9304      	str	r3, [sp, #16]
10002b74:	4638      	mov	r0, r7
10002b76:	e9cd 8900 	strd	r8, r9, [sp]
10002b7a:	9b09      	ldr	r3, [sp, #36]	@ 0x24
10002b7c:	9908      	ldr	r1, [sp, #32]
10002b7e:	f7ff fb37 	bl	100021f0 <_ftoa>
10002b82:	4602      	mov	r2, r0
10002b84:	e608      	b.n	10002798 <_etoa+0xe8>
10002b86:	9b12      	ldr	r3, [sp, #72]	@ 0x48
10002b88:	459a      	cmp	sl, r3
10002b8a:	d844      	bhi.n	10002c16 <_etoa+0x566>
10002b8c:	920f      	str	r2, [sp, #60]	@ 0x3c
10002b8e:	e7cf      	b.n	10002b30 <_etoa+0x480>
10002b90:	9b10      	ldr	r3, [sp, #64]	@ 0x40
10002b92:	b38b      	cbz	r3, 10002bf8 <_etoa+0x548>
10002b94:	9b0e      	ldr	r3, [sp, #56]	@ 0x38
10002b96:	930f      	str	r3, [sp, #60]	@ 0x3c
10002b98:	2302      	movs	r3, #2
10002b9a:	9310      	str	r3, [sp, #64]	@ 0x40
10002b9c:	e7c8      	b.n	10002b30 <_etoa+0x480>
10002b9e:	bf00      	nop
10002ba0:	636f4361 	.word	0x636f4361
10002ba4:	3fd287a7 	.word	0x3fd287a7
10002ba8:	0979a371 	.word	0x0979a371
10002bac:	400a934f 	.word	0x400a934f
10002bb0:	bbb55516 	.word	0xbbb55516
10002bb4:	40026bb1 	.word	0x40026bb1
10002bb8:	fefa39ef 	.word	0xfefa39ef
10002bbc:	3fe62e42 	.word	0x3fe62e42
10002bc0:	eb1c432d 	.word	0xeb1c432d
10002bc4:	3f1a36e2 	.word	0x3f1a36e2
10002bc8:	00000000 	.word	0x00000000
10002bcc:	412e8480 	.word	0x412e8480
10002bd0:	3ff80000 	.word	0x3ff80000
10002bd4:	3fe00000 	.word	0x3fe00000
10002bd8:	402c0000 	.word	0x402c0000
10002bdc:	40240000 	.word	0x40240000
10002be0:	40180000 	.word	0x40180000
10002be4:	3ff00000 	.word	0x3ff00000
10002be8:	509f79fb 	.word	0x509f79fb
10002bec:	3fd34413 	.word	0x3fd34413
10002bf0:	8b60c8b3 	.word	0x8b60c8b3
10002bf4:	3fc68a28 	.word	0x3fc68a28
10002bf8:	9b12      	ldr	r3, [sp, #72]	@ 0x48
10002bfa:	ebaa 0303 	sub.w	r3, sl, r3
10002bfe:	930f      	str	r3, [sp, #60]	@ 0x3c
10002c00:	e796      	b.n	10002b30 <_etoa+0x480>
10002c02:	eba3 0802 	sub.w	r8, r3, r2
10002c06:	f108 38ff 	add.w	r8, r8, #4294967295
10002c0a:	e643      	b.n	10002894 <_etoa+0x1e4>
10002c0c:	2304      	movs	r3, #4
10002c0e:	9312      	str	r3, [sp, #72]	@ 0x48
10002c10:	2302      	movs	r3, #2
10002c12:	9310      	str	r3, [sp, #64]	@ 0x40
10002c14:	e78c      	b.n	10002b30 <_etoa+0x480>
10002c16:	9b10      	ldr	r3, [sp, #64]	@ 0x40
10002c18:	2b00      	cmp	r3, #0
10002c1a:	d0ed      	beq.n	10002bf8 <_etoa+0x548>
10002c1c:	2302      	movs	r3, #2
10002c1e:	920f      	str	r2, [sp, #60]	@ 0x3c
10002c20:	9310      	str	r3, [sp, #64]	@ 0x40
10002c22:	e785      	b.n	10002b30 <_etoa+0x480>

10002c24 <_vsnprintf>:
10002c24:	e92d 4ff0 	stmdb	sp!, {r4, r5, r6, r7, r8, r9, sl, fp, lr}
10002c28:	b09b      	sub	sp, #108	@ 0x6c
10002c2a:	9c24      	ldr	r4, [sp, #144]	@ 0x90
10002c2c:	4d95      	ldr	r5, [pc, #596]	@ (10002e84 <_vsnprintf+0x260>)
10002c2e:	940a      	str	r4, [sp, #40]	@ 0x28
10002c30:	4c95      	ldr	r4, [pc, #596]	@ (10002e88 <_vsnprintf+0x264>)
10002c32:	f1b1 0a00 	subs.w	sl, r1, #0
10002c36:	bf18      	it	ne
10002c38:	4683      	movne	fp, r0
10002c3a:	6025      	str	r5, [r4, #0]
10002c3c:	7818      	ldrb	r0, [r3, #0]
10002c3e:	4c93      	ldr	r4, [pc, #588]	@ (10002e8c <_vsnprintf+0x268>)
10002c40:	4691      	mov	r9, r2
10002c42:	bf08      	it	eq
10002c44:	46a3      	moveq	fp, r4
10002c46:	9309      	str	r3, [sp, #36]	@ 0x24
10002c48:	2800      	cmp	r0, #0
10002c4a:	f000 8293 	beq.w	10003174 <_vsnprintf+0x550>
10002c4e:	f04f 0800 	mov.w	r8, #0
10002c52:	e00a      	b.n	10002c6a <_vsnprintf+0x46>
10002c54:	4642      	mov	r2, r8
10002c56:	464b      	mov	r3, r9
10002c58:	4651      	mov	r1, sl
10002c5a:	f108 0801 	add.w	r8, r8, #1
10002c5e:	47d8      	blx	fp
10002c60:	9b09      	ldr	r3, [sp, #36]	@ 0x24
10002c62:	7818      	ldrb	r0, [r3, #0]
10002c64:	2800      	cmp	r0, #0
10002c66:	f000 80ce 	beq.w	10002e06 <_vsnprintf+0x1e2>
10002c6a:	9b09      	ldr	r3, [sp, #36]	@ 0x24
10002c6c:	2825      	cmp	r0, #37	@ 0x25
10002c6e:	f103 0301 	add.w	r3, r3, #1
10002c72:	9309      	str	r3, [sp, #36]	@ 0x24
10002c74:	d1ee      	bne.n	10002c54 <_vsnprintf+0x30>
10002c76:	461c      	mov	r4, r3
10002c78:	2300      	movs	r3, #0
10002c7a:	4622      	mov	r2, r4
10002c7c:	f812 0b01 	ldrb.w	r0, [r2], #1
10002c80:	f1a0 0120 	sub.w	r1, r0, #32
10002c84:	2910      	cmp	r1, #16
10002c86:	d80a      	bhi.n	10002c9e <_vsnprintf+0x7a>
10002c88:	e8df f001 	tbb	[pc, r1]
10002c8c:	3c090940 	.word	0x3c090940
10002c90:	09090909 	.word	0x09090909
10002c94:	38090909 	.word	0x38090909
10002c98:	09093409 	.word	0x09093409
10002c9c:	30          	.byte	0x30
10002c9d:	00          	.byte	0x00
10002c9e:	f1a0 0130 	sub.w	r1, r0, #48	@ 0x30
10002ca2:	2909      	cmp	r1, #9
10002ca4:	9409      	str	r4, [sp, #36]	@ 0x24
10002ca6:	f240 808a 	bls.w	10002dbe <_vsnprintf+0x19a>
10002caa:	282a      	cmp	r0, #42	@ 0x2a
10002cac:	f000 80f0 	beq.w	10002e90 <_vsnprintf+0x26c>
10002cb0:	2500      	movs	r5, #0
10002cb2:	282e      	cmp	r0, #46	@ 0x2e
10002cb4:	f000 8096 	beq.w	10002de4 <_vsnprintf+0x1c0>
10002cb8:	2600      	movs	r6, #0
10002cba:	f1a0 0168 	sub.w	r1, r0, #104	@ 0x68
10002cbe:	2912      	cmp	r1, #18
10002cc0:	d82d      	bhi.n	10002d1e <_vsnprintf+0xfa>
10002cc2:	e8df f011 	tbh	[pc, r1, lsl #1]
10002cc6:	0149      	.short	0x0149
10002cc8:	0143002c 	.word	0x0143002c
10002ccc:	0138002c 	.word	0x0138002c
10002cd0:	002c002c 	.word	0x002c002c
10002cd4:	002c002c 	.word	0x002c002c
10002cd8:	002c002c 	.word	0x002c002c
10002cdc:	0027002c 	.word	0x0027002c
10002ce0:	002c002c 	.word	0x002c002c
10002ce4:	002c002c 	.word	0x002c002c
10002ce8:	0027002c 	.word	0x0027002c
10002cec:	4614      	mov	r4, r2
10002cee:	f043 0301 	orr.w	r3, r3, #1
10002cf2:	e7c2      	b.n	10002c7a <_vsnprintf+0x56>
10002cf4:	4614      	mov	r4, r2
10002cf6:	f043 0302 	orr.w	r3, r3, #2
10002cfa:	e7be      	b.n	10002c7a <_vsnprintf+0x56>
10002cfc:	4614      	mov	r4, r2
10002cfe:	f043 0304 	orr.w	r3, r3, #4
10002d02:	e7ba      	b.n	10002c7a <_vsnprintf+0x56>
10002d04:	4614      	mov	r4, r2
10002d06:	f043 0310 	orr.w	r3, r3, #16
10002d0a:	e7b6      	b.n	10002c7a <_vsnprintf+0x56>
10002d0c:	4614      	mov	r4, r2
10002d0e:	f043 0308 	orr.w	r3, r3, #8
10002d12:	e7b2      	b.n	10002c7a <_vsnprintf+0x56>
10002d14:	9909      	ldr	r1, [sp, #36]	@ 0x24
10002d16:	7848      	ldrb	r0, [r1, #1]
10002d18:	f443 7380 	orr.w	r3, r3, #256	@ 0x100
10002d1c:	3201      	adds	r2, #1
10002d1e:	2867      	cmp	r0, #103	@ 0x67
10002d20:	9209      	str	r2, [sp, #36]	@ 0x24
10002d22:	d87e      	bhi.n	10002e22 <_vsnprintf+0x1fe>
10002d24:	2824      	cmp	r0, #36	@ 0x24
10002d26:	f240 80c1 	bls.w	10002eac <_vsnprintf+0x288>
10002d2a:	f1a0 0225 	sub.w	r2, r0, #37	@ 0x25
10002d2e:	2a42      	cmp	r2, #66	@ 0x42
10002d30:	f200 80bc 	bhi.w	10002eac <_vsnprintf+0x288>
10002d34:	e8df f012 	tbh	[pc, r2, lsl #1]
10002d38:	00ba0150 	.word	0x00ba0150
10002d3c:	00ba00ba 	.word	0x00ba00ba
10002d40:	00ba00ba 	.word	0x00ba00ba
10002d44:	00ba00ba 	.word	0x00ba00ba
10002d48:	00ba00ba 	.word	0x00ba00ba
10002d4c:	00ba00ba 	.word	0x00ba00ba
10002d50:	00ba00ba 	.word	0x00ba00ba
10002d54:	00ba00ba 	.word	0x00ba00ba
10002d58:	00ba00ba 	.word	0x00ba00ba
10002d5c:	00ba00ba 	.word	0x00ba00ba
10002d60:	00ba00ba 	.word	0x00ba00ba
10002d64:	00ba00ba 	.word	0x00ba00ba
10002d68:	00ba00ba 	.word	0x00ba00ba
10002d6c:	00ba00ba 	.word	0x00ba00ba
10002d70:	00ba00ba 	.word	0x00ba00ba
10002d74:	00ba00ba 	.word	0x00ba00ba
10002d78:	01370119 	.word	0x01370119
10002d7c:	00ba0119 	.word	0x00ba0119
10002d80:	00ba00ba 	.word	0x00ba00ba
10002d84:	00ba00ba 	.word	0x00ba00ba
10002d88:	00ba00ba 	.word	0x00ba00ba
10002d8c:	00ba00ba 	.word	0x00ba00ba
10002d90:	00ba00ba 	.word	0x00ba00ba
10002d94:	00ba00ba 	.word	0x00ba00ba
10002d98:	00ba00ba 	.word	0x00ba00ba
10002d9c:	01bc00ba 	.word	0x01bc00ba
10002da0:	00ba00ba 	.word	0x00ba00ba
10002da4:	00ba00ba 	.word	0x00ba00ba
10002da8:	00ba00ba 	.word	0x00ba00ba
10002dac:	00ba00ba 	.word	0x00ba00ba
10002db0:	01bc00ba 	.word	0x01bc00ba
10002db4:	01bc0158 	.word	0x01bc0158
10002db8:	01370119 	.word	0x01370119
10002dbc:	0119      	.short	0x0119
10002dbe:	2500      	movs	r5, #0
10002dc0:	e000      	b.n	10002dc4 <_vsnprintf+0x1a0>
10002dc2:	3201      	adds	r2, #1
10002dc4:	eb05 0585 	add.w	r5, r5, r5, lsl #2
10002dc8:	eb00 0545 	add.w	r5, r0, r5, lsl #1
10002dcc:	7810      	ldrb	r0, [r2, #0]
10002dce:	3d30      	subs	r5, #48	@ 0x30
10002dd0:	f1a0 0130 	sub.w	r1, r0, #48	@ 0x30
10002dd4:	2909      	cmp	r1, #9
10002dd6:	d9f4      	bls.n	10002dc2 <_vsnprintf+0x19e>
10002dd8:	282e      	cmp	r0, #46	@ 0x2e
10002dda:	9209      	str	r2, [sp, #36]	@ 0x24
10002ddc:	f102 0201 	add.w	r2, r2, #1
10002de0:	f47f af6a 	bne.w	10002cb8 <_vsnprintf+0x94>
10002de4:	9909      	ldr	r1, [sp, #36]	@ 0x24
10002de6:	f443 6380 	orr.w	r3, r3, #1024	@ 0x400
10002dea:	7848      	ldrb	r0, [r1, #1]
10002dec:	4611      	mov	r1, r2
10002dee:	f1a0 0630 	sub.w	r6, r0, #48	@ 0x30
10002df2:	2e09      	cmp	r6, #9
10002df4:	f240 8121 	bls.w	1000303a <_vsnprintf+0x416>
10002df8:	282a      	cmp	r0, #42	@ 0x2a
10002dfa:	f000 812f 	beq.w	1000305c <_vsnprintf+0x438>
10002dfe:	9209      	str	r2, [sp, #36]	@ 0x24
10002e00:	2600      	movs	r6, #0
10002e02:	3201      	adds	r2, #1
10002e04:	e759      	b.n	10002cba <_vsnprintf+0x96>
10002e06:	4644      	mov	r4, r8
10002e08:	45c1      	cmp	r9, r8
10002e0a:	d801      	bhi.n	10002e10 <_vsnprintf+0x1ec>
10002e0c:	f109 38ff 	add.w	r8, r9, #4294967295
10002e10:	464b      	mov	r3, r9
10002e12:	4642      	mov	r2, r8
10002e14:	4651      	mov	r1, sl
10002e16:	2000      	movs	r0, #0
10002e18:	47d8      	blx	fp
10002e1a:	4620      	mov	r0, r4
10002e1c:	b01b      	add	sp, #108	@ 0x6c
10002e1e:	e8bd 8ff0 	ldmia.w	sp!, {r4, r5, r6, r7, r8, r9, sl, fp, pc}
10002e22:	f1a0 0269 	sub.w	r2, r0, #105	@ 0x69
10002e26:	b2d2      	uxtb	r2, r2
10002e28:	2a0f      	cmp	r2, #15
10002e2a:	d83f      	bhi.n	10002eac <_vsnprintf+0x288>
10002e2c:	2101      	movs	r1, #1
10002e2e:	f249 0741 	movw	r7, #36929	@ 0x9041
10002e32:	4091      	lsls	r1, r2
10002e34:	4039      	ands	r1, r7
10002e36:	f040 80f3 	bne.w	10003020 <_vsnprintf+0x3fc>
10002e3a:	2a0a      	cmp	r2, #10
10002e3c:	d03d      	beq.n	10002eba <_vsnprintf+0x296>
10002e3e:	2a07      	cmp	r2, #7
10002e40:	d134      	bne.n	10002eac <_vsnprintf+0x288>
10002e42:	9d0a      	ldr	r5, [sp, #40]	@ 0x28
10002e44:	f855 2b04 	ldr.w	r2, [r5], #4
10002e48:	2a00      	cmp	r2, #0
10002e4a:	f000 8113 	beq.w	10003074 <_vsnprintf+0x450>
10002e4e:	f043 0021 	orr.w	r0, r3, #33	@ 0x21
10002e52:	ab12      	add	r3, sp, #72	@ 0x48
10002e54:	461f      	mov	r7, r3
10002e56:	930b      	str	r3, [sp, #44]	@ 0x2c
10002e58:	e003      	b.n	10002e62 <_vsnprintf+0x23e>
10002e5a:	2920      	cmp	r1, #32
10002e5c:	f000 8114 	beq.w	10003088 <_vsnprintf+0x464>
10002e60:	461a      	mov	r2, r3
10002e62:	f002 040f 	and.w	r4, r2, #15
10002e66:	4623      	mov	r3, r4
10002e68:	2c09      	cmp	r4, #9
10002e6a:	bf94      	ite	ls
10002e6c:	3330      	addls	r3, #48	@ 0x30
10002e6e:	3337      	addhi	r3, #55	@ 0x37
10002e70:	2a0f      	cmp	r2, #15
10002e72:	f807 3b01 	strb.w	r3, [r7], #1
10002e76:	f101 0101 	add.w	r1, r1, #1
10002e7a:	ea4f 1312 	mov.w	r3, r2, lsr #4
10002e7e:	d8ec      	bhi.n	10002e5a <_vsnprintf+0x236>
10002e80:	e102      	b.n	10003088 <_vsnprintf+0x464>
10002e82:	bf00      	nop
10002e84:	10002c25 	.word	0x10002c25
10002e88:	20002890 	.word	0x20002890
10002e8c:	10001f69 	.word	0x10001f69
10002e90:	990a      	ldr	r1, [sp, #40]	@ 0x28
10002e92:	9809      	ldr	r0, [sp, #36]	@ 0x24
10002e94:	f851 5b04 	ldr.w	r5, [r1], #4
10002e98:	7840      	ldrb	r0, [r0, #1]
10002e9a:	2d00      	cmp	r5, #0
10002e9c:	e9cd 2109 	strd	r2, r1, [sp, #36]	@ 0x24
10002ea0:	bfbc      	itt	lt
10002ea2:	f043 0302 	orrlt.w	r3, r3, #2
10002ea6:	426d      	neglt	r5, r5
10002ea8:	3201      	adds	r2, #1
10002eaa:	e702      	b.n	10002cb2 <_vsnprintf+0x8e>
10002eac:	4642      	mov	r2, r8
10002eae:	464b      	mov	r3, r9
10002eb0:	4651      	mov	r1, sl
10002eb2:	f108 0801 	add.w	r8, r8, #1
10002eb6:	47d8      	blx	fp
10002eb8:	e6d2      	b.n	10002c60 <_vsnprintf+0x3c>
10002eba:	990a      	ldr	r1, [sp, #40]	@ 0x28
10002ebc:	2e00      	cmp	r6, #0
10002ebe:	f851 7b04 	ldr.w	r7, [r1], #4
10002ec2:	bf18      	it	ne
10002ec4:	4632      	movne	r2, r6
10002ec6:	7838      	ldrb	r0, [r7, #0]
10002ec8:	bf08      	it	eq
10002eca:	f04f 32ff 	moveq.w	r2, #4294967295
10002ece:	2800      	cmp	r0, #0
10002ed0:	f000 837b 	beq.w	100035ca <_vsnprintf+0x9a6>
10002ed4:	18bc      	adds	r4, r7, r2
10002ed6:	46a4      	mov	ip, r4
10002ed8:	463a      	mov	r2, r7
10002eda:	e004      	b.n	10002ee6 <_vsnprintf+0x2c2>
10002edc:	f812 4f01 	ldrb.w	r4, [r2, #1]!
10002ee0:	2c00      	cmp	r4, #0
10002ee2:	f000 813f 	beq.w	10003164 <_vsnprintf+0x540>
10002ee6:	4594      	cmp	ip, r2
10002ee8:	d1f8      	bne.n	10002edc <_vsnprintf+0x2b8>
10002eea:	4664      	mov	r4, ip
10002eec:	1be4      	subs	r4, r4, r7
10002eee:	055a      	lsls	r2, r3, #21
10002ef0:	f140 8122 	bpl.w	10003138 <_vsnprintf+0x514>
10002ef4:	42b4      	cmp	r4, r6
10002ef6:	bf28      	it	cs
10002ef8:	4634      	movcs	r4, r6
10002efa:	f013 0302 	ands.w	r3, r3, #2
10002efe:	f000 8288 	beq.w	10003412 <_vsnprintf+0x7ee>
10002f02:	2302      	movs	r3, #2
10002f04:	e9cd 510a 	strd	r5, r1, [sp, #40]	@ 0x28
10002f08:	4642      	mov	r2, r8
10002f0a:	461d      	mov	r5, r3
10002f0c:	4446      	add	r6, r8
10002f0e:	e008      	b.n	10002f22 <_vsnprintf+0x2fe>
10002f10:	464b      	mov	r3, r9
10002f12:	4651      	mov	r1, sl
10002f14:	47d8      	blx	fp
10002f16:	f817 0f01 	ldrb.w	r0, [r7, #1]!
10002f1a:	f108 0801 	add.w	r8, r8, #1
10002f1e:	b110      	cbz	r0, 10002f26 <_vsnprintf+0x302>
10002f20:	4642      	mov	r2, r8
10002f22:	4546      	cmp	r6, r8
10002f24:	d1f4      	bne.n	10002f10 <_vsnprintf+0x2ec>
10002f26:	462b      	mov	r3, r5
10002f28:	990b      	ldr	r1, [sp, #44]	@ 0x2c
10002f2a:	9d0a      	ldr	r5, [sp, #40]	@ 0x28
10002f2c:	2b00      	cmp	r3, #0
10002f2e:	f040 8141 	bne.w	100031b4 <_vsnprintf+0x590>
10002f32:	910a      	str	r1, [sp, #40]	@ 0x28
10002f34:	e694      	b.n	10002c60 <_vsnprintf+0x3c>
10002f36:	9909      	ldr	r1, [sp, #36]	@ 0x24
10002f38:	7848      	ldrb	r0, [r1, #1]
10002f3a:	286c      	cmp	r0, #108	@ 0x6c
10002f3c:	f47f aeec 	bne.w	10002d18 <_vsnprintf+0xf4>
10002f40:	460a      	mov	r2, r1
10002f42:	7888      	ldrb	r0, [r1, #2]
10002f44:	f443 7340 	orr.w	r3, r3, #768	@ 0x300
10002f48:	3203      	adds	r2, #3
10002f4a:	e6e8      	b.n	10002d1e <_vsnprintf+0xfa>
10002f4c:	9909      	ldr	r1, [sp, #36]	@ 0x24
10002f4e:	f443 7300 	orr.w	r3, r3, #512	@ 0x200
10002f52:	7848      	ldrb	r0, [r1, #1]
10002f54:	3201      	adds	r2, #1
10002f56:	e6e2      	b.n	10002d1e <_vsnprintf+0xfa>
10002f58:	9909      	ldr	r1, [sp, #36]	@ 0x24
10002f5a:	7848      	ldrb	r0, [r1, #1]
10002f5c:	2868      	cmp	r0, #104	@ 0x68
10002f5e:	f000 8103 	beq.w	10003168 <_vsnprintf+0x544>
10002f62:	f043 0380 	orr.w	r3, r3, #128	@ 0x80
10002f66:	3201      	adds	r2, #1
10002f68:	e6d9      	b.n	10002d1e <_vsnprintf+0xfa>
10002f6a:	2867      	cmp	r0, #103	@ 0x67
10002f6c:	f000 80d9 	beq.w	10003122 <_vsnprintf+0x4fe>
10002f70:	2847      	cmp	r0, #71	@ 0x47
10002f72:	f000 80dc 	beq.w	1000312e <_vsnprintf+0x50a>
10002f76:	2845      	cmp	r0, #69	@ 0x45
10002f78:	f000 80db 	beq.w	10003132 <_vsnprintf+0x50e>
10002f7c:	e9cd 5303 	strd	r5, r3, [sp, #12]
10002f80:	9b0a      	ldr	r3, [sp, #40]	@ 0x28
10002f82:	9602      	str	r6, [sp, #8]
10002f84:	3307      	adds	r3, #7
10002f86:	f023 0307 	bic.w	r3, r3, #7
10002f8a:	461c      	mov	r4, r3
10002f8c:	4642      	mov	r2, r8
10002f8e:	e8f4 6702 	ldrd	r6, r7, [r4], #8
10002f92:	464b      	mov	r3, r9
10002f94:	4651      	mov	r1, sl
10002f96:	4658      	mov	r0, fp
10002f98:	e9cd 6700 	strd	r6, r7, [sp]
10002f9c:	940a      	str	r4, [sp, #40]	@ 0x28
10002f9e:	f7ff fb87 	bl	100026b0 <_etoa>
10002fa2:	4680      	mov	r8, r0
10002fa4:	e65c      	b.n	10002c60 <_vsnprintf+0x3c>
10002fa6:	2846      	cmp	r0, #70	@ 0x46
10002fa8:	bf08      	it	eq
10002faa:	f043 0320 	orreq.w	r3, r3, #32
10002fae:	e9cd 5303 	strd	r5, r3, [sp, #12]
10002fb2:	9b0a      	ldr	r3, [sp, #40]	@ 0x28
10002fb4:	9602      	str	r6, [sp, #8]
10002fb6:	3307      	adds	r3, #7
10002fb8:	f023 0307 	bic.w	r3, r3, #7
10002fbc:	461c      	mov	r4, r3
10002fbe:	4642      	mov	r2, r8
10002fc0:	e8f4 6702 	ldrd	r6, r7, [r4], #8
10002fc4:	464b      	mov	r3, r9
10002fc6:	4651      	mov	r1, sl
10002fc8:	4658      	mov	r0, fp
10002fca:	e9cd 6700 	strd	r6, r7, [sp]
10002fce:	940a      	str	r4, [sp, #40]	@ 0x28
10002fd0:	f7ff f90e 	bl	100021f0 <_ftoa>
10002fd4:	4680      	mov	r8, r0
10002fd6:	e643      	b.n	10002c60 <_vsnprintf+0x3c>
10002fd8:	4642      	mov	r2, r8
10002fda:	464b      	mov	r3, r9
10002fdc:	4651      	mov	r1, sl
10002fde:	2025      	movs	r0, #37	@ 0x25
10002fe0:	f108 0801 	add.w	r8, r8, #1
10002fe4:	47d8      	blx	fp
10002fe6:	e63b      	b.n	10002c60 <_vsnprintf+0x3c>
10002fe8:	9a0a      	ldr	r2, [sp, #40]	@ 0x28
10002fea:	0799      	lsls	r1, r3, #30
10002fec:	f102 0404 	add.w	r4, r2, #4
10002ff0:	f108 0601 	add.w	r6, r8, #1
10002ff4:	f140 80c6 	bpl.w	10003184 <_vsnprintf+0x560>
10002ff8:	7810      	ldrb	r0, [r2, #0]
10002ffa:	464b      	mov	r3, r9
10002ffc:	4642      	mov	r2, r8
10002ffe:	4651      	mov	r1, sl
10003000:	47d8      	blx	fp
10003002:	2d01      	cmp	r5, #1
10003004:	bf88      	it	hi
10003006:	44a8      	addhi	r8, r5
10003008:	f240 81bd 	bls.w	10003386 <_vsnprintf+0x762>
1000300c:	4632      	mov	r2, r6
1000300e:	464b      	mov	r3, r9
10003010:	4651      	mov	r1, sl
10003012:	2020      	movs	r0, #32
10003014:	3601      	adds	r6, #1
10003016:	47d8      	blx	fp
10003018:	4546      	cmp	r6, r8
1000301a:	d1f7      	bne.n	1000300c <_vsnprintf+0x3e8>
1000301c:	940a      	str	r4, [sp, #40]	@ 0x28
1000301e:	e61f      	b.n	10002c60 <_vsnprintf+0x3c>
10003020:	286f      	cmp	r0, #111	@ 0x6f
10003022:	f000 8081 	beq.w	10003128 <_vsnprintf+0x504>
10003026:	f240 8248 	bls.w	100034ba <_vsnprintf+0x896>
1000302a:	2878      	cmp	r0, #120	@ 0x78
1000302c:	f000 8190 	beq.w	10003350 <_vsnprintf+0x72c>
10003030:	270a      	movs	r7, #10
10003032:	f023 0310 	bic.w	r3, r3, #16
10003036:	46bc      	mov	ip, r7
10003038:	e041      	b.n	100030be <_vsnprintf+0x49a>
1000303a:	2600      	movs	r6, #0
1000303c:	eb06 0686 	add.w	r6, r6, r6, lsl #2
10003040:	eb00 0046 	add.w	r0, r0, r6, lsl #1
10003044:	f1a0 0630 	sub.w	r6, r0, #48	@ 0x30
10003048:	f811 0f01 	ldrb.w	r0, [r1, #1]!
1000304c:	f1a0 0230 	sub.w	r2, r0, #48	@ 0x30
10003050:	2a09      	cmp	r2, #9
10003052:	d9f3      	bls.n	1000303c <_vsnprintf+0x418>
10003054:	460a      	mov	r2, r1
10003056:	9109      	str	r1, [sp, #36]	@ 0x24
10003058:	3201      	adds	r2, #1
1000305a:	e62e      	b.n	10002cba <_vsnprintf+0x96>
1000305c:	e9dd 2109 	ldrd	r2, r1, [sp, #36]	@ 0x24
10003060:	f851 6b04 	ldr.w	r6, [r1], #4
10003064:	7890      	ldrb	r0, [r2, #2]
10003066:	3202      	adds	r2, #2
10003068:	9209      	str	r2, [sp, #36]	@ 0x24
1000306a:	910a      	str	r1, [sp, #40]	@ 0x28
1000306c:	3201      	adds	r2, #1
1000306e:	ea26 76e6 	bic.w	r6, r6, r6, asr #31
10003072:	e622      	b.n	10002cba <_vsnprintf+0x96>
10003074:	f023 0010 	bic.w	r0, r3, #16
10003078:	f413 6280 	ands.w	r2, r3, #1024	@ 0x400
1000307c:	f040 0021 	orr.w	r0, r0, #33	@ 0x21
10003080:	f43f aee7 	beq.w	10002e52 <_vsnprintf+0x22e>
10003084:	ab12      	add	r3, sp, #72	@ 0x48
10003086:	930b      	str	r3, [sp, #44]	@ 0x2c
10003088:	9b0b      	ldr	r3, [sp, #44]	@ 0x2c
1000308a:	9006      	str	r0, [sp, #24]
1000308c:	9300      	str	r3, [sp, #0]
1000308e:	2308      	movs	r3, #8
10003090:	2010      	movs	r0, #16
10003092:	9305      	str	r3, [sp, #20]
10003094:	2300      	movs	r3, #0
10003096:	4642      	mov	r2, r8
10003098:	e9cd 3002 	strd	r3, r0, [sp, #8]
1000309c:	9101      	str	r1, [sp, #4]
1000309e:	464b      	mov	r3, r9
100030a0:	4651      	mov	r1, sl
100030a2:	4658      	mov	r0, fp
100030a4:	9604      	str	r6, [sp, #16]
100030a6:	f7fe ffaf 	bl	10002008 <_ntoa_format>
100030aa:	950a      	str	r5, [sp, #40]	@ 0x28
100030ac:	4680      	mov	r8, r0
100030ae:	e5d7      	b.n	10002c60 <_vsnprintf+0x3c>
100030b0:	2858      	cmp	r0, #88	@ 0x58
100030b2:	d062      	beq.n	1000317a <_vsnprintf+0x556>
100030b4:	2862      	cmp	r0, #98	@ 0x62
100030b6:	f040 808f 	bne.w	100031d8 <_vsnprintf+0x5b4>
100030ba:	2702      	movs	r7, #2
100030bc:	46bc      	mov	ip, r7
100030be:	f413 6080 	ands.w	r0, r3, #1024	@ 0x400
100030c2:	f000 80dd 	beq.w	10003280 <_vsnprintf+0x65c>
100030c6:	f023 030d 	bic.w	r3, r3, #13
100030ca:	f413 7200 	ands.w	r2, r3, #512	@ 0x200
100030ce:	f040 8181 	bne.w	100033d4 <_vsnprintf+0x7b0>
100030d2:	990a      	ldr	r1, [sp, #40]	@ 0x28
100030d4:	1d0f      	adds	r7, r1, #4
100030d6:	f413 7180 	ands.w	r1, r3, #256	@ 0x100
100030da:	f040 8237 	bne.w	1000354c <_vsnprintf+0x928>
100030de:	065c      	lsls	r4, r3, #25
100030e0:	9a0a      	ldr	r2, [sp, #40]	@ 0x28
100030e2:	f140 813b 	bpl.w	1000335c <_vsnprintf+0x738>
100030e6:	7812      	ldrb	r2, [r2, #0]
100030e8:	2a00      	cmp	r2, #0
100030ea:	f040 814e 	bne.w	1000338a <_vsnprintf+0x766>
100030ee:	f023 0310 	bic.w	r3, r3, #16
100030f2:	2800      	cmp	r0, #0
100030f4:	f000 8149 	beq.w	1000338a <_vsnprintf+0x766>
100030f8:	4611      	mov	r1, r2
100030fa:	aa12      	add	r2, sp, #72	@ 0x48
100030fc:	920b      	str	r2, [sp, #44]	@ 0x2c
100030fe:	e9cd 5305 	strd	r5, r3, [sp, #20]
10003102:	e9cd c603 	strd	ip, r6, [sp, #12]
10003106:	9101      	str	r1, [sp, #4]
10003108:	9b0b      	ldr	r3, [sp, #44]	@ 0x2c
1000310a:	4642      	mov	r2, r8
1000310c:	9300      	str	r3, [sp, #0]
1000310e:	2300      	movs	r3, #0
10003110:	4651      	mov	r1, sl
10003112:	9302      	str	r3, [sp, #8]
10003114:	4658      	mov	r0, fp
10003116:	464b      	mov	r3, r9
10003118:	f7fe ff76 	bl	10002008 <_ntoa_format>
1000311c:	970a      	str	r7, [sp, #40]	@ 0x28
1000311e:	4680      	mov	r8, r0
10003120:	e59e      	b.n	10002c60 <_vsnprintf+0x3c>
10003122:	f443 6300 	orr.w	r3, r3, #2048	@ 0x800
10003126:	e729      	b.n	10002f7c <_vsnprintf+0x358>
10003128:	2708      	movs	r7, #8
1000312a:	46bc      	mov	ip, r7
1000312c:	e7c7      	b.n	100030be <_vsnprintf+0x49a>
1000312e:	f443 6300 	orr.w	r3, r3, #2048	@ 0x800
10003132:	f043 0320 	orr.w	r3, r3, #32
10003136:	e721      	b.n	10002f7c <_vsnprintf+0x358>
10003138:	f013 0302 	ands.w	r3, r3, #2
1000313c:	f000 818e 	beq.w	1000345c <_vsnprintf+0x838>
10003140:	2302      	movs	r3, #2
10003142:	950a      	str	r5, [sp, #40]	@ 0x28
10003144:	461e      	mov	r6, r3
10003146:	460d      	mov	r5, r1
10003148:	4642      	mov	r2, r8
1000314a:	464b      	mov	r3, r9
1000314c:	4651      	mov	r1, sl
1000314e:	47d8      	blx	fp
10003150:	f817 0f01 	ldrb.w	r0, [r7, #1]!
10003154:	f108 0801 	add.w	r8, r8, #1
10003158:	2800      	cmp	r0, #0
1000315a:	d1f5      	bne.n	10003148 <_vsnprintf+0x524>
1000315c:	4629      	mov	r1, r5
1000315e:	4633      	mov	r3, r6
10003160:	9d0a      	ldr	r5, [sp, #40]	@ 0x28
10003162:	e6e3      	b.n	10002f2c <_vsnprintf+0x308>
10003164:	1bd4      	subs	r4, r2, r7
10003166:	e6c2      	b.n	10002eee <_vsnprintf+0x2ca>
10003168:	460a      	mov	r2, r1
1000316a:	7888      	ldrb	r0, [r1, #2]
1000316c:	f043 03c0 	orr.w	r3, r3, #192	@ 0xc0
10003170:	3203      	adds	r2, #3
10003172:	e5d4      	b.n	10002d1e <_vsnprintf+0xfa>
10003174:	4604      	mov	r4, r0
10003176:	4680      	mov	r8, r0
10003178:	e646      	b.n	10002e08 <_vsnprintf+0x1e4>
1000317a:	2710      	movs	r7, #16
1000317c:	f043 0320 	orr.w	r3, r3, #32
10003180:	46bc      	mov	ip, r7
10003182:	e79c      	b.n	100030be <_vsnprintf+0x49a>
10003184:	2d01      	cmp	r5, #1
10003186:	f240 80f8 	bls.w	1000337a <_vsnprintf+0x756>
1000318a:	4646      	mov	r6, r8
1000318c:	f108 37ff 	add.w	r7, r8, #4294967295
10003190:	442f      	add	r7, r5
10003192:	4632      	mov	r2, r6
10003194:	464b      	mov	r3, r9
10003196:	4651      	mov	r1, sl
10003198:	2020      	movs	r0, #32
1000319a:	3601      	adds	r6, #1
1000319c:	47d8      	blx	fp
1000319e:	42be      	cmp	r6, r7
100031a0:	d1f7      	bne.n	10003192 <_vsnprintf+0x56e>
100031a2:	9b0a      	ldr	r3, [sp, #40]	@ 0x28
100031a4:	4632      	mov	r2, r6
100031a6:	7818      	ldrb	r0, [r3, #0]
100031a8:	4651      	mov	r1, sl
100031aa:	464b      	mov	r3, r9
100031ac:	47d8      	blx	fp
100031ae:	44a8      	add	r8, r5
100031b0:	940a      	str	r4, [sp, #40]	@ 0x28
100031b2:	e555      	b.n	10002c60 <_vsnprintf+0x3c>
100031b4:	4646      	mov	r6, r8
100031b6:	42a5      	cmp	r5, r4
100031b8:	f67f aebb 	bls.w	10002f32 <_vsnprintf+0x30e>
100031bc:	44a8      	add	r8, r5
100031be:	eba8 0804 	sub.w	r8, r8, r4
100031c2:	460c      	mov	r4, r1
100031c4:	4632      	mov	r2, r6
100031c6:	464b      	mov	r3, r9
100031c8:	4651      	mov	r1, sl
100031ca:	2020      	movs	r0, #32
100031cc:	3601      	adds	r6, #1
100031ce:	47d8      	blx	fp
100031d0:	4546      	cmp	r6, r8
100031d2:	d1f7      	bne.n	100031c4 <_vsnprintf+0x5a0>
100031d4:	4621      	mov	r1, r4
100031d6:	e6ac      	b.n	10002f32 <_vsnprintf+0x30e>
100031d8:	f413 6280 	ands.w	r2, r3, #1024	@ 0x400
100031dc:	f000 80bb 	beq.w	10003356 <_vsnprintf+0x732>
100031e0:	f44f 6280 	mov.w	r2, #1024	@ 0x400
100031e4:	f023 0c11 	bic.w	ip, r3, #17
100031e8:	f41c 7700 	ands.w	r7, ip, #512	@ 0x200
100031ec:	9b0a      	ldr	r3, [sp, #40]	@ 0x28
100031ee:	d14a      	bne.n	10003286 <_vsnprintf+0x662>
100031f0:	f41c 7080 	ands.w	r0, ip, #256	@ 0x100
100031f4:	f103 0404 	add.w	r4, r3, #4
100031f8:	f040 8134 	bne.w	10003464 <_vsnprintf+0x840>
100031fc:	f01c 0f40 	tst.w	ip, #64	@ 0x40
10003200:	f040 80a3 	bne.w	1000334a <_vsnprintf+0x726>
10003204:	f01c 0f80 	tst.w	ip, #128	@ 0x80
10003208:	f000 81d3 	beq.w	100035b2 <_vsnprintf+0x98e>
1000320c:	f9b3 1000 	ldrsh.w	r1, [r3]
10003210:	ea81 77e1 	eor.w	r7, r1, r1, asr #31
10003214:	eba7 77e1 	sub.w	r7, r7, r1, asr #31
10003218:	b2bf      	uxth	r7, r7
1000321a:	0fcb      	lsrs	r3, r1, #31
1000321c:	2900      	cmp	r1, #0
1000321e:	f000 8156 	beq.w	100034ce <_vsnprintf+0x8aa>
10003222:	463a      	mov	r2, r7
10003224:	a912      	add	r1, sp, #72	@ 0x48
10003226:	460f      	mov	r7, r1
10003228:	f8df e3d8 	ldr.w	lr, [pc, #984]	@ 10003604 <_vsnprintf+0x9e0>
1000322c:	910b      	str	r1, [sp, #44]	@ 0x2c
1000322e:	930a      	str	r3, [sp, #40]	@ 0x28
10003230:	950c      	str	r5, [sp, #48]	@ 0x30
10003232:	e001      	b.n	10003238 <_vsnprintf+0x614>
10003234:	2820      	cmp	r0, #32
10003236:	d00f      	beq.n	10003258 <_vsnprintf+0x634>
10003238:	4615      	mov	r5, r2
1000323a:	fbae 1302 	umull	r1, r3, lr, r2
1000323e:	08db      	lsrs	r3, r3, #3
10003240:	eb03 0183 	add.w	r1, r3, r3, lsl #2
10003244:	eba2 0141 	sub.w	r1, r2, r1, lsl #1
10003248:	3130      	adds	r1, #48	@ 0x30
1000324a:	2d09      	cmp	r5, #9
1000324c:	461a      	mov	r2, r3
1000324e:	f100 0001 	add.w	r0, r0, #1
10003252:	f807 1b01 	strb.w	r1, [r7], #1
10003256:	d8ed      	bhi.n	10003234 <_vsnprintf+0x610>
10003258:	9b0a      	ldr	r3, [sp, #40]	@ 0x28
1000325a:	9d0c      	ldr	r5, [sp, #48]	@ 0x30
1000325c:	e9cd 5c05 	strd	r5, ip, [sp, #20]
10003260:	e9cd 0301 	strd	r0, r3, [sp, #4]
10003264:	9604      	str	r6, [sp, #16]
10003266:	9b0b      	ldr	r3, [sp, #44]	@ 0x2c
10003268:	4642      	mov	r2, r8
1000326a:	9300      	str	r3, [sp, #0]
1000326c:	230a      	movs	r3, #10
1000326e:	4651      	mov	r1, sl
10003270:	9303      	str	r3, [sp, #12]
10003272:	4658      	mov	r0, fp
10003274:	464b      	mov	r3, r9
10003276:	f7fe fec7 	bl	10002008 <_ntoa_format>
1000327a:	940a      	str	r4, [sp, #40]	@ 0x28
1000327c:	4680      	mov	r8, r0
1000327e:	e4ef      	b.n	10002c60 <_vsnprintf+0x3c>
10003280:	f023 030c 	bic.w	r3, r3, #12
10003284:	e721      	b.n	100030ca <_vsnprintf+0x4a6>
10003286:	3307      	adds	r3, #7
10003288:	f023 0307 	bic.w	r3, r3, #7
1000328c:	4619      	mov	r1, r3
1000328e:	4608      	mov	r0, r1
10003290:	685b      	ldr	r3, [r3, #4]
10003292:	f850 1b08 	ldr.w	r1, [r0], #8
10003296:	0fdf      	lsrs	r7, r3, #31
10003298:	900a      	str	r0, [sp, #40]	@ 0x28
1000329a:	ea51 0003 	orrs.w	r0, r1, r3
1000329e:	d162      	bne.n	10003366 <_vsnprintf+0x742>
100032a0:	2a00      	cmp	r2, #0
100032a2:	f040 819f 	bne.w	100035e4 <_vsnprintf+0x9c0>
100032a6:	4613      	mov	r3, r2
100032a8:	4611      	mov	r1, r2
100032aa:	aa12      	add	r2, sp, #72	@ 0x48
100032ac:	e9cd 750c 	strd	r7, r5, [sp, #48]	@ 0x30
100032b0:	2000      	movs	r0, #0
100032b2:	4615      	mov	r5, r2
100032b4:	e9cd 680e 	strd	r6, r8, [sp, #56]	@ 0x38
100032b8:	f8df e348 	ldr.w	lr, [pc, #840]	@ 10003604 <_vsnprintf+0x9e0>
100032bc:	920b      	str	r2, [sp, #44]	@ 0x2c
100032be:	e001      	b.n	100032c4 <_vsnprintf+0x6a0>
100032c0:	2820      	cmp	r0, #32
100032c2:	d02d      	beq.n	10003320 <_vsnprintf+0x6fc>
100032c4:	185a      	adds	r2, r3, r1
100032c6:	f142 0200 	adc.w	r2, r2, #0
100032ca:	fbae 7802 	umull	r7, r8, lr, r2
100032ce:	f028 0703 	bic.w	r7, r8, #3
100032d2:	eb07 0798 	add.w	r7, r7, r8, lsr #2
100032d6:	1bd2      	subs	r2, r2, r7
100032d8:	461e      	mov	r6, r3
100032da:	1a9b      	subs	r3, r3, r2
100032dc:	f161 0700 	sbc.w	r7, r1, #0
100032e0:	460c      	mov	r4, r1
100032e2:	f04f 31cc 	mov.w	r1, #3435973836	@ 0xcccccccc
100032e6:	fb01 f103 	mul.w	r1, r1, r3
100032ea:	fb0e 1107 	mla	r1, lr, r7, r1
100032ee:	fba3 730e 	umull	r7, r3, r3, lr
100032f2:	4419      	add	r1, r3
100032f4:	2305      	movs	r3, #5
100032f6:	f007 0801 	and.w	r8, r7, #1
100032fa:	fba8 3803 	umull	r3, r8, r8, r3
100032fe:	189b      	adds	r3, r3, r2
10003300:	2e0a      	cmp	r6, #10
10003302:	f103 0330 	add.w	r3, r3, #48	@ 0x30
10003306:	ea4f 0757 	mov.w	r7, r7, lsr #1
1000330a:	f174 0400 	sbcs.w	r4, r4, #0
1000330e:	f805 3b01 	strb.w	r3, [r5], #1
10003312:	f100 0001 	add.w	r0, r0, #1
10003316:	ea47 73c1 	orr.w	r3, r7, r1, lsl #31
1000331a:	ea4f 0151 	mov.w	r1, r1, lsr #1
1000331e:	d2cf      	bcs.n	100032c0 <_vsnprintf+0x69c>
10003320:	e9dd 750c 	ldrd	r7, r5, [sp, #48]	@ 0x30
10003324:	e9dd 680e 	ldrd	r6, r8, [sp, #56]	@ 0x38
10003328:	9b0b      	ldr	r3, [sp, #44]	@ 0x2c
1000332a:	4642      	mov	r2, r8
1000332c:	9300      	str	r3, [sp, #0]
1000332e:	230a      	movs	r3, #10
10003330:	e9cd 5c05 	strd	r5, ip, [sp, #20]
10003334:	e9cd 0701 	strd	r0, r7, [sp, #4]
10003338:	9604      	str	r6, [sp, #16]
1000333a:	9303      	str	r3, [sp, #12]
1000333c:	464b      	mov	r3, r9
1000333e:	4651      	mov	r1, sl
10003340:	4658      	mov	r0, fp
10003342:	f7fe fe61 	bl	10002008 <_ntoa_format>
10003346:	4680      	mov	r8, r0
10003348:	e48a      	b.n	10002c60 <_vsnprintf+0x3c>
1000334a:	7819      	ldrb	r1, [r3, #0]
1000334c:	460f      	mov	r7, r1
1000334e:	e764      	b.n	1000321a <_vsnprintf+0x5f6>
10003350:	2710      	movs	r7, #16
10003352:	46bc      	mov	ip, r7
10003354:	e6b3      	b.n	100030be <_vsnprintf+0x49a>
10003356:	f023 0c10 	bic.w	ip, r3, #16
1000335a:	e745      	b.n	100031e8 <_vsnprintf+0x5c4>
1000335c:	061c      	lsls	r4, r3, #24
1000335e:	bf4c      	ite	mi
10003360:	8812      	ldrhmi	r2, [r2, #0]
10003362:	6812      	ldrpl	r2, [r2, #0]
10003364:	e6c0      	b.n	100030e8 <_vsnprintf+0x4c4>
10003366:	460a      	mov	r2, r1
10003368:	1e19      	subs	r1, r3, #0
1000336a:	db01      	blt.n	10003370 <_vsnprintf+0x74c>
1000336c:	4613      	mov	r3, r2
1000336e:	e79c      	b.n	100032aa <_vsnprintf+0x686>
10003370:	4252      	negs	r2, r2
10003372:	4613      	mov	r3, r2
10003374:	eb61 0141 	sbc.w	r1, r1, r1, lsl #1
10003378:	e797      	b.n	100032aa <_vsnprintf+0x686>
1000337a:	4613      	mov	r3, r2
1000337c:	4651      	mov	r1, sl
1000337e:	7818      	ldrb	r0, [r3, #0]
10003380:	4642      	mov	r2, r8
10003382:	464b      	mov	r3, r9
10003384:	47d8      	blx	fp
10003386:	46b0      	mov	r8, r6
10003388:	e648      	b.n	1000301c <_vsnprintf+0x3f8>
1000338a:	f013 0f20 	tst.w	r3, #32
1000338e:	bf14      	ite	ne
10003390:	2041      	movne	r0, #65	@ 0x41
10003392:	2061      	moveq	r0, #97	@ 0x61
10003394:	ac12      	add	r4, sp, #72	@ 0x48
10003396:	46a6      	mov	lr, r4
10003398:	940b      	str	r4, [sp, #44]	@ 0x2c
1000339a:	930a      	str	r3, [sp, #40]	@ 0x28
1000339c:	f1a0 040a 	sub.w	r4, r0, #10
100033a0:	950c      	str	r5, [sp, #48]	@ 0x30
100033a2:	e002      	b.n	100033aa <_vsnprintf+0x786>
100033a4:	2920      	cmp	r1, #32
100033a6:	d012      	beq.n	100033ce <_vsnprintf+0x7aa>
100033a8:	462a      	mov	r2, r5
100033aa:	fbb2 f5fc 	udiv	r5, r2, ip
100033ae:	fb0c 2015 	mls	r0, ip, r5, r2
100033b2:	b2c3      	uxtb	r3, r0
100033b4:	2809      	cmp	r0, #9
100033b6:	f103 0030 	add.w	r0, r3, #48	@ 0x30
100033ba:	bf8a      	itet	hi
100033bc:	191b      	addhi	r3, r3, r4
100033be:	b2c3      	uxtbls	r3, r0
100033c0:	b2db      	uxtbhi	r3, r3
100033c2:	4562      	cmp	r2, ip
100033c4:	f80e 3b01 	strb.w	r3, [lr], #1
100033c8:	f101 0101 	add.w	r1, r1, #1
100033cc:	d2ea      	bcs.n	100033a4 <_vsnprintf+0x780>
100033ce:	9b0a      	ldr	r3, [sp, #40]	@ 0x28
100033d0:	9d0c      	ldr	r5, [sp, #48]	@ 0x30
100033d2:	e694      	b.n	100030fe <_vsnprintf+0x4da>
100033d4:	9a0a      	ldr	r2, [sp, #40]	@ 0x28
100033d6:	3207      	adds	r2, #7
100033d8:	f022 0207 	bic.w	r2, r2, #7
100033dc:	6851      	ldr	r1, [r2, #4]
100033de:	f852 4b08 	ldr.w	r4, [r2], #8
100033e2:	468e      	mov	lr, r1
100033e4:	920a      	str	r2, [sp, #40]	@ 0x28
100033e6:	ea54 0201 	orrs.w	r2, r4, r1
100033ea:	d176      	bne.n	100034da <_vsnprintf+0x8b6>
100033ec:	f023 0310 	bic.w	r3, r3, #16
100033f0:	2800      	cmp	r0, #0
100033f2:	d072      	beq.n	100034da <_vsnprintf+0x8b6>
100033f4:	2200      	movs	r2, #0
100033f6:	4611      	mov	r1, r2
100033f8:	aa12      	add	r2, sp, #72	@ 0x48
100033fa:	920b      	str	r2, [sp, #44]	@ 0x2c
100033fc:	e9cd 5305 	strd	r5, r3, [sp, #20]
10003400:	9b0b      	ldr	r3, [sp, #44]	@ 0x2c
10003402:	4642      	mov	r2, r8
10003404:	9300      	str	r3, [sp, #0]
10003406:	2300      	movs	r3, #0
10003408:	e9cd c603 	strd	ip, r6, [sp, #12]
1000340c:	9101      	str	r1, [sp, #4]
1000340e:	9302      	str	r3, [sp, #8]
10003410:	e794      	b.n	1000333c <_vsnprintf+0x718>
10003412:	42a5      	cmp	r5, r4
10003414:	bf98      	it	ls
10003416:	3401      	addls	r4, #1
10003418:	f67f ad74 	bls.w	10002f04 <_vsnprintf+0x2e0>
1000341c:	f44f 6380 	mov.w	r3, #1024	@ 0x400
10003420:	e9cd 750a 	strd	r7, r5, [sp, #40]	@ 0x28
10003424:	eb05 0208 	add.w	r2, r5, r8
10003428:	461f      	mov	r7, r3
1000342a:	460d      	mov	r5, r1
1000342c:	1b14      	subs	r4, r2, r4
1000342e:	4642      	mov	r2, r8
10003430:	464b      	mov	r3, r9
10003432:	4651      	mov	r1, sl
10003434:	2020      	movs	r0, #32
10003436:	f108 0801 	add.w	r8, r8, #1
1000343a:	47d8      	blx	fp
1000343c:	45a0      	cmp	r8, r4
1000343e:	d1f6      	bne.n	1000342e <_vsnprintf+0x80a>
10003440:	463b      	mov	r3, r7
10003442:	9f0a      	ldr	r7, [sp, #40]	@ 0x28
10003444:	4629      	mov	r1, r5
10003446:	7838      	ldrb	r0, [r7, #0]
10003448:	9d0b      	ldr	r5, [sp, #44]	@ 0x2c
1000344a:	1c6c      	adds	r4, r5, #1
1000344c:	2800      	cmp	r0, #0
1000344e:	f43f ad70 	beq.w	10002f32 <_vsnprintf+0x30e>
10003452:	2b00      	cmp	r3, #0
10003454:	f43f ae75 	beq.w	10003142 <_vsnprintf+0x51e>
10003458:	2300      	movs	r3, #0
1000345a:	e553      	b.n	10002f04 <_vsnprintf+0x2e0>
1000345c:	42a5      	cmp	r5, r4
1000345e:	d8df      	bhi.n	10003420 <_vsnprintf+0x7fc>
10003460:	3401      	adds	r4, #1
10003462:	e66e      	b.n	10003142 <_vsnprintf+0x51e>
10003464:	6819      	ldr	r1, [r3, #0]
10003466:	0fcb      	lsrs	r3, r1, #31
10003468:	2900      	cmp	r1, #0
1000346a:	f000 80a8 	beq.w	100035be <_vsnprintf+0x99a>
1000346e:	ea81 72e1 	eor.w	r2, r1, r1, asr #31
10003472:	eba2 72e1 	sub.w	r2, r2, r1, asr #31
10003476:	a912      	add	r1, sp, #72	@ 0x48
10003478:	4608      	mov	r0, r1
1000347a:	f8df e188 	ldr.w	lr, [pc, #392]	@ 10003604 <_vsnprintf+0x9e0>
1000347e:	910b      	str	r1, [sp, #44]	@ 0x2c
10003480:	930a      	str	r3, [sp, #40]	@ 0x28
10003482:	950c      	str	r5, [sp, #48]	@ 0x30
10003484:	e001      	b.n	1000348a <_vsnprintf+0x866>
10003486:	2f20      	cmp	r7, #32
10003488:	d00f      	beq.n	100034aa <_vsnprintf+0x886>
1000348a:	4615      	mov	r5, r2
1000348c:	fbae 1302 	umull	r1, r3, lr, r2
10003490:	08db      	lsrs	r3, r3, #3
10003492:	eb03 0183 	add.w	r1, r3, r3, lsl #2
10003496:	eba2 0141 	sub.w	r1, r2, r1, lsl #1
1000349a:	3130      	adds	r1, #48	@ 0x30
1000349c:	2d09      	cmp	r5, #9
1000349e:	461a      	mov	r2, r3
100034a0:	f107 0701 	add.w	r7, r7, #1
100034a4:	f800 1b01 	strb.w	r1, [r0], #1
100034a8:	d8ed      	bhi.n	10003486 <_vsnprintf+0x862>
100034aa:	9b0a      	ldr	r3, [sp, #40]	@ 0x28
100034ac:	9d0c      	ldr	r5, [sp, #48]	@ 0x30
100034ae:	e9cd 5c05 	strd	r5, ip, [sp, #20]
100034b2:	e9cd 7301 	strd	r7, r3, [sp, #4]
100034b6:	9604      	str	r6, [sp, #16]
100034b8:	e6d5      	b.n	10003266 <_vsnprintf+0x642>
100034ba:	2869      	cmp	r0, #105	@ 0x69
100034bc:	f023 0c10 	bic.w	ip, r3, #16
100034c0:	f040 808c 	bne.w	100035dc <_vsnprintf+0x9b8>
100034c4:	f413 6280 	ands.w	r2, r3, #1024	@ 0x400
100034c8:	f43f ae8e 	beq.w	100031e8 <_vsnprintf+0x5c4>
100034cc:	e688      	b.n	100031e0 <_vsnprintf+0x5bc>
100034ce:	2a00      	cmp	r2, #0
100034d0:	f43f aea8 	beq.w	10003224 <_vsnprintf+0x600>
100034d4:	aa12      	add	r2, sp, #72	@ 0x48
100034d6:	920b      	str	r2, [sp, #44]	@ 0x2c
100034d8:	e6c0      	b.n	1000325c <_vsnprintf+0x638>
100034da:	f013 0f20 	tst.w	r3, #32
100034de:	bf14      	ite	ne
100034e0:	2241      	movne	r2, #65	@ 0x41
100034e2:	2261      	moveq	r2, #97	@ 0x61
100034e4:	2000      	movs	r0, #0
100034e6:	a912      	add	r1, sp, #72	@ 0x48
100034e8:	3a0a      	subs	r2, #10
100034ea:	e9cd 680e 	strd	r6, r8, [sp, #56]	@ 0x38
100034ee:	e9cd 350c 	strd	r3, r5, [sp, #48]	@ 0x30
100034f2:	f8cd b044 	str.w	fp, [sp, #68]	@ 0x44
100034f6:	4606      	mov	r6, r0
100034f8:	4688      	mov	r8, r1
100034fa:	4675      	mov	r5, lr
100034fc:	4693      	mov	fp, r2
100034fe:	910b      	str	r1, [sp, #44]	@ 0x2c
10003500:	f8cd c040 	str.w	ip, [sp, #64]	@ 0x40
10003504:	e003      	b.n	1000350e <_vsnprintf+0x8ea>
10003506:	2e20      	cmp	r6, #32
10003508:	d017      	beq.n	1000353a <_vsnprintf+0x916>
1000350a:	4604      	mov	r4, r0
1000350c:	460d      	mov	r5, r1
1000350e:	4629      	mov	r1, r5
10003510:	463a      	mov	r2, r7
10003512:	2300      	movs	r3, #0
10003514:	4620      	mov	r0, r4
10003516:	f005 fdc3 	bl	100090a0 <____aeabi_uldivmod_veneer>
1000351a:	b2d2      	uxtb	r2, r2
1000351c:	2a09      	cmp	r2, #9
1000351e:	f102 0330 	add.w	r3, r2, #48	@ 0x30
10003522:	bf88      	it	hi
10003524:	eb02 030b 	addhi.w	r3, r2, fp
10003528:	42bc      	cmp	r4, r7
1000352a:	b2db      	uxtb	r3, r3
1000352c:	f175 0500 	sbcs.w	r5, r5, #0
10003530:	f808 3b01 	strb.w	r3, [r8], #1
10003534:	f106 0601 	add.w	r6, r6, #1
10003538:	d2e5      	bcs.n	10003506 <_vsnprintf+0x8e2>
1000353a:	4631      	mov	r1, r6
1000353c:	e9dd 350c 	ldrd	r3, r5, [sp, #48]	@ 0x30
10003540:	e9dd cb10 	ldrd	ip, fp, [sp, #64]	@ 0x40
10003544:	f8dd 803c 	ldr.w	r8, [sp, #60]	@ 0x3c
10003548:	9e0e      	ldr	r6, [sp, #56]	@ 0x38
1000354a:	e757      	b.n	100033fc <_vsnprintf+0x7d8>
1000354c:	990a      	ldr	r1, [sp, #40]	@ 0x28
1000354e:	6809      	ldr	r1, [r1, #0]
10003550:	b951      	cbnz	r1, 10003568 <_vsnprintf+0x944>
10003552:	f023 0310 	bic.w	r3, r3, #16
10003556:	b138      	cbz	r0, 10003568 <_vsnprintf+0x944>
10003558:	a912      	add	r1, sp, #72	@ 0x48
1000355a:	910b      	str	r1, [sp, #44]	@ 0x2c
1000355c:	e9cd 5305 	strd	r5, r3, [sp, #20]
10003560:	e9cd c603 	strd	ip, r6, [sp, #12]
10003564:	9201      	str	r2, [sp, #4]
10003566:	e5cf      	b.n	10003108 <_vsnprintf+0x4e4>
10003568:	f013 0f20 	tst.w	r3, #32
1000356c:	bf14      	ite	ne
1000356e:	2041      	movne	r0, #65	@ 0x41
10003570:	2061      	moveq	r0, #97	@ 0x61
10003572:	ac12      	add	r4, sp, #72	@ 0x48
10003574:	46a6      	mov	lr, r4
10003576:	940b      	str	r4, [sp, #44]	@ 0x2c
10003578:	930a      	str	r3, [sp, #40]	@ 0x28
1000357a:	f1a0 040a 	sub.w	r4, r0, #10
1000357e:	950c      	str	r5, [sp, #48]	@ 0x30
10003580:	e002      	b.n	10003588 <_vsnprintf+0x964>
10003582:	2a20      	cmp	r2, #32
10003584:	d012      	beq.n	100035ac <_vsnprintf+0x988>
10003586:	4629      	mov	r1, r5
10003588:	fbb1 f5fc 	udiv	r5, r1, ip
1000358c:	fb0c 1015 	mls	r0, ip, r5, r1
10003590:	b2c3      	uxtb	r3, r0
10003592:	2809      	cmp	r0, #9
10003594:	f103 0030 	add.w	r0, r3, #48	@ 0x30
10003598:	bf8a      	itet	hi
1000359a:	191b      	addhi	r3, r3, r4
1000359c:	b2c3      	uxtbls	r3, r0
1000359e:	b2db      	uxtbhi	r3, r3
100035a0:	4561      	cmp	r1, ip
100035a2:	f80e 3b01 	strb.w	r3, [lr], #1
100035a6:	f102 0201 	add.w	r2, r2, #1
100035aa:	d2ea      	bcs.n	10003582 <_vsnprintf+0x95e>
100035ac:	9b0a      	ldr	r3, [sp, #40]	@ 0x28
100035ae:	9d0c      	ldr	r5, [sp, #48]	@ 0x30
100035b0:	e7d4      	b.n	1000355c <_vsnprintf+0x938>
100035b2:	6819      	ldr	r1, [r3, #0]
100035b4:	ea81 77e1 	eor.w	r7, r1, r1, asr #31
100035b8:	eba7 77e1 	sub.w	r7, r7, r1, asr #31
100035bc:	e62d      	b.n	1000321a <_vsnprintf+0x5f6>
100035be:	2a00      	cmp	r2, #0
100035c0:	f43f af59 	beq.w	10003476 <_vsnprintf+0x852>
100035c4:	aa12      	add	r2, sp, #72	@ 0x48
100035c6:	920b      	str	r2, [sp, #44]	@ 0x2c
100035c8:	e771      	b.n	100034ae <_vsnprintf+0x88a>
100035ca:	f413 6480 	ands.w	r4, r3, #1024	@ 0x400
100035ce:	d00d      	beq.n	100035ec <_vsnprintf+0x9c8>
100035d0:	f013 0402 	ands.w	r4, r3, #2
100035d4:	d012      	beq.n	100035fc <_vsnprintf+0x9d8>
100035d6:	4604      	mov	r4, r0
100035d8:	4646      	mov	r6, r8
100035da:	e5ec      	b.n	100031b6 <_vsnprintf+0x592>
100035dc:	270a      	movs	r7, #10
100035de:	4663      	mov	r3, ip
100035e0:	46bc      	mov	ip, r7
100035e2:	e56c      	b.n	100030be <_vsnprintf+0x49a>
100035e4:	ab12      	add	r3, sp, #72	@ 0x48
100035e6:	2000      	movs	r0, #0
100035e8:	930b      	str	r3, [sp, #44]	@ 0x2c
100035ea:	e69d      	b.n	10003328 <_vsnprintf+0x704>
100035ec:	f013 0302 	ands.w	r3, r3, #2
100035f0:	f47f ade0 	bne.w	100031b4 <_vsnprintf+0x590>
100035f4:	2d00      	cmp	r5, #0
100035f6:	f47f af13 	bne.w	10003420 <_vsnprintf+0x7fc>
100035fa:	e49a      	b.n	10002f32 <_vsnprintf+0x30e>
100035fc:	2d00      	cmp	r5, #0
100035fe:	f47f af0d 	bne.w	1000341c <_vsnprintf+0x7f8>
10003602:	e496      	b.n	10002f32 <_vsnprintf+0x30e>
10003604:	cccccccd 	.word	0xcccccccd

10003608 <vfctprintf>:
10003608:	b570      	push	{r4, r5, r6, lr}
1000360a:	4694      	mov	ip, r2
1000360c:	461e      	mov	r6, r3
1000360e:	4605      	mov	r5, r0
10003610:	460c      	mov	r4, r1
10003612:	b084      	sub	sp, #16
10003614:	f04f 32ff 	mov.w	r2, #4294967295
10003618:	4663      	mov	r3, ip
1000361a:	a902      	add	r1, sp, #8
1000361c:	9600      	str	r6, [sp, #0]
1000361e:	4803      	ldr	r0, [pc, #12]	@ (1000362c <vfctprintf+0x24>)
10003620:	e9cd 5402 	strd	r5, r4, [sp, #8]
10003624:	f7ff fafe 	bl	10002c24 <_vsnprintf>
10003628:	b004      	add	sp, #16
1000362a:	bd70      	pop	{r4, r5, r6, pc}
1000362c:	100021e5 	.word	0x100021e5

10003630 <weak_raw_vprintf>:
10003630:	b510      	push	{r4, lr}
10003632:	4b09      	ldr	r3, [pc, #36]	@ (10003658 <weak_raw_vprintf+0x28>)
10003634:	b084      	sub	sp, #16
10003636:	681c      	ldr	r4, [r3, #0]
10003638:	b14c      	cbz	r4, 1000364e <weak_raw_vprintf+0x1e>
1000363a:	4603      	mov	r3, r0
1000363c:	9100      	str	r1, [sp, #0]
1000363e:	f04f 32ff 	mov.w	r2, #4294967295
10003642:	a903      	add	r1, sp, #12
10003644:	4805      	ldr	r0, [pc, #20]	@ (1000365c <weak_raw_vprintf+0x2c>)
10003646:	47a0      	blx	r4
10003648:	2001      	movs	r0, #1
1000364a:	b004      	add	sp, #16
1000364c:	bd10      	pop	{r4, pc}
1000364e:	f000 f98f 	bl	10003970 <__wrap_puts>
10003652:	4620      	mov	r0, r4
10003654:	b004      	add	sp, #16
10003656:	bd10      	pop	{r4, pc}
10003658:	20002890 	.word	0x20002890
1000365c:	100021dd 	.word	0x100021dd

10003660 <_exit>:
10003660:	be00      	bkpt	0x0000
10003662:	e7fd      	b.n	10003660 <_exit>

10003664 <_sbrk>:
10003664:	4a07      	ldr	r2, [pc, #28]	@ (10003684 <_sbrk+0x20>)
10003666:	4603      	mov	r3, r0
10003668:	6810      	ldr	r0, [r2, #0]
1000366a:	b138      	cbz	r0, 1000367c <_sbrk+0x18>
1000366c:	4906      	ldr	r1, [pc, #24]	@ (10003688 <_sbrk+0x24>)
1000366e:	4403      	add	r3, r0
10003670:	428b      	cmp	r3, r1
10003672:	bf8c      	ite	hi
10003674:	f04f 30ff 	movhi.w	r0, #4294967295
10003678:	6013      	strls	r3, [r2, #0]
1000367a:	4770      	bx	lr
1000367c:	4903      	ldr	r1, [pc, #12]	@ (1000368c <_sbrk+0x28>)
1000367e:	4608      	mov	r0, r1
10003680:	6011      	str	r1, [r2, #0]
10003682:	e7f3      	b.n	1000366c <_sbrk+0x8>
10003684:	2000248c 	.word	0x2000248c
10003688:	20080000 	.word	0x20080000
1000368c:	20002a98 	.word	0x20002a98

10003690 <exit>:
10003690:	b508      	push	{r3, lr}
10003692:	f7ff ffe5 	bl	10003660 <_exit>
10003696:	bf00      	nop

10003698 <runtime_init>:
10003698:	b538      	push	{r3, r4, r5, lr}
1000369a:	4c06      	ldr	r4, [pc, #24]	@ (100036b4 <runtime_init+0x1c>)
1000369c:	4d06      	ldr	r5, [pc, #24]	@ (100036b8 <runtime_init+0x20>)
1000369e:	f7fe f9f3 	bl	10001a88 <runtime_run_initializers>
100036a2:	42ac      	cmp	r4, r5
100036a4:	d204      	bcs.n	100036b0 <runtime_init+0x18>
100036a6:	f854 3b04 	ldr.w	r3, [r4], #4
100036aa:	4798      	blx	r3
100036ac:	42ac      	cmp	r4, r5
100036ae:	d3fa      	bcc.n	100036a6 <runtime_init+0xe>
100036b0:	bd38      	pop	{r3, r4, r5, pc}
100036b2:	bf00      	nop
100036b4:	10009118 	.word	0x10009118
100036b8:	10009124 	.word	0x10009124

100036bc <stdio_out_chars_no_crlf>:
100036bc:	6803      	ldr	r3, [r0, #0]
100036be:	4608      	mov	r0, r1
100036c0:	4611      	mov	r1, r2
100036c2:	4718      	bx	r3

100036c4 <stdio_out_chars_crlf>:
100036c4:	e92d 41f0 	stmdb	sp!, {r4, r5, r6, r7, r8, lr}
100036c8:	4615      	mov	r5, r2
100036ca:	7d42      	ldrb	r2, [r0, #21]
100036cc:	4607      	mov	r7, r0
100036ce:	4688      	mov	r8, r1
100036d0:	2a00      	cmp	r2, #0
100036d2:	d046      	beq.n	10003762 <stdio_out_chars_crlf+0x9e>
100036d4:	2d00      	cmp	r5, #0
100036d6:	dd1d      	ble.n	10003714 <stdio_out_chars_crlf+0x50>
100036d8:	780b      	ldrb	r3, [r1, #0]
100036da:	2b0a      	cmp	r3, #10
100036dc:	d023      	beq.n	10003726 <stdio_out_chars_crlf+0x62>
100036de:	2d01      	cmp	r5, #1
100036e0:	f04f 0c00 	mov.w	ip, #0
100036e4:	d018      	beq.n	10003718 <stdio_out_chars_crlf+0x54>
100036e6:	4646      	mov	r6, r8
100036e8:	2401      	movs	r4, #1
100036ea:	f816 2f01 	ldrb.w	r2, [r6, #1]!
100036ee:	4621      	mov	r1, r4
100036f0:	2a0a      	cmp	r2, #10
100036f2:	f104 0401 	add.w	r4, r4, #1
100036f6:	d022      	beq.n	1000373e <stdio_out_chars_crlf+0x7a>
100036f8:	42a5      	cmp	r5, r4
100036fa:	d1f6      	bne.n	100036ea <stdio_out_chars_crlf+0x26>
100036fc:	4565      	cmp	r5, ip
100036fe:	dc0b      	bgt.n	10003718 <stdio_out_chars_crlf+0x54>
10003700:	eb08 0305 	add.w	r3, r8, r5
10003704:	f813 3c01 	ldrb.w	r3, [r3, #-1]
10003708:	f1a3 030d 	sub.w	r3, r3, #13
1000370c:	fab3 f383 	clz	r3, r3
10003710:	095b      	lsrs	r3, r3, #5
10003712:	753b      	strb	r3, [r7, #20]
10003714:	e8bd 81f0 	ldmia.w	sp!, {r4, r5, r6, r7, r8, pc}
10003718:	683b      	ldr	r3, [r7, #0]
1000371a:	eba5 010c 	sub.w	r1, r5, ip
1000371e:	eb08 000c 	add.w	r0, r8, ip
10003722:	4798      	blx	r3
10003724:	e7ec      	b.n	10003700 <stdio_out_chars_crlf+0x3c>
10003726:	7d03      	ldrb	r3, [r0, #20]
10003728:	2b00      	cmp	r3, #0
1000372a:	d1d8      	bne.n	100036de <stdio_out_chars_crlf+0x1a>
1000372c:	6803      	ldr	r3, [r0, #0]
1000372e:	2102      	movs	r1, #2
10003730:	480f      	ldr	r0, [pc, #60]	@ (10003770 <stdio_out_chars_crlf+0xac>)
10003732:	4798      	blx	r3
10003734:	2d01      	cmp	r5, #1
10003736:	d0e3      	beq.n	10003700 <stdio_out_chars_crlf+0x3c>
10003738:	f04f 0c01 	mov.w	ip, #1
1000373c:	e7d3      	b.n	100036e6 <stdio_out_chars_crlf+0x22>
1000373e:	f816 3c01 	ldrb.w	r3, [r6, #-1]
10003742:	2b0d      	cmp	r3, #13
10003744:	d0d8      	beq.n	100036f8 <stdio_out_chars_crlf+0x34>
10003746:	458c      	cmp	ip, r1
10003748:	eb08 000c 	add.w	r0, r8, ip
1000374c:	eba1 010c 	sub.w	r1, r1, ip
10003750:	da01      	bge.n	10003756 <stdio_out_chars_crlf+0x92>
10003752:	683b      	ldr	r3, [r7, #0]
10003754:	4798      	blx	r3
10003756:	2102      	movs	r1, #2
10003758:	4805      	ldr	r0, [pc, #20]	@ (10003770 <stdio_out_chars_crlf+0xac>)
1000375a:	683b      	ldr	r3, [r7, #0]
1000375c:	4798      	blx	r3
1000375e:	46a4      	mov	ip, r4
10003760:	e7ca      	b.n	100036f8 <stdio_out_chars_crlf+0x34>
10003762:	4629      	mov	r1, r5
10003764:	4640      	mov	r0, r8
10003766:	683b      	ldr	r3, [r7, #0]
10003768:	e8bd 41f0 	ldmia.w	sp!, {r4, r5, r6, r7, r8, lr}
1000376c:	4718      	bx	r3
1000376e:	bf00      	nop
10003770:	100095d8 	.word	0x100095d8

10003774 <stdio_buffered_printer>:
10003774:	680b      	ldr	r3, [r1, #0]
10003776:	e92d 41f0 	stmdb	sp!, {r4, r5, r6, r7, r8, lr}
1000377a:	2b80      	cmp	r3, #128	@ 0x80
1000377c:	460d      	mov	r5, r1
1000377e:	4606      	mov	r6, r0
10003780:	d005      	beq.n	1000378e <stdio_buffered_printer+0x1a>
10003782:	1c5a      	adds	r2, r3, #1
10003784:	442b      	add	r3, r5
10003786:	602a      	str	r2, [r5, #0]
10003788:	711e      	strb	r6, [r3, #4]
1000378a:	e8bd 81f0 	ldmia.w	sp!, {r4, r5, r6, r7, r8, pc}
1000378e:	4b0f      	ldr	r3, [pc, #60]	@ (100037cc <stdio_buffered_printer+0x58>)
10003790:	681c      	ldr	r4, [r3, #0]
10003792:	b1a4      	cbz	r4, 100037be <stdio_buffered_printer+0x4a>
10003794:	4f0e      	ldr	r7, [pc, #56]	@ (100037d0 <stdio_buffered_printer+0x5c>)
10003796:	f101 0804 	add.w	r8, r1, #4
1000379a:	e001      	b.n	100037a0 <stdio_buffered_printer+0x2c>
1000379c:	6924      	ldr	r4, [r4, #16]
1000379e:	b174      	cbz	r4, 100037be <stdio_buffered_printer+0x4a>
100037a0:	6823      	ldr	r3, [r4, #0]
100037a2:	2b00      	cmp	r3, #0
100037a4:	d0fa      	beq.n	1000379c <stdio_buffered_printer+0x28>
100037a6:	683b      	ldr	r3, [r7, #0]
100037a8:	b10b      	cbz	r3, 100037ae <stdio_buffered_printer+0x3a>
100037aa:	42a3      	cmp	r3, r4
100037ac:	d1f6      	bne.n	1000379c <stdio_buffered_printer+0x28>
100037ae:	4620      	mov	r0, r4
100037b0:	4641      	mov	r1, r8
100037b2:	682a      	ldr	r2, [r5, #0]
100037b4:	f7ff ff86 	bl	100036c4 <stdio_out_chars_crlf>
100037b8:	6924      	ldr	r4, [r4, #16]
100037ba:	2c00      	cmp	r4, #0
100037bc:	d1f0      	bne.n	100037a0 <stdio_buffered_printer+0x2c>
100037be:	2300      	movs	r3, #0
100037c0:	2201      	movs	r2, #1
100037c2:	442b      	add	r3, r5
100037c4:	602a      	str	r2, [r5, #0]
100037c6:	711e      	strb	r6, [r3, #4]
100037c8:	e8bd 81f0 	ldmia.w	sp!, {r4, r5, r6, r7, r8, pc}
100037cc:	2000247c 	.word	0x2000247c
100037d0:	20002488 	.word	0x20002488

100037d4 <stdio_put_string>:
100037d4:	e92d 47f0 	stmdb	sp!, {r4, r5, r6, r7, r8, r9, sl, lr}
100037d8:	b082      	sub	sp, #8
100037da:	460d      	mov	r5, r1
100037dc:	4691      	mov	r9, r2
100037de:	461c      	mov	r4, r3
100037e0:	4606      	mov	r6, r0
100037e2:	f7fd ffbd 	bl	10001760 <time_us_64>
100037e6:	f04f 3cff 	mov.w	ip, #4294967295
100037ea:	f06f 4700 	mvn.w	r7, #2147483648	@ 0x80000000
100037ee:	4a2e      	ldr	r2, [pc, #184]	@ (100038a8 <stdio_put_string+0xd4>)
100037f0:	1882      	adds	r2, r0, r2
100037f2:	f141 0300 	adc.w	r3, r1, #0
100037f6:	4594      	cmp	ip, r2
100037f8:	eb77 0103 	sbcs.w	r1, r7, r3
100037fc:	bf3c      	itt	cc
100037fe:	4662      	movcc	r2, ip
10003800:	463b      	movcc	r3, r7
10003802:	482a      	ldr	r0, [pc, #168]	@ (100038ac <stdio_put_string+0xd8>)
10003804:	f005 fc5c 	bl	100090c0 <__mutex_try_enter_block_until_veneer>
10003808:	1c6b      	adds	r3, r5, #1
1000380a:	4680      	mov	r8, r0
1000380c:	d040      	beq.n	10003890 <stdio_put_string+0xbc>
1000380e:	b30c      	cbz	r4, 10003854 <stdio_put_string+0x80>
10003810:	4f27      	ldr	r7, [pc, #156]	@ (100038b0 <stdio_put_string+0xdc>)
10003812:	4b28      	ldr	r3, [pc, #160]	@ (100038b4 <stdio_put_string+0xe0>)
10003814:	681c      	ldr	r4, [r3, #0]
10003816:	b1b4      	cbz	r4, 10003846 <stdio_put_string+0x72>
10003818:	f1b9 0f00 	cmp.w	r9, #0
1000381c:	d11c      	bne.n	10003858 <stdio_put_string+0x84>
1000381e:	f8df 909c 	ldr.w	r9, [pc, #156]	@ 100038bc <stdio_put_string+0xe8>
10003822:	e001      	b.n	10003828 <stdio_put_string+0x54>
10003824:	6924      	ldr	r4, [r4, #16]
10003826:	b174      	cbz	r4, 10003846 <stdio_put_string+0x72>
10003828:	6823      	ldr	r3, [r4, #0]
1000382a:	2b00      	cmp	r3, #0
1000382c:	d0fa      	beq.n	10003824 <stdio_put_string+0x50>
1000382e:	f8d9 3000 	ldr.w	r3, [r9]
10003832:	b10b      	cbz	r3, 10003838 <stdio_put_string+0x64>
10003834:	429c      	cmp	r4, r3
10003836:	d1f5      	bne.n	10003824 <stdio_put_string+0x50>
10003838:	4620      	mov	r0, r4
1000383a:	462a      	mov	r2, r5
1000383c:	4631      	mov	r1, r6
1000383e:	47b8      	blx	r7
10003840:	6924      	ldr	r4, [r4, #16]
10003842:	2c00      	cmp	r4, #0
10003844:	d1f0      	bne.n	10003828 <stdio_put_string+0x54>
10003846:	f1b8 0f00 	cmp.w	r8, #0
1000384a:	d126      	bne.n	1000389a <stdio_put_string+0xc6>
1000384c:	4628      	mov	r0, r5
1000384e:	b002      	add	sp, #8
10003850:	e8bd 87f0 	ldmia.w	sp!, {r4, r5, r6, r7, r8, r9, sl, pc}
10003854:	4f18      	ldr	r7, [pc, #96]	@ (100038b8 <stdio_put_string+0xe4>)
10003856:	e7dc      	b.n	10003812 <stdio_put_string+0x3e>
10003858:	f04f 0a0a 	mov.w	sl, #10
1000385c:	f8df 905c 	ldr.w	r9, [pc, #92]	@ 100038bc <stdio_put_string+0xe8>
10003860:	e002      	b.n	10003868 <stdio_put_string+0x94>
10003862:	6924      	ldr	r4, [r4, #16]
10003864:	2c00      	cmp	r4, #0
10003866:	d0ee      	beq.n	10003846 <stdio_put_string+0x72>
10003868:	6823      	ldr	r3, [r4, #0]
1000386a:	2b00      	cmp	r3, #0
1000386c:	d0f9      	beq.n	10003862 <stdio_put_string+0x8e>
1000386e:	f8d9 3000 	ldr.w	r3, [r9]
10003872:	b10b      	cbz	r3, 10003878 <stdio_put_string+0xa4>
10003874:	42a3      	cmp	r3, r4
10003876:	d1f4      	bne.n	10003862 <stdio_put_string+0x8e>
10003878:	462a      	mov	r2, r5
1000387a:	4631      	mov	r1, r6
1000387c:	4620      	mov	r0, r4
1000387e:	47b8      	blx	r7
10003880:	2201      	movs	r2, #1
10003882:	4620      	mov	r0, r4
10003884:	f10d 0107 	add.w	r1, sp, #7
10003888:	f88d a007 	strb.w	sl, [sp, #7]
1000388c:	47b8      	blx	r7
1000388e:	e7e8      	b.n	10003862 <stdio_put_string+0x8e>
10003890:	4630      	mov	r0, r6
10003892:	f005 fa73 	bl	10008d7c <strlen>
10003896:	4605      	mov	r5, r0
10003898:	e7b9      	b.n	1000380e <stdio_put_string+0x3a>
1000389a:	4804      	ldr	r0, [pc, #16]	@ (100038ac <stdio_put_string+0xd8>)
1000389c:	f005 fc04 	bl	100090a8 <__mutex_exit_veneer>
100038a0:	4628      	mov	r0, r5
100038a2:	b002      	add	sp, #8
100038a4:	e8bd 87f0 	ldmia.w	sp!, {r4, r5, r6, r7, r8, r9, sl, pc}
100038a8:	000f4240 	.word	0x000f4240
100038ac:	20001b10 	.word	0x20001b10
100038b0:	100036c5 	.word	0x100036c5
100038b4:	2000247c 	.word	0x2000247c
100038b8:	100036bd 	.word	0x100036bd
100038bc:	20002488 	.word	0x20002488

100038c0 <stdio_set_driver_enabled>:
100038c0:	4a08      	ldr	r2, [pc, #32]	@ (100038e4 <stdio_set_driver_enabled+0x24>)
100038c2:	6813      	ldr	r3, [r2, #0]
100038c4:	b923      	cbnz	r3, 100038d0 <stdio_set_driver_enabled+0x10>
100038c6:	e00a      	b.n	100038de <stdio_set_driver_enabled+0x1e>
100038c8:	f103 0210 	add.w	r2, r3, #16
100038cc:	691b      	ldr	r3, [r3, #16]
100038ce:	b133      	cbz	r3, 100038de <stdio_set_driver_enabled+0x1e>
100038d0:	4283      	cmp	r3, r0
100038d2:	d1f9      	bne.n	100038c8 <stdio_set_driver_enabled+0x8>
100038d4:	b929      	cbnz	r1, 100038e2 <stdio_set_driver_enabled+0x22>
100038d6:	6918      	ldr	r0, [r3, #16]
100038d8:	6010      	str	r0, [r2, #0]
100038da:	6119      	str	r1, [r3, #16]
100038dc:	4770      	bx	lr
100038de:	b101      	cbz	r1, 100038e2 <stdio_set_driver_enabled+0x22>
100038e0:	6010      	str	r0, [r2, #0]
100038e2:	4770      	bx	lr
100038e4:	2000247c 	.word	0x2000247c

100038e8 <stdio_init_all>:
100038e8:	f000 bade 	b.w	10003ea8 <stdio_usb_init>

100038ec <__wrap_putchar>:
100038ec:	b5f0      	push	{r4, r5, r6, r7, lr}
100038ee:	b083      	sub	sp, #12
100038f0:	4606      	mov	r6, r0
100038f2:	f88d 0007 	strb.w	r0, [sp, #7]
100038f6:	f7fd ff33 	bl	10001760 <time_us_64>
100038fa:	f04f 35ff 	mov.w	r5, #4294967295
100038fe:	f06f 4400 	mvn.w	r4, #2147483648	@ 0x80000000
10003902:	4a17      	ldr	r2, [pc, #92]	@ (10003960 <__wrap_putchar+0x74>)
10003904:	1882      	adds	r2, r0, r2
10003906:	f141 0300 	adc.w	r3, r1, #0
1000390a:	4295      	cmp	r5, r2
1000390c:	eb74 0103 	sbcs.w	r1, r4, r3
10003910:	bf3c      	itt	cc
10003912:	4623      	movcc	r3, r4
10003914:	462a      	movcc	r2, r5
10003916:	4813      	ldr	r0, [pc, #76]	@ (10003964 <__wrap_putchar+0x78>)
10003918:	f005 fbd2 	bl	100090c0 <__mutex_try_enter_block_until_veneer>
1000391c:	4b12      	ldr	r3, [pc, #72]	@ (10003968 <__wrap_putchar+0x7c>)
1000391e:	4607      	mov	r7, r0
10003920:	681c      	ldr	r4, [r3, #0]
10003922:	b19c      	cbz	r4, 1000394c <__wrap_putchar+0x60>
10003924:	4d11      	ldr	r5, [pc, #68]	@ (1000396c <__wrap_putchar+0x80>)
10003926:	e001      	b.n	1000392c <__wrap_putchar+0x40>
10003928:	6924      	ldr	r4, [r4, #16]
1000392a:	b17c      	cbz	r4, 1000394c <__wrap_putchar+0x60>
1000392c:	6823      	ldr	r3, [r4, #0]
1000392e:	2b00      	cmp	r3, #0
10003930:	d0fa      	beq.n	10003928 <__wrap_putchar+0x3c>
10003932:	682b      	ldr	r3, [r5, #0]
10003934:	b10b      	cbz	r3, 1000393a <__wrap_putchar+0x4e>
10003936:	429c      	cmp	r4, r3
10003938:	d1f6      	bne.n	10003928 <__wrap_putchar+0x3c>
1000393a:	4620      	mov	r0, r4
1000393c:	2201      	movs	r2, #1
1000393e:	f10d 0107 	add.w	r1, sp, #7
10003942:	f7ff febf 	bl	100036c4 <stdio_out_chars_crlf>
10003946:	6924      	ldr	r4, [r4, #16]
10003948:	2c00      	cmp	r4, #0
1000394a:	d1ef      	bne.n	1000392c <__wrap_putchar+0x40>
1000394c:	b917      	cbnz	r7, 10003954 <__wrap_putchar+0x68>
1000394e:	4630      	mov	r0, r6
10003950:	b003      	add	sp, #12
10003952:	bdf0      	pop	{r4, r5, r6, r7, pc}
10003954:	4803      	ldr	r0, [pc, #12]	@ (10003964 <__wrap_putchar+0x78>)
10003956:	f005 fba7 	bl	100090a8 <__mutex_exit_veneer>
1000395a:	4630      	mov	r0, r6
1000395c:	b003      	add	sp, #12
1000395e:	bdf0      	pop	{r4, r5, r6, r7, pc}
10003960:	000f4240 	.word	0x000f4240
10003964:	20001b10 	.word	0x20001b10
10003968:	2000247c 	.word	0x2000247c
1000396c:	20002488 	.word	0x20002488

10003970 <__wrap_puts>:
10003970:	b538      	push	{r3, r4, r5, lr}
10003972:	4604      	mov	r4, r0
10003974:	f005 fa02 	bl	10008d7c <strlen>
10003978:	2301      	movs	r3, #1
1000397a:	4605      	mov	r5, r0
1000397c:	461a      	mov	r2, r3
1000397e:	4620      	mov	r0, r4
10003980:	4629      	mov	r1, r5
10003982:	f7ff ff27 	bl	100037d4 <stdio_put_string>
10003986:	4b08      	ldr	r3, [pc, #32]	@ (100039a8 <__wrap_puts+0x38>)
10003988:	681c      	ldr	r4, [r3, #0]
1000398a:	b12c      	cbz	r4, 10003998 <__wrap_puts+0x28>
1000398c:	6863      	ldr	r3, [r4, #4]
1000398e:	b12b      	cbz	r3, 1000399c <__wrap_puts+0x2c>
10003990:	4798      	blx	r3
10003992:	6924      	ldr	r4, [r4, #16]
10003994:	2c00      	cmp	r4, #0
10003996:	d1f9      	bne.n	1000398c <__wrap_puts+0x1c>
10003998:	4628      	mov	r0, r5
1000399a:	bd38      	pop	{r3, r4, r5, pc}
1000399c:	6924      	ldr	r4, [r4, #16]
1000399e:	2c00      	cmp	r4, #0
100039a0:	d1f4      	bne.n	1000398c <__wrap_puts+0x1c>
100039a2:	4628      	mov	r0, r5
100039a4:	bd38      	pop	{r3, r4, r5, pc}
100039a6:	bf00      	nop
100039a8:	2000247c 	.word	0x2000247c

100039ac <__wrap_vprintf>:
100039ac:	e92d 41f0 	stmdb	sp!, {r4, r5, r6, r7, r8, lr}
100039b0:	b0a2      	sub	sp, #136	@ 0x88
100039b2:	4604      	mov	r4, r0
100039b4:	460d      	mov	r5, r1
100039b6:	f7fd fed3 	bl	10001760 <time_us_64>
100039ba:	f04f 37ff 	mov.w	r7, #4294967295
100039be:	f06f 4600 	mvn.w	r6, #2147483648	@ 0x80000000
100039c2:	4a26      	ldr	r2, [pc, #152]	@ (10003a5c <__wrap_vprintf+0xb0>)
100039c4:	f8df 80a4 	ldr.w	r8, [pc, #164]	@ 10003a6c <__wrap_vprintf+0xc0>
100039c8:	1882      	adds	r2, r0, r2
100039ca:	f141 0300 	adc.w	r3, r1, #0
100039ce:	4297      	cmp	r7, r2
100039d0:	eb76 0103 	sbcs.w	r1, r6, r3
100039d4:	bf3c      	itt	cc
100039d6:	463a      	movcc	r2, r7
100039d8:	4633      	movcc	r3, r6
100039da:	4821      	ldr	r0, [pc, #132]	@ (10003a60 <__wrap_vprintf+0xb4>)
100039dc:	f005 fb70 	bl	100090c0 <__mutex_try_enter_block_until_veneer>
100039e0:	2700      	movs	r7, #0
100039e2:	462b      	mov	r3, r5
100039e4:	4622      	mov	r2, r4
100039e6:	4606      	mov	r6, r0
100039e8:	a901      	add	r1, sp, #4
100039ea:	481e      	ldr	r0, [pc, #120]	@ (10003a64 <__wrap_vprintf+0xb8>)
100039ec:	9701      	str	r7, [sp, #4]
100039ee:	f7ff fe0b 	bl	10003608 <vfctprintf>
100039f2:	9b01      	ldr	r3, [sp, #4]
100039f4:	4605      	mov	r5, r0
100039f6:	f8d8 4000 	ldr.w	r4, [r8]
100039fa:	b1c3      	cbz	r3, 10003a2e <__wrap_vprintf+0x82>
100039fc:	2c00      	cmp	r4, #0
100039fe:	d02b      	beq.n	10003a58 <__wrap_vprintf+0xac>
10003a00:	4f19      	ldr	r7, [pc, #100]	@ (10003a68 <__wrap_vprintf+0xbc>)
10003a02:	e001      	b.n	10003a08 <__wrap_vprintf+0x5c>
10003a04:	6924      	ldr	r4, [r4, #16]
10003a06:	b174      	cbz	r4, 10003a26 <__wrap_vprintf+0x7a>
10003a08:	6823      	ldr	r3, [r4, #0]
10003a0a:	2b00      	cmp	r3, #0
10003a0c:	d0fa      	beq.n	10003a04 <__wrap_vprintf+0x58>
10003a0e:	683b      	ldr	r3, [r7, #0]
10003a10:	b10b      	cbz	r3, 10003a16 <__wrap_vprintf+0x6a>
10003a12:	42a3      	cmp	r3, r4
10003a14:	d1f6      	bne.n	10003a04 <__wrap_vprintf+0x58>
10003a16:	4620      	mov	r0, r4
10003a18:	9a01      	ldr	r2, [sp, #4]
10003a1a:	a902      	add	r1, sp, #8
10003a1c:	f7ff fe52 	bl	100036c4 <stdio_out_chars_crlf>
10003a20:	6924      	ldr	r4, [r4, #16]
10003a22:	2c00      	cmp	r4, #0
10003a24:	d1f0      	bne.n	10003a08 <__wrap_vprintf+0x5c>
10003a26:	2300      	movs	r3, #0
10003a28:	f8d8 4000 	ldr.w	r4, [r8]
10003a2c:	9301      	str	r3, [sp, #4]
10003a2e:	b12c      	cbz	r4, 10003a3c <__wrap_vprintf+0x90>
10003a30:	6863      	ldr	r3, [r4, #4]
10003a32:	b143      	cbz	r3, 10003a46 <__wrap_vprintf+0x9a>
10003a34:	4798      	blx	r3
10003a36:	6924      	ldr	r4, [r4, #16]
10003a38:	2c00      	cmp	r4, #0
10003a3a:	d1f9      	bne.n	10003a30 <__wrap_vprintf+0x84>
10003a3c:	b92e      	cbnz	r6, 10003a4a <__wrap_vprintf+0x9e>
10003a3e:	4628      	mov	r0, r5
10003a40:	b022      	add	sp, #136	@ 0x88
10003a42:	e8bd 81f0 	ldmia.w	sp!, {r4, r5, r6, r7, r8, pc}
10003a46:	6924      	ldr	r4, [r4, #16]
10003a48:	e7f1      	b.n	10003a2e <__wrap_vprintf+0x82>
10003a4a:	4805      	ldr	r0, [pc, #20]	@ (10003a60 <__wrap_vprintf+0xb4>)
10003a4c:	f005 fb2c 	bl	100090a8 <__mutex_exit_veneer>
10003a50:	4628      	mov	r0, r5
10003a52:	b022      	add	sp, #136	@ 0x88
10003a54:	e8bd 81f0 	ldmia.w	sp!, {r4, r5, r6, r7, r8, pc}
10003a58:	9401      	str	r4, [sp, #4]
10003a5a:	e7ef      	b.n	10003a3c <__wrap_vprintf+0x90>
10003a5c:	000f4240 	.word	0x000f4240
10003a60:	20001b10 	.word	0x20001b10
10003a64:	10003775 	.word	0x10003775
10003a68:	20002488 	.word	0x20002488
10003a6c:	2000247c 	.word	0x2000247c

10003a70 <__wrap_printf>:
10003a70:	b40f      	push	{r0, r1, r2, r3}
10003a72:	b500      	push	{lr}
10003a74:	b083      	sub	sp, #12
10003a76:	a904      	add	r1, sp, #16
10003a78:	f851 0b04 	ldr.w	r0, [r1], #4
10003a7c:	9101      	str	r1, [sp, #4]
10003a7e:	f7ff ff95 	bl	100039ac <__wrap_vprintf>
10003a82:	b003      	add	sp, #12
10003a84:	f85d eb04 	ldr.w	lr, [sp], #4
10003a88:	b004      	add	sp, #16
10003a8a:	4770      	bx	lr

10003a8c <resetd_init>:
10003a8c:	4770      	bx	lr
10003a8e:	bf00      	nop

10003a90 <resetd_reset>:
10003a90:	2200      	movs	r2, #0
10003a92:	4b01      	ldr	r3, [pc, #4]	@ (10003a98 <resetd_reset+0x8>)
10003a94:	701a      	strb	r2, [r3, #0]
10003a96:	4770      	bx	lr
10003a98:	20002a91 	.word	0x20002a91

10003a9c <resetd_open>:
10003a9c:	794b      	ldrb	r3, [r1, #5]
10003a9e:	2bff      	cmp	r3, #255	@ 0xff
10003aa0:	d10b      	bne.n	10003aba <resetd_open+0x1e>
10003aa2:	7988      	ldrb	r0, [r1, #6]
10003aa4:	b948      	cbnz	r0, 10003aba <resetd_open+0x1e>
10003aa6:	79cb      	ldrb	r3, [r1, #7]
10003aa8:	2b01      	cmp	r3, #1
10003aaa:	d107      	bne.n	10003abc <resetd_open+0x20>
10003aac:	2a08      	cmp	r2, #8
10003aae:	d905      	bls.n	10003abc <resetd_open+0x20>
10003ab0:	4b03      	ldr	r3, [pc, #12]	@ (10003ac0 <resetd_open+0x24>)
10003ab2:	788a      	ldrb	r2, [r1, #2]
10003ab4:	2009      	movs	r0, #9
10003ab6:	701a      	strb	r2, [r3, #0]
10003ab8:	4770      	bx	lr
10003aba:	2000      	movs	r0, #0
10003abc:	4770      	bx	lr
10003abe:	bf00      	nop
10003ac0:	20002a91 	.word	0x20002a91

10003ac4 <resetd_xfer_cb>:
10003ac4:	2001      	movs	r0, #1
10003ac6:	4770      	bx	lr

10003ac8 <resetd_control_xfer_cb>:
10003ac8:	2901      	cmp	r1, #1
10003aca:	d001      	beq.n	10003ad0 <resetd_control_xfer_cb+0x8>
10003acc:	2001      	movs	r0, #1
10003ace:	4770      	bx	lr
10003ad0:	b508      	push	{r3, lr}
10003ad2:	4b10      	ldr	r3, [pc, #64]	@ (10003b14 <resetd_control_xfer_cb+0x4c>)
10003ad4:	8891      	ldrh	r1, [r2, #4]
10003ad6:	781b      	ldrb	r3, [r3, #0]
10003ad8:	4299      	cmp	r1, r3
10003ada:	d001      	beq.n	10003ae0 <resetd_control_xfer_cb+0x18>
10003adc:	2000      	movs	r0, #0
10003ade:	bd08      	pop	{r3, pc}
10003ae0:	7853      	ldrb	r3, [r2, #1]
10003ae2:	2b01      	cmp	r3, #1
10003ae4:	d008      	beq.n	10003af8 <resetd_control_xfer_cb+0x30>
10003ae6:	2b02      	cmp	r3, #2
10003ae8:	d1f8      	bne.n	10003adc <resetd_control_xfer_cb+0x14>
10003aea:	2100      	movs	r1, #0
10003aec:	2264      	movs	r2, #100	@ 0x64
10003aee:	4608      	mov	r0, r1
10003af0:	f7fd ff06 	bl	10001900 <watchdog_reboot>
10003af4:	2001      	movs	r0, #1
10003af6:	bd08      	pop	{r3, pc}
10003af8:	8851      	ldrh	r1, [r2, #2]
10003afa:	05cb      	lsls	r3, r1, #23
10003afc:	bf48      	it	mi
10003afe:	0a48      	lsrmi	r0, r1, #9
10003b00:	f3c1 2240 	ubfx	r2, r1, #9, #1
10003b04:	bf58      	it	pl
10003b06:	f04f 30ff 	movpl.w	r0, #4294967295
10003b0a:	f001 017f 	and.w	r1, r1, #127	@ 0x7f
10003b0e:	f7fd ff75 	bl	100019fc <rom_reset_usb_boot_extra>
10003b12:	bf00      	nop
10003b14:	20002a91 	.word	0x20002a91

10003b18 <tud_descriptor_bos_cb>:
10003b18:	4800      	ldr	r0, [pc, #0]	@ (10003b1c <tud_descriptor_bos_cb+0x4>)
10003b1a:	4770      	bx	lr
10003b1c:	100096a4 	.word	0x100096a4

10003b20 <tud_vendor_control_xfer_cb>:
10003b20:	2901      	cmp	r1, #1
10003b22:	d107      	bne.n	10003b34 <tud_vendor_control_xfer_cb+0x14>
10003b24:	7853      	ldrb	r3, [r2, #1]
10003b26:	2b01      	cmp	r3, #1
10003b28:	d102      	bne.n	10003b30 <tud_vendor_control_xfer_cb+0x10>
10003b2a:	8893      	ldrh	r3, [r2, #4]
10003b2c:	2b07      	cmp	r3, #7
10003b2e:	d003      	beq.n	10003b38 <tud_vendor_control_xfer_cb+0x18>
10003b30:	2000      	movs	r0, #0
10003b32:	4770      	bx	lr
10003b34:	2001      	movs	r0, #1
10003b36:	4770      	bx	lr
10003b38:	4611      	mov	r1, r2
10003b3a:	23a6      	movs	r3, #166	@ 0xa6
10003b3c:	4a01      	ldr	r2, [pc, #4]	@ (10003b44 <tud_vendor_control_xfer_cb+0x24>)
10003b3e:	f001 ba39 	b.w	10004fb4 <tud_control_xfer>
10003b42:	bf00      	nop
10003b44:	100095fc 	.word	0x100095fc

10003b48 <usbd_app_driver_get_cb>:
10003b48:	4603      	mov	r3, r0
10003b4a:	2201      	movs	r2, #1
10003b4c:	4801      	ldr	r0, [pc, #4]	@ (10003b54 <usbd_app_driver_get_cb+0xc>)
10003b4e:	701a      	strb	r2, [r3, #0]
10003b50:	4770      	bx	lr
10003b52:	bf00      	nop
10003b54:	100095dc 	.word	0x100095dc

10003b58 <tud_cdc_line_coding_cb>:
10003b58:	b508      	push	{r3, lr}
10003b5a:	680b      	ldr	r3, [r1, #0]
10003b5c:	f5b3 6f96 	cmp.w	r3, #1200	@ 0x4b0
10003b60:	d000      	beq.n	10003b64 <tud_cdc_line_coding_cb+0xc>
10003b62:	bd08      	pop	{r3, pc}
10003b64:	2200      	movs	r2, #0
10003b66:	f04f 30ff 	mov.w	r0, #4294967295
10003b6a:	4611      	mov	r1, r2
10003b6c:	f7fd ff46 	bl	100019fc <rom_reset_usb_boot_extra>

10003b70 <stdio_usb_set_chars_available_callback>:
10003b70:	4a02      	ldr	r2, [pc, #8]	@ (10003b7c <stdio_usb_set_chars_available_callback+0xc>)
10003b72:	4b03      	ldr	r3, [pc, #12]	@ (10003b80 <stdio_usb_set_chars_available_callback+0x10>)
10003b74:	6010      	str	r0, [r2, #0]
10003b76:	6019      	str	r1, [r3, #0]
10003b78:	4770      	bx	lr
10003b7a:	bf00      	nop
10003b7c:	20002418 	.word	0x20002418
10003b80:	2000241c 	.word	0x2000241c

10003b84 <timer_task>:
10003b84:	4b18      	ldr	r3, [pc, #96]	@ (10003be8 <timer_task+0x64>)
10003b86:	b570      	push	{r4, r5, r6, lr}
10003b88:	681a      	ldr	r2, [r3, #0]
10003b8a:	2a00      	cmp	r2, #0
10003b8c:	d028      	beq.n	10003be0 <timer_task+0x5c>
10003b8e:	f3ef 8110 	mrs	r1, PRIMASK
10003b92:	b672      	cpsid	i
10003b94:	e8d2 4fcf 	ldaexb	r4, [r2]
10003b98:	2001      	movs	r0, #1
10003b9a:	2c00      	cmp	r4, #0
10003b9c:	d1fa      	bne.n	10003b94 <timer_task+0x10>
10003b9e:	e8c2 0f44 	strexb	r4, r0, [r2]
10003ba2:	2c00      	cmp	r4, #0
10003ba4:	d1f6      	bne.n	10003b94 <timer_task+0x10>
10003ba6:	f3bf 8f5f 	dmb	sy
10003baa:	2200      	movs	r2, #0
10003bac:	4c0f      	ldr	r4, [pc, #60]	@ (10003bec <timer_task+0x68>)
10003bae:	6818      	ldr	r0, [r3, #0]
10003bb0:	6059      	str	r1, [r3, #4]
10003bb2:	7022      	strb	r2, [r4, #0]
10003bb4:	e8c0 2f8f 	stlb	r2, [r0]
10003bb8:	f381 8810 	msr	PRIMASK, r1
10003bbc:	2400      	movs	r4, #0
10003bbe:	2500      	movs	r5, #0
10003bc0:	4e0b      	ldr	r6, [pc, #44]	@ (10003bf0 <timer_task+0x6c>)
10003bc2:	7830      	ldrb	r0, [r6, #0]
10003bc4:	f7fc ff9c 	bl	10000b00 <irq_is_enabled>
10003bc8:	b920      	cbnz	r0, 10003bd4 <timer_task+0x50>
10003bca:	2400      	movs	r4, #0
10003bcc:	2500      	movs	r5, #0
10003bce:	4620      	mov	r0, r4
10003bd0:	4629      	mov	r1, r5
10003bd2:	bd70      	pop	{r4, r5, r6, pc}
10003bd4:	7830      	ldrb	r0, [r6, #0]
10003bd6:	f7fc ffa3 	bl	10000b20 <irq_set_pending>
10003bda:	4620      	mov	r0, r4
10003bdc:	4629      	mov	r1, r5
10003bde:	bd70      	pop	{r4, r5, r6, pc}
10003be0:	f44f 747a 	mov.w	r4, #1000	@ 0x3e8
10003be4:	2500      	movs	r5, #0
10003be6:	e7eb      	b.n	10003bc0 <timer_task+0x3c>
10003be8:	200028b8 	.word	0x200028b8
10003bec:	20002a93 	.word	0x20002a93
10003bf0:	20002a92 	.word	0x20002a92

10003bf4 <usb_irq>:
10003bf4:	4b01      	ldr	r3, [pc, #4]	@ (10003bfc <usb_irq+0x8>)
10003bf6:	7818      	ldrb	r0, [r3, #0]
10003bf8:	f7fc bf92 	b.w	10000b20 <irq_set_pending>
10003bfc:	20002a92 	.word	0x20002a92

10003c00 <stdio_usb_in_chars>:
10003c00:	b538      	push	{r3, r4, r5, lr}
10003c02:	4604      	mov	r4, r0
10003c04:	2000      	movs	r0, #0
10003c06:	460d      	mov	r5, r1
10003c08:	f001 fb04 	bl	10005214 <tud_cdc_n_connected>
10003c0c:	b3a8      	cbz	r0, 10003c7a <stdio_usb_in_chars+0x7a>
10003c0e:	2000      	movs	r0, #0
10003c10:	f001 fb16 	bl	10005240 <tud_cdc_n_available>
10003c14:	b388      	cbz	r0, 10003c7a <stdio_usb_in_chars+0x7a>
10003c16:	f7fd fda3 	bl	10001760 <time_us_64>
10003c1a:	f04f 3eff 	mov.w	lr, #4294967295
10003c1e:	f06f 4c00 	mvn.w	ip, #2147483648	@ 0x80000000
10003c22:	4a17      	ldr	r2, [pc, #92]	@ (10003c80 <stdio_usb_in_chars+0x80>)
10003c24:	1882      	adds	r2, r0, r2
10003c26:	f141 0300 	adc.w	r3, r1, #0
10003c2a:	4596      	cmp	lr, r2
10003c2c:	eb7c 0103 	sbcs.w	r1, ip, r3
10003c30:	bf3c      	itt	cc
10003c32:	4672      	movcc	r2, lr
10003c34:	4663      	movcc	r3, ip
10003c36:	4813      	ldr	r0, [pc, #76]	@ (10003c84 <stdio_usb_in_chars+0x84>)
10003c38:	f005 fa42 	bl	100090c0 <__mutex_try_enter_block_until_veneer>
10003c3c:	b1e8      	cbz	r0, 10003c7a <stdio_usb_in_chars+0x7a>
10003c3e:	2000      	movs	r0, #0
10003c40:	f001 fae8 	bl	10005214 <tud_cdc_n_connected>
10003c44:	b958      	cbnz	r0, 10003c5e <stdio_usb_in_chars+0x5e>
10003c46:	2100      	movs	r1, #0
10003c48:	f04f 30ff 	mov.w	r0, #4294967295
10003c4c:	f000 fd0a 	bl	10004664 <tud_task_ext>
10003c50:	f06f 0402 	mvn.w	r4, #2
10003c54:	480b      	ldr	r0, [pc, #44]	@ (10003c84 <stdio_usb_in_chars+0x84>)
10003c56:	f005 fa27 	bl	100090a8 <__mutex_exit_veneer>
10003c5a:	4620      	mov	r0, r4
10003c5c:	bd38      	pop	{r3, r4, r5, pc}
10003c5e:	2000      	movs	r0, #0
10003c60:	f001 faee 	bl	10005240 <tud_cdc_n_available>
10003c64:	2800      	cmp	r0, #0
10003c66:	d0ee      	beq.n	10003c46 <stdio_usb_in_chars+0x46>
10003c68:	4621      	mov	r1, r4
10003c6a:	462a      	mov	r2, r5
10003c6c:	2000      	movs	r0, #0
10003c6e:	f001 faf1 	bl	10005254 <tud_cdc_n_read>
10003c72:	4604      	mov	r4, r0
10003c74:	2800      	cmp	r0, #0
10003c76:	d1ed      	bne.n	10003c54 <stdio_usb_in_chars+0x54>
10003c78:	e7ea      	b.n	10003c50 <stdio_usb_in_chars+0x50>
10003c7a:	f06f 0402 	mvn.w	r4, #2
10003c7e:	e7ec      	b.n	10003c5a <stdio_usb_in_chars+0x5a>
10003c80:	000f4240 	.word	0x000f4240
10003c84:	200029a0 	.word	0x200029a0

10003c88 <stdio_usb_out_flush>:
10003c88:	b508      	push	{r3, lr}
10003c8a:	f7fd fd69 	bl	10001760 <time_us_64>
10003c8e:	f04f 3eff 	mov.w	lr, #4294967295
10003c92:	f06f 4c00 	mvn.w	ip, #2147483648	@ 0x80000000
10003c96:	4a0f      	ldr	r2, [pc, #60]	@ (10003cd4 <stdio_usb_out_flush+0x4c>)
10003c98:	1882      	adds	r2, r0, r2
10003c9a:	f141 0300 	adc.w	r3, r1, #0
10003c9e:	4596      	cmp	lr, r2
10003ca0:	eb7c 0103 	sbcs.w	r1, ip, r3
10003ca4:	bf3c      	itt	cc
10003ca6:	4672      	movcc	r2, lr
10003ca8:	4663      	movcc	r3, ip
10003caa:	480b      	ldr	r0, [pc, #44]	@ (10003cd8 <stdio_usb_out_flush+0x50>)
10003cac:	f005 fa08 	bl	100090c0 <__mutex_try_enter_block_until_veneer>
10003cb0:	b170      	cbz	r0, 10003cd0 <stdio_usb_out_flush+0x48>
10003cb2:	f04f 30ff 	mov.w	r0, #4294967295
10003cb6:	2100      	movs	r1, #0
10003cb8:	f000 fcd4 	bl	10004664 <tud_task_ext>
10003cbc:	2000      	movs	r0, #0
10003cbe:	f001 fb11 	bl	100052e4 <tud_cdc_n_write_flush>
10003cc2:	2800      	cmp	r0, #0
10003cc4:	d1f5      	bne.n	10003cb2 <stdio_usb_out_flush+0x2a>
10003cc6:	e8bd 4008 	ldmia.w	sp!, {r3, lr}
10003cca:	4803      	ldr	r0, [pc, #12]	@ (10003cd8 <stdio_usb_out_flush+0x50>)
10003ccc:	f005 b9ec 	b.w	100090a8 <__mutex_exit_veneer>
10003cd0:	bd08      	pop	{r3, pc}
10003cd2:	bf00      	nop
10003cd4:	000f4240 	.word	0x000f4240
10003cd8:	200029a0 	.word	0x200029a0

10003cdc <stdio_usb_out_chars>:
10003cdc:	e92d 43f8 	stmdb	sp!, {r3, r4, r5, r6, r7, r8, r9, lr}
10003ce0:	4680      	mov	r8, r0
10003ce2:	460f      	mov	r7, r1
10003ce4:	f7fd fd3c 	bl	10001760 <time_us_64>
10003ce8:	f04f 35ff 	mov.w	r5, #4294967295
10003cec:	f06f 4400 	mvn.w	r4, #2147483648	@ 0x80000000
10003cf0:	4a33      	ldr	r2, [pc, #204]	@ (10003dc0 <stdio_usb_out_chars+0xe4>)
10003cf2:	1882      	adds	r2, r0, r2
10003cf4:	f141 0300 	adc.w	r3, r1, #0
10003cf8:	4295      	cmp	r5, r2
10003cfa:	eb74 0103 	sbcs.w	r1, r4, r3
10003cfe:	bf3c      	itt	cc
10003d00:	462a      	movcc	r2, r5
10003d02:	4623      	movcc	r3, r4
10003d04:	482f      	ldr	r0, [pc, #188]	@ (10003dc4 <stdio_usb_out_chars+0xe8>)
10003d06:	f005 f9db 	bl	100090c0 <__mutex_try_enter_block_until_veneer>
10003d0a:	b908      	cbnz	r0, 10003d10 <stdio_usb_out_chars+0x34>
10003d0c:	e8bd 83f8 	ldmia.w	sp!, {r3, r4, r5, r6, r7, r8, r9, pc}
10003d10:	2000      	movs	r0, #0
10003d12:	f001 fa7f 	bl	10005214 <tud_cdc_n_connected>
10003d16:	2800      	cmp	r0, #0
10003d18:	d047      	beq.n	10003daa <stdio_usb_out_chars+0xce>
10003d1a:	2f00      	cmp	r7, #0
10003d1c:	dd40      	ble.n	10003da0 <stdio_usb_out_chars+0xc4>
10003d1e:	2500      	movs	r5, #0
10003d20:	f8df 90a8 	ldr.w	r9, [pc, #168]	@ 10003dcc <stdio_usb_out_chars+0xf0>
10003d24:	4e28      	ldr	r6, [pc, #160]	@ (10003dc8 <stdio_usb_out_chars+0xec>)
10003d26:	e013      	b.n	10003d50 <stdio_usb_out_chars+0x74>
10003d28:	4622      	mov	r2, r4
10003d2a:	2000      	movs	r0, #0
10003d2c:	f001 fb20 	bl	10005370 <tud_cdc_n_write>
10003d30:	2100      	movs	r1, #0
10003d32:	4604      	mov	r4, r0
10003d34:	f04f 30ff 	mov.w	r0, #4294967295
10003d38:	f000 fc94 	bl	10004664 <tud_task_ext>
10003d3c:	2000      	movs	r0, #0
10003d3e:	f001 fad1 	bl	100052e4 <tud_cdc_n_write_flush>
10003d42:	f7fd fd0d 	bl	10001760 <time_us_64>
10003d46:	e9c9 0100 	strd	r0, r1, [r9]
10003d4a:	4425      	add	r5, r4
10003d4c:	42af      	cmp	r7, r5
10003d4e:	dd27      	ble.n	10003da0 <stdio_usb_out_chars+0xc4>
10003d50:	2000      	movs	r0, #0
10003d52:	f001 fb2d 	bl	100053b0 <tud_cdc_n_write_available>
10003d56:	1b7c      	subs	r4, r7, r5
10003d58:	4284      	cmp	r4, r0
10003d5a:	bfa8      	it	ge
10003d5c:	4604      	movge	r4, r0
10003d5e:	eb08 0105 	add.w	r1, r8, r5
10003d62:	2c00      	cmp	r4, #0
10003d64:	d1e0      	bne.n	10003d28 <stdio_usb_out_chars+0x4c>
10003d66:	4621      	mov	r1, r4
10003d68:	f04f 30ff 	mov.w	r0, #4294967295
10003d6c:	f000 fc7a 	bl	10004664 <tud_task_ext>
10003d70:	4620      	mov	r0, r4
10003d72:	f001 fab7 	bl	100052e4 <tud_cdc_n_write_flush>
10003d76:	4620      	mov	r0, r4
10003d78:	f001 fa4c 	bl	10005214 <tud_cdc_n_connected>
10003d7c:	b180      	cbz	r0, 10003da0 <stdio_usb_out_chars+0xc4>
10003d7e:	4620      	mov	r0, r4
10003d80:	f001 fb16 	bl	100053b0 <tud_cdc_n_write_available>
10003d84:	2800      	cmp	r0, #0
10003d86:	d1e1      	bne.n	10003d4c <stdio_usb_out_chars+0x70>
10003d88:	f7fd fcea 	bl	10001760 <time_us_64>
10003d8c:	f8d9 3000 	ldr.w	r3, [r9]
10003d90:	f8d9 2004 	ldr.w	r2, [r9, #4]
10003d94:	199b      	adds	r3, r3, r6
10003d96:	f142 0200 	adc.w	r2, r2, #0
10003d9a:	4283      	cmp	r3, r0
10003d9c:	418a      	sbcs	r2, r1
10003d9e:	d2d5      	bcs.n	10003d4c <stdio_usb_out_chars+0x70>
10003da0:	4808      	ldr	r0, [pc, #32]	@ (10003dc4 <stdio_usb_out_chars+0xe8>)
10003da2:	e8bd 43f8 	ldmia.w	sp!, {r3, r4, r5, r6, r7, r8, r9, lr}
10003da6:	f005 b97f 	b.w	100090a8 <__mutex_exit_veneer>
10003daa:	2000      	movs	r0, #0
10003dac:	2100      	movs	r1, #0
10003dae:	4b07      	ldr	r3, [pc, #28]	@ (10003dcc <stdio_usb_out_chars+0xf0>)
10003db0:	e9c3 0100 	strd	r0, r1, [r3]
10003db4:	e8bd 43f8 	ldmia.w	sp!, {r3, r4, r5, r6, r7, r8, r9, lr}
10003db8:	4802      	ldr	r0, [pc, #8]	@ (10003dc4 <stdio_usb_out_chars+0xe8>)
10003dba:	f005 b975 	b.w	100090a8 <__mutex_exit_veneer>
10003dbe:	bf00      	nop
10003dc0:	000f4240 	.word	0x000f4240
10003dc4:	200029a0 	.word	0x200029a0
10003dc8:	0007a120 	.word	0x0007a120
10003dcc:	20001c98 	.word	0x20001c98

10003dd0 <low_priority_worker_irq>:
10003dd0:	b530      	push	{r4, r5, lr}
10003dd2:	2100      	movs	r1, #0
10003dd4:	b085      	sub	sp, #20
10003dd6:	482e      	ldr	r0, [pc, #184]	@ (10003e90 <low_priority_worker_irq+0xc0>)
10003dd8:	f005 f97a 	bl	100090d0 <__mutex_try_enter_veneer>
10003ddc:	b9f0      	cbnz	r0, 10003e1c <low_priority_worker_irq+0x4c>
10003dde:	4b2d      	ldr	r3, [pc, #180]	@ (10003e94 <low_priority_worker_irq+0xc4>)
10003de0:	681a      	ldr	r2, [r3, #0]
10003de2:	b1ca      	cbz	r2, 10003e18 <low_priority_worker_irq+0x48>
10003de4:	f3ef 8110 	mrs	r1, PRIMASK
10003de8:	b672      	cpsid	i
10003dea:	e8d2 5fcf 	ldaexb	r5, [r2]
10003dee:	2401      	movs	r4, #1
10003df0:	2d00      	cmp	r5, #0
10003df2:	d1fa      	bne.n	10003dea <low_priority_worker_irq+0x1a>
10003df4:	e8c2 4f45 	strexb	r5, r4, [r2]
10003df8:	2d00      	cmp	r5, #0
10003dfa:	d1f6      	bne.n	10003dea <low_priority_worker_irq+0x1a>
10003dfc:	f3bf 8f5f 	dmb	sy
10003e00:	4c25      	ldr	r4, [pc, #148]	@ (10003e98 <low_priority_worker_irq+0xc8>)
10003e02:	681d      	ldr	r5, [r3, #0]
10003e04:	7822      	ldrb	r2, [r4, #0]
10003e06:	6059      	str	r1, [r3, #4]
10003e08:	b2d3      	uxtb	r3, r2
10003e0a:	2201      	movs	r2, #1
10003e0c:	7022      	strb	r2, [r4, #0]
10003e0e:	e8c5 0f8f 	stlb	r0, [r5]
10003e12:	f381 8810 	msr	PRIMASK, r1
10003e16:	b1cb      	cbz	r3, 10003e4c <low_priority_worker_irq+0x7c>
10003e18:	b005      	add	sp, #20
10003e1a:	bd30      	pop	{r4, r5, pc}
10003e1c:	2100      	movs	r1, #0
10003e1e:	f04f 30ff 	mov.w	r0, #4294967295
10003e22:	f000 fc1f 	bl	10004664 <tud_task_ext>
10003e26:	2000      	movs	r0, #0
10003e28:	f001 fa0a 	bl	10005240 <tud_cdc_n_available>
10003e2c:	4604      	mov	r4, r0
10003e2e:	4818      	ldr	r0, [pc, #96]	@ (10003e90 <low_priority_worker_irq+0xc0>)
10003e30:	f005 f93a 	bl	100090a8 <__mutex_exit_veneer>
10003e34:	2c00      	cmp	r4, #0
10003e36:	d0ef      	beq.n	10003e18 <low_priority_worker_irq+0x48>
10003e38:	4b18      	ldr	r3, [pc, #96]	@ (10003e9c <low_priority_worker_irq+0xcc>)
10003e3a:	681b      	ldr	r3, [r3, #0]
10003e3c:	2b00      	cmp	r3, #0
10003e3e:	d0eb      	beq.n	10003e18 <low_priority_worker_irq+0x48>
10003e40:	4a17      	ldr	r2, [pc, #92]	@ (10003ea0 <low_priority_worker_irq+0xd0>)
10003e42:	6810      	ldr	r0, [r2, #0]
10003e44:	b005      	add	sp, #20
10003e46:	e8bd 4030 	ldmia.w	sp!, {r4, r5, lr}
10003e4a:	4718      	bx	r3
10003e4c:	f7fd fa80 	bl	10001350 <alarm_pool_get_default>
10003e50:	4604      	mov	r4, r0
10003e52:	f7fd fc85 	bl	10001760 <time_us_64>
10003e56:	f04f 3cff 	mov.w	ip, #4294967295
10003e5a:	f06f 4500 	mvn.w	r5, #2147483648	@ 0x80000000
10003e5e:	f510 727a 	adds.w	r2, r0, #1000	@ 0x3e8
10003e62:	f141 0300 	adc.w	r3, r1, #0
10003e66:	4594      	cmp	ip, r2
10003e68:	eb75 0103 	sbcs.w	r1, r5, r3
10003e6c:	bf38      	it	cc
10003e6e:	462b      	movcc	r3, r5
10003e70:	f04f 0100 	mov.w	r1, #0
10003e74:	f04f 0501 	mov.w	r5, #1
10003e78:	4620      	mov	r0, r4
10003e7a:	4c0a      	ldr	r4, [pc, #40]	@ (10003ea4 <low_priority_worker_irq+0xd4>)
10003e7c:	bf38      	it	cc
10003e7e:	4662      	movcc	r2, ip
10003e80:	e9cd 1501 	strd	r1, r5, [sp, #4]
10003e84:	9400      	str	r4, [sp, #0]
10003e86:	f7fd fa67 	bl	10001358 <alarm_pool_add_alarm_at>
10003e8a:	b005      	add	sp, #20
10003e8c:	bd30      	pop	{r4, r5, pc}
10003e8e:	bf00      	nop
10003e90:	200029a0 	.word	0x200029a0
10003e94:	200028b8 	.word	0x200028b8
10003e98:	20002a93 	.word	0x20002a93
10003e9c:	20002418 	.word	0x20002418
10003ea0:	2000241c 	.word	0x2000241c
10003ea4:	10003b85 	.word	0x10003b85

10003ea8 <stdio_usb_init>:
10003ea8:	f04f 4350 	mov.w	r3, #3489660928	@ 0xd0000000
10003eac:	b530      	push	{r4, r5, lr}
10003eae:	b085      	sub	sp, #20
10003eb0:	681c      	ldr	r4, [r3, #0]
10003eb2:	f7fd fa4d 	bl	10001350 <alarm_pool_get_default>
10003eb6:	f7fd fb61 	bl	1000157c <alarm_pool_core_num>
10003eba:	42a0      	cmp	r0, r4
10003ebc:	d002      	beq.n	10003ec4 <stdio_usb_init+0x1c>
10003ebe:	2000      	movs	r0, #0
10003ec0:	b005      	add	sp, #20
10003ec2:	bd30      	pop	{r4, r5, pc}
10003ec4:	2100      	movs	r1, #0
10003ec6:	4b2a      	ldr	r3, [pc, #168]	@ (10003f70 <stdio_usb_init+0xc8>)
10003ec8:	4608      	mov	r0, r1
10003eca:	781b      	ldrb	r3, [r3, #0]
10003ecc:	f001 fd38 	bl	10005940 <tusb_rhport_init>
10003ed0:	4828      	ldr	r0, [pc, #160]	@ (10003f74 <stdio_usb_init+0xcc>)
10003ed2:	6803      	ldr	r3, [r0, #0]
10003ed4:	2b00      	cmp	r3, #0
10003ed6:	d047      	beq.n	10003f68 <stdio_usb_init+0xc0>
10003ed8:	2001      	movs	r0, #1
10003eda:	f7fc ffbf 	bl	10000e5c <user_irq_claim_unused>
10003ede:	4603      	mov	r3, r0
10003ee0:	4c25      	ldr	r4, [pc, #148]	@ (10003f78 <stdio_usb_init+0xd0>)
10003ee2:	4926      	ldr	r1, [pc, #152]	@ (10003f7c <stdio_usb_init+0xd4>)
10003ee4:	b2c0      	uxtb	r0, r0
10003ee6:	7023      	strb	r3, [r4, #0]
10003ee8:	f7fc fe36 	bl	10000b58 <irq_set_exclusive_handler>
10003eec:	7820      	ldrb	r0, [r4, #0]
10003eee:	2101      	movs	r1, #1
10003ef0:	f7fc fdf0 	bl	10000ad4 <irq_set_enabled>
10003ef4:	200e      	movs	r0, #14
10003ef6:	f7fc fe1f 	bl	10000b38 <irq_has_shared_handler>
10003efa:	bb40      	cbnz	r0, 10003f4e <stdio_usb_init+0xa6>
10003efc:	4b20      	ldr	r3, [pc, #128]	@ (10003f80 <stdio_usb_init+0xd8>)
10003efe:	2501      	movs	r5, #1
10003f00:	e9c3 0000 	strd	r0, r0, [r3]
10003f04:	f7fd fa24 	bl	10001350 <alarm_pool_get_default>
10003f08:	4604      	mov	r4, r0
10003f0a:	f7fd fc29 	bl	10001760 <time_us_64>
10003f0e:	f04f 3eff 	mov.w	lr, #4294967295
10003f12:	f06f 4c00 	mvn.w	ip, #2147483648	@ 0x80000000
10003f16:	f510 727a 	adds.w	r2, r0, #1000	@ 0x3e8
10003f1a:	f141 0300 	adc.w	r3, r1, #0
10003f1e:	4596      	cmp	lr, r2
10003f20:	eb7c 0103 	sbcs.w	r1, ip, r3
10003f24:	f04f 0100 	mov.w	r1, #0
10003f28:	4620      	mov	r0, r4
10003f2a:	4c16      	ldr	r4, [pc, #88]	@ (10003f84 <stdio_usb_init+0xdc>)
10003f2c:	bf3c      	itt	cc
10003f2e:	4672      	movcc	r2, lr
10003f30:	4663      	movcc	r3, ip
10003f32:	e9cd 1501 	strd	r1, r5, [sp, #4]
10003f36:	9400      	str	r4, [sp, #0]
10003f38:	f7fd fa0e 	bl	10001358 <alarm_pool_add_alarm_at>
10003f3c:	2800      	cmp	r0, #0
10003f3e:	dbbe      	blt.n	10003ebe <stdio_usb_init+0x16>
10003f40:	2101      	movs	r1, #1
10003f42:	4811      	ldr	r0, [pc, #68]	@ (10003f88 <stdio_usb_init+0xe0>)
10003f44:	f7ff fcbc 	bl	100038c0 <stdio_set_driver_enabled>
10003f48:	2001      	movs	r0, #1
10003f4a:	b005      	add	sp, #20
10003f4c:	bd30      	pop	{r4, r5, pc}
10003f4e:	2001      	movs	r0, #1
10003f50:	f7fc fd7c 	bl	10000a4c <spin_lock_claim_unused>
10003f54:	4601      	mov	r1, r0
10003f56:	480a      	ldr	r0, [pc, #40]	@ (10003f80 <stdio_usb_init+0xd8>)
10003f58:	f7fc ffdc 	bl	10000f14 <critical_section_init_with_lock_num>
10003f5c:	2200      	movs	r2, #0
10003f5e:	200e      	movs	r0, #14
10003f60:	490a      	ldr	r1, [pc, #40]	@ (10003f8c <stdio_usb_init+0xe4>)
10003f62:	f7fc fe29 	bl	10000bb8 <irq_add_shared_handler>
10003f66:	e7eb      	b.n	10003f40 <stdio_usb_init+0x98>
10003f68:	f7fc ffb8 	bl	10000edc <mutex_init>
10003f6c:	e7b4      	b.n	10003ed8 <stdio_usb_init+0x30>
10003f6e:	bf00      	nop
10003f70:	100097d0 	.word	0x100097d0
10003f74:	200029a0 	.word	0x200029a0
10003f78:	20002a92 	.word	0x20002a92
10003f7c:	10003dd1 	.word	0x10003dd1
10003f80:	200028b8 	.word	0x200028b8
10003f84:	10003b85 	.word	0x10003b85
10003f88:	20001570 	.word	0x20001570
10003f8c:	10003bf5 	.word	0x10003bf5

10003f90 <tud_descriptor_device_cb>:
10003f90:	4800      	ldr	r0, [pc, #0]	@ (10003f94 <tud_descriptor_device_cb+0x4>)
10003f92:	4770      	bx	lr
10003f94:	10009740 	.word	0x10009740

10003f98 <tud_descriptor_configuration_cb>:
10003f98:	4800      	ldr	r0, [pc, #0]	@ (10003f9c <tud_descriptor_configuration_cb+0x4>)
10003f9a:	4770      	bx	lr
10003f9c:	100096ec 	.word	0x100096ec

10003fa0 <tud_descriptor_string_cb>:
10003fa0:	b538      	push	{r3, r4, r5, lr}
10003fa2:	4b18      	ldr	r3, [pc, #96]	@ (10004004 <tud_descriptor_string_cb+0x64>)
10003fa4:	4604      	mov	r4, r0
10003fa6:	781a      	ldrb	r2, [r3, #0]
10003fa8:	b30a      	cbz	r2, 10003fee <tud_descriptor_string_cb+0x4e>
10003faa:	b944      	cbnz	r4, 10003fbe <tud_descriptor_string_cb+0x1e>
10003fac:	f240 4209 	movw	r2, #1033	@ 0x409
10003fb0:	f44f 7341 	mov.w	r3, #772	@ 0x304
10003fb4:	4d14      	ldr	r5, [pc, #80]	@ (10004008 <tud_descriptor_string_cb+0x68>)
10003fb6:	806a      	strh	r2, [r5, #2]
10003fb8:	4813      	ldr	r0, [pc, #76]	@ (10004008 <tud_descriptor_string_cb+0x68>)
10003fba:	802b      	strh	r3, [r5, #0]
10003fbc:	bd38      	pop	{r3, r4, r5, pc}
10003fbe:	2c05      	cmp	r4, #5
10003fc0:	d81d      	bhi.n	10003ffe <tud_descriptor_string_cb+0x5e>
10003fc2:	4b12      	ldr	r3, [pc, #72]	@ (1000400c <tud_descriptor_string_cb+0x6c>)
10003fc4:	4d10      	ldr	r5, [pc, #64]	@ (10004008 <tud_descriptor_string_cb+0x68>)
10003fc6:	f853 1024 	ldr.w	r1, [r3, r4, lsl #2]
10003fca:	4628      	mov	r0, r5
10003fcc:	2300      	movs	r3, #0
10003fce:	3901      	subs	r1, #1
10003fd0:	e003      	b.n	10003fda <tud_descriptor_string_cb+0x3a>
10003fd2:	2b13      	cmp	r3, #19
10003fd4:	f820 2f02 	strh.w	r2, [r0, #2]!
10003fd8:	d00e      	beq.n	10003ff8 <tud_descriptor_string_cb+0x58>
10003fda:	f811 2f01 	ldrb.w	r2, [r1, #1]!
10003fde:	3301      	adds	r3, #1
10003fe0:	b2db      	uxtb	r3, r3
10003fe2:	2a00      	cmp	r2, #0
10003fe4:	d1f5      	bne.n	10003fd2 <tud_descriptor_string_cb+0x32>
10003fe6:	005b      	lsls	r3, r3, #1
10003fe8:	f443 7340 	orr.w	r3, r3, #768	@ 0x300
10003fec:	e7e4      	b.n	10003fb8 <tud_descriptor_string_cb+0x18>
10003fee:	2111      	movs	r1, #17
10003ff0:	4618      	mov	r0, r3
10003ff2:	f000 f825 	bl	10004040 <pico_get_unique_board_id_string>
10003ff6:	e7d8      	b.n	10003faa <tud_descriptor_string_cb+0xa>
10003ff8:	f44f 734a 	mov.w	r3, #808	@ 0x328
10003ffc:	e7dc      	b.n	10003fb8 <tud_descriptor_string_cb+0x18>
10003ffe:	2000      	movs	r0, #0
10004000:	bd38      	pop	{r3, r4, r5, pc}
10004002:	bf00      	nop
10004004:	200029ac 	.word	0x200029ac
10004008:	20002454 	.word	0x20002454
1000400c:	100096d4 	.word	0x100096d4

10004010 <_retrieve_unique_id_on_boot>:
10004010:	b500      	push	{lr}
10004012:	f245 3047 	movw	r0, #21319	@ 0x5347
10004016:	b08b      	sub	sp, #44	@ 0x2c
10004018:	f7fd fce4 	bl	100019e4 <rom_func_lookup>
1000401c:	2201      	movs	r2, #1
1000401e:	4603      	mov	r3, r0
10004020:	2109      	movs	r1, #9
10004022:	a801      	add	r0, sp, #4
10004024:	4798      	blx	r3
10004026:	e9dd 3203 	ldrd	r3, r2, [sp, #12]
1000402a:	4904      	ldr	r1, [pc, #16]	@ (1000403c <_retrieve_unique_id_on_boot+0x2c>)
1000402c:	ba12      	rev	r2, r2
1000402e:	ba1b      	rev	r3, r3
10004030:	e9c1 2300 	strd	r2, r3, [r1]
10004034:	b00b      	add	sp, #44	@ 0x2c
10004036:	f85d fb04 	ldr.w	pc, [sp], #4
1000403a:	bf00      	nop
1000403c:	2000298c 	.word	0x2000298c

10004040 <pico_get_unique_board_id_string>:
10004040:	2901      	cmp	r1, #1
10004042:	f101 33ff 	add.w	r3, r1, #4294967295
10004046:	f000 80b3 	beq.w	100041b0 <pico_get_unique_board_id_string+0x170>
1000404a:	495d      	ldr	r1, [pc, #372]	@ (100041c0 <pico_get_unique_board_id_string+0x180>)
1000404c:	780a      	ldrb	r2, [r1, #0]
1000404e:	ea4f 1c12 	mov.w	ip, r2, lsr #4
10004052:	2a9f      	cmp	r2, #159	@ 0x9f
10004054:	bf8c      	ite	hi
10004056:	f10c 0c37 	addhi.w	ip, ip, #55	@ 0x37
1000405a:	f10c 0c30 	addls.w	ip, ip, #48	@ 0x30
1000405e:	2b01      	cmp	r3, #1
10004060:	f880 c000 	strb.w	ip, [r0]
10004064:	f000 80a7 	beq.w	100041b6 <pico_get_unique_board_id_string+0x176>
10004068:	f002 020f 	and.w	r2, r2, #15
1000406c:	2a09      	cmp	r2, #9
1000406e:	bf8c      	ite	hi
10004070:	3237      	addhi	r2, #55	@ 0x37
10004072:	3230      	addls	r2, #48	@ 0x30
10004074:	2b02      	cmp	r3, #2
10004076:	7042      	strb	r2, [r0, #1]
10004078:	f000 809d 	beq.w	100041b6 <pico_get_unique_board_id_string+0x176>
1000407c:	784a      	ldrb	r2, [r1, #1]
1000407e:	ea4f 1c12 	mov.w	ip, r2, lsr #4
10004082:	2a9f      	cmp	r2, #159	@ 0x9f
10004084:	bf8c      	ite	hi
10004086:	f10c 0c37 	addhi.w	ip, ip, #55	@ 0x37
1000408a:	f10c 0c30 	addls.w	ip, ip, #48	@ 0x30
1000408e:	2b03      	cmp	r3, #3
10004090:	f880 c002 	strb.w	ip, [r0, #2]
10004094:	f000 808f 	beq.w	100041b6 <pico_get_unique_board_id_string+0x176>
10004098:	f002 020f 	and.w	r2, r2, #15
1000409c:	2a09      	cmp	r2, #9
1000409e:	bf8c      	ite	hi
100040a0:	3237      	addhi	r2, #55	@ 0x37
100040a2:	3230      	addls	r2, #48	@ 0x30
100040a4:	2b04      	cmp	r3, #4
100040a6:	70c2      	strb	r2, [r0, #3]
100040a8:	f000 8085 	beq.w	100041b6 <pico_get_unique_board_id_string+0x176>
100040ac:	788a      	ldrb	r2, [r1, #2]
100040ae:	ea4f 1c12 	mov.w	ip, r2, lsr #4
100040b2:	2a9f      	cmp	r2, #159	@ 0x9f
100040b4:	bf8c      	ite	hi
100040b6:	f10c 0c37 	addhi.w	ip, ip, #55	@ 0x37
100040ba:	f10c 0c30 	addls.w	ip, ip, #48	@ 0x30
100040be:	2b05      	cmp	r3, #5
100040c0:	f880 c004 	strb.w	ip, [r0, #4]
100040c4:	d077      	beq.n	100041b6 <pico_get_unique_board_id_string+0x176>
100040c6:	f002 020f 	and.w	r2, r2, #15
100040ca:	2a09      	cmp	r2, #9
100040cc:	bf8c      	ite	hi
100040ce:	3237      	addhi	r2, #55	@ 0x37
100040d0:	3230      	addls	r2, #48	@ 0x30
100040d2:	2b06      	cmp	r3, #6
100040d4:	7142      	strb	r2, [r0, #5]
100040d6:	d06e      	beq.n	100041b6 <pico_get_unique_board_id_string+0x176>
100040d8:	78ca      	ldrb	r2, [r1, #3]
100040da:	ea4f 1c12 	mov.w	ip, r2, lsr #4
100040de:	2a9f      	cmp	r2, #159	@ 0x9f
100040e0:	bf8c      	ite	hi
100040e2:	f10c 0c37 	addhi.w	ip, ip, #55	@ 0x37
100040e6:	f10c 0c30 	addls.w	ip, ip, #48	@ 0x30
100040ea:	2b07      	cmp	r3, #7
100040ec:	f880 c006 	strb.w	ip, [r0, #6]
100040f0:	d061      	beq.n	100041b6 <pico_get_unique_board_id_string+0x176>
100040f2:	f002 020f 	and.w	r2, r2, #15
100040f6:	2a09      	cmp	r2, #9
100040f8:	bf8c      	ite	hi
100040fa:	3237      	addhi	r2, #55	@ 0x37
100040fc:	3230      	addls	r2, #48	@ 0x30
100040fe:	2b08      	cmp	r3, #8
10004100:	71c2      	strb	r2, [r0, #7]
10004102:	d058      	beq.n	100041b6 <pico_get_unique_board_id_string+0x176>
10004104:	790a      	ldrb	r2, [r1, #4]
10004106:	ea4f 1c12 	mov.w	ip, r2, lsr #4
1000410a:	2a9f      	cmp	r2, #159	@ 0x9f
1000410c:	bf8c      	ite	hi
1000410e:	f10c 0c37 	addhi.w	ip, ip, #55	@ 0x37
10004112:	f10c 0c30 	addls.w	ip, ip, #48	@ 0x30
10004116:	2b09      	cmp	r3, #9
10004118:	f880 c008 	strb.w	ip, [r0, #8]
1000411c:	d04b      	beq.n	100041b6 <pico_get_unique_board_id_string+0x176>
1000411e:	f002 020f 	and.w	r2, r2, #15
10004122:	2a09      	cmp	r2, #9
10004124:	bf8c      	ite	hi
10004126:	3237      	addhi	r2, #55	@ 0x37
10004128:	3230      	addls	r2, #48	@ 0x30
1000412a:	2b0a      	cmp	r3, #10
1000412c:	7242      	strb	r2, [r0, #9]
1000412e:	d042      	beq.n	100041b6 <pico_get_unique_board_id_string+0x176>
10004130:	794a      	ldrb	r2, [r1, #5]
10004132:	ea4f 1c12 	mov.w	ip, r2, lsr #4
10004136:	2a9f      	cmp	r2, #159	@ 0x9f
10004138:	bf8c      	ite	hi
1000413a:	f10c 0c37 	addhi.w	ip, ip, #55	@ 0x37
1000413e:	f10c 0c30 	addls.w	ip, ip, #48	@ 0x30
10004142:	2b0b      	cmp	r3, #11
10004144:	f880 c00a 	strb.w	ip, [r0, #10]
10004148:	d035      	beq.n	100041b6 <pico_get_unique_board_id_string+0x176>
1000414a:	f002 020f 	and.w	r2, r2, #15
1000414e:	2a09      	cmp	r2, #9
10004150:	bf8c      	ite	hi
10004152:	3237      	addhi	r2, #55	@ 0x37
10004154:	3230      	addls	r2, #48	@ 0x30
10004156:	2b0c      	cmp	r3, #12
10004158:	72c2      	strb	r2, [r0, #11]
1000415a:	d02c      	beq.n	100041b6 <pico_get_unique_board_id_string+0x176>
1000415c:	798a      	ldrb	r2, [r1, #6]
1000415e:	ea4f 1c12 	mov.w	ip, r2, lsr #4
10004162:	2a9f      	cmp	r2, #159	@ 0x9f
10004164:	bf8c      	ite	hi
10004166:	f10c 0c37 	addhi.w	ip, ip, #55	@ 0x37
1000416a:	f10c 0c30 	addls.w	ip, ip, #48	@ 0x30
1000416e:	2b0d      	cmp	r3, #13
10004170:	f880 c00c 	strb.w	ip, [r0, #12]
10004174:	d01f      	beq.n	100041b6 <pico_get_unique_board_id_string+0x176>
10004176:	f002 020f 	and.w	r2, r2, #15
1000417a:	2a09      	cmp	r2, #9
1000417c:	bf8c      	ite	hi
1000417e:	3237      	addhi	r2, #55	@ 0x37
10004180:	3230      	addls	r2, #48	@ 0x30
10004182:	2b0e      	cmp	r3, #14
10004184:	7342      	strb	r2, [r0, #13]
10004186:	d016      	beq.n	100041b6 <pico_get_unique_board_id_string+0x176>
10004188:	79ca      	ldrb	r2, [r1, #7]
1000418a:	0911      	lsrs	r1, r2, #4
1000418c:	2a9f      	cmp	r2, #159	@ 0x9f
1000418e:	bf8c      	ite	hi
10004190:	3137      	addhi	r1, #55	@ 0x37
10004192:	3130      	addls	r1, #48	@ 0x30
10004194:	2b0f      	cmp	r3, #15
10004196:	7381      	strb	r1, [r0, #14]
10004198:	d00d      	beq.n	100041b6 <pico_get_unique_board_id_string+0x176>
1000419a:	f002 020f 	and.w	r2, r2, #15
1000419e:	2a09      	cmp	r2, #9
100041a0:	bf94      	ite	ls
100041a2:	3230      	addls	r2, #48	@ 0x30
100041a4:	3237      	addhi	r2, #55	@ 0x37
100041a6:	2b10      	cmp	r3, #16
100041a8:	73c2      	strb	r2, [r0, #15]
100041aa:	bf18      	it	ne
100041ac:	3010      	addne	r0, #16
100041ae:	d002      	beq.n	100041b6 <pico_get_unique_board_id_string+0x176>
100041b0:	2300      	movs	r3, #0
100041b2:	7003      	strb	r3, [r0, #0]
100041b4:	4770      	bx	lr
100041b6:	4418      	add	r0, r3
100041b8:	2300      	movs	r3, #0
100041ba:	7003      	strb	r3, [r0, #0]
100041bc:	4770      	bx	lr
100041be:	bf00      	nop
100041c0:	2000298c 	.word	0x2000298c

100041c4 <dcd_init>:
100041c4:	b570      	push	{r4, r5, r6, lr}
100041c6:	f000 f92d 	bl	10004424 <rp2040_usb_init>
100041ca:	230c      	movs	r3, #12
100041cc:	2640      	movs	r6, #64	@ 0x40
100041ce:	4c19      	ldr	r4, [pc, #100]	@ (10004234 <dcd_init+0x70>)
100041d0:	22ff      	movs	r2, #255	@ 0xff
100041d2:	67a3      	str	r3, [r4, #120]	@ 0x78
100041d4:	200e      	movs	r0, #14
100041d6:	4918      	ldr	r1, [pc, #96]	@ (10004238 <dcd_init+0x74>)
100041d8:	f7fc fcee 	bl	10000bb8 <irq_add_shared_handler>
100041dc:	4632      	mov	r2, r6
100041de:	2100      	movs	r1, #0
100041e0:	4816      	ldr	r0, [pc, #88]	@ (1000423c <dcd_init+0x78>)
100041e2:	f004 fcdd 	bl	10008ba0 <memset>
100041e6:	2501      	movs	r5, #1
100041e8:	2300      	movs	r3, #0
100041ea:	2180      	movs	r1, #128	@ 0x80
100041ec:	4813      	ldr	r0, [pc, #76]	@ (1000423c <dcd_init+0x78>)
100041ee:	4a14      	ldr	r2, [pc, #80]	@ (10004240 <dcd_init+0x7c>)
100041f0:	8441      	strh	r1, [r0, #34]	@ 0x22
100041f2:	7045      	strb	r5, [r0, #1]
100041f4:	8306      	strh	r6, [r0, #24]
100041f6:	8706      	strh	r6, [r0, #56]	@ 0x38
100041f8:	6082      	str	r2, [r0, #8]
100041fa:	6043      	str	r3, [r0, #4]
100041fc:	6013      	str	r3, [r2, #0]
100041fe:	f842 3c04 	str.w	r3, [r2, #-4]
10004202:	f880 3021 	strb.w	r3, [r0, #33]	@ 0x21
10004206:	f880 303b 	strb.w	r3, [r0, #59]	@ 0x3b
1000420a:	6243      	str	r3, [r0, #36]	@ 0x24
1000420c:	4b0d      	ldr	r3, [pc, #52]	@ (10004244 <dcd_init+0x80>)
1000420e:	f04f 5600 	mov.w	r6, #536870912	@ 0x20000000
10004212:	60c3      	str	r3, [r0, #12]
10004214:	62c3      	str	r3, [r0, #44]	@ 0x2c
10004216:	3b80      	subs	r3, #128	@ 0x80
10004218:	6283      	str	r3, [r0, #40]	@ 0x28
1000421a:	f004 ff35 	bl	10009088 <__reset_non_control_endpoints_veneer>
1000421e:	f44f 3280 	mov.w	r2, #65536	@ 0x10000
10004222:	4909      	ldr	r1, [pc, #36]	@ (10004248 <dcd_init+0x84>)
10004224:	4b09      	ldr	r3, [pc, #36]	@ (1000424c <dcd_init+0x88>)
10004226:	6425      	str	r5, [r4, #64]	@ 0x40
10004228:	4628      	mov	r0, r5
1000422a:	64e6      	str	r6, [r4, #76]	@ 0x4c
1000422c:	f8c4 1090 	str.w	r1, [r4, #144]	@ 0x90
10004230:	64da      	str	r2, [r3, #76]	@ 0x4c
10004232:	bd70      	pop	{r4, r5, r6, pc}
10004234:	50110000 	.word	0x50110000
10004238:	2000039d 	.word	0x2000039d
1000423c:	20002490 	.word	0x20002490
10004240:	50100084 	.word	0x50100084
10004244:	50100100 	.word	0x50100100
10004248:	0001d010 	.word	0x0001d010
1000424c:	50112000 	.word	0x50112000

10004250 <dcd_int_enable>:
10004250:	2101      	movs	r1, #1
10004252:	200e      	movs	r0, #14
10004254:	f7fc bc3e 	b.w	10000ad4 <irq_set_enabled>

10004258 <dcd_set_address>:
10004258:	2200      	movs	r2, #0
1000425a:	4802      	ldr	r0, [pc, #8]	@ (10004264 <dcd_set_address+0xc>)
1000425c:	4611      	mov	r1, r2
1000425e:	f000 b901 	b.w	10004464 <hw_endpoint_xfer_start>
10004262:	bf00      	nop
10004264:	200024b0 	.word	0x200024b0

10004268 <dcd_sof_enable>:
10004268:	4b04      	ldr	r3, [pc, #16]	@ (1000427c <dcd_sof_enable+0x14>)
1000426a:	7019      	strb	r1, [r3, #0]
1000426c:	b121      	cbz	r1, 10004278 <dcd_sof_enable+0x10>
1000426e:	f44f 3200 	mov.w	r2, #131072	@ 0x20000
10004272:	4b03      	ldr	r3, [pc, #12]	@ (10004280 <dcd_sof_enable+0x18>)
10004274:	f8c3 2090 	str.w	r2, [r3, #144]	@ 0x90
10004278:	4770      	bx	lr
1000427a:	bf00      	nop
1000427c:	20002a8d 	.word	0x20002a8d
10004280:	50112000 	.word	0x50112000

10004284 <dcd_edpt0_status_complete>:
10004284:	780b      	ldrb	r3, [r1, #0]
10004286:	065b      	lsls	r3, r3, #25
10004288:	d102      	bne.n	10004290 <dcd_edpt0_status_complete+0xc>
1000428a:	784b      	ldrb	r3, [r1, #1]
1000428c:	2b05      	cmp	r3, #5
1000428e:	d000      	beq.n	10004292 <dcd_edpt0_status_complete+0xe>
10004290:	4770      	bx	lr
10004292:	884b      	ldrh	r3, [r1, #2]
10004294:	4a01      	ldr	r2, [pc, #4]	@ (1000429c <dcd_edpt0_status_complete+0x18>)
10004296:	b2db      	uxtb	r3, r3
10004298:	6013      	str	r3, [r2, #0]
1000429a:	4770      	bx	lr
1000429c:	50110000 	.word	0x50110000

100042a0 <dcd_edpt_open>:
100042a0:	78cb      	ldrb	r3, [r1, #3]
100042a2:	e92d 41f0 	stmdb	sp!, {r4, r5, r6, r7, r8, lr}
100042a6:	f003 0e03 	and.w	lr, r3, #3
100042aa:	f1be 0f01 	cmp.w	lr, #1
100042ae:	f3c3 0001 	ubfx	r0, r3, #0, #2
100042b2:	d05b      	beq.n	1000436c <dcd_edpt_open+0xcc>
100042b4:	2700      	movs	r7, #0
100042b6:	f891 c002 	ldrb.w	ip, [r1, #2]
100042ba:	4c34      	ldr	r4, [pc, #208]	@ (1000438c <dcd_edpt_open+0xec>)
100042bc:	f00c 027f 	and.w	r2, ip, #127	@ 0x7f
100042c0:	0056      	lsls	r6, r2, #1
100042c2:	8889      	ldrh	r1, [r1, #4]
100042c4:	eb06 13dc 	add.w	r3, r6, ip, lsr #7
100042c8:	eb04 1343 	add.w	r3, r4, r3, lsl #5
100042cc:	ea4f 15dc 	mov.w	r5, ip, lsr #7
100042d0:	76d8      	strb	r0, [r3, #27]
100042d2:	f3c1 010a 	ubfx	r1, r1, #0, #11
100042d6:	f085 0001 	eor.w	r0, r5, #1
100042da:	f883 c002 	strb.w	ip, [r3, #2]
100042de:	8319      	strh	r1, [r3, #24]
100042e0:	7058      	strb	r0, [r3, #1]
100042e2:	70df      	strb	r7, [r3, #3]
100042e4:	00d3      	lsls	r3, r2, #3
100042e6:	bb8d      	cbnz	r5, 1000434c <dcd_edpt_open+0xac>
100042e8:	4829      	ldr	r0, [pc, #164]	@ (10004390 <dcd_edpt_open+0xf0>)
100042ea:	3304      	adds	r3, #4
100042ec:	eb04 1c82 	add.w	ip, r4, r2, lsl #6
100042f0:	eb03 0800 	add.w	r8, r3, r0
100042f4:	f8cc 8008 	str.w	r8, [ip, #8]
100042f8:	501f      	str	r7, [r3, r0]
100042fa:	b382      	cbz	r2, 1000435e <dcd_edpt_open+0xbe>
100042fc:	4b25      	ldr	r3, [pc, #148]	@ (10004394 <dcd_edpt_open+0xf4>)
100042fe:	00d2      	lsls	r2, r2, #3
10004300:	4413      	add	r3, r2
10004302:	f8cc 3004 	str.w	r3, [ip, #4]
10004306:	4b24      	ldr	r3, [pc, #144]	@ (10004398 <dcd_edpt_open+0xf8>)
10004308:	313f      	adds	r1, #63	@ 0x3f
1000430a:	681a      	ldr	r2, [r3, #0]
1000430c:	f021 013f 	bic.w	r1, r1, #63	@ 0x3f
10004310:	f1be 0f02 	cmp.w	lr, #2
10004314:	bf08      	it	eq
10004316:	0049      	lsleq	r1, r1, #1
10004318:	4411      	add	r1, r2
1000431a:	6019      	str	r1, [r3, #0]
1000431c:	4b1f      	ldr	r3, [pc, #124]	@ (1000439c <dcd_edpt_open+0xfc>)
1000431e:	1977      	adds	r7, r6, r5
10004320:	eb04 1747 	add.w	r7, r4, r7, lsl #5
10004324:	4299      	cmp	r1, r3
10004326:	60fa      	str	r2, [r7, #12]
10004328:	d82b      	bhi.n	10004382 <dcd_edpt_open+0xe2>
1000432a:	442e      	add	r6, r5
1000432c:	eb04 1346 	add.w	r3, r4, r6, lsl #5
10004330:	7ed9      	ldrb	r1, [r3, #27]
10004332:	f082 42a0 	eor.w	r2, r2, #1342177280	@ 0x50000000
10004336:	f482 1280 	eor.w	r2, r2, #1048576	@ 0x100000
1000433a:	685b      	ldr	r3, [r3, #4]
1000433c:	ea42 6281 	orr.w	r2, r2, r1, lsl #26
10004340:	f042 4200 	orr.w	r2, r2, #2147483648	@ 0x80000000
10004344:	601a      	str	r2, [r3, #0]
10004346:	2001      	movs	r0, #1
10004348:	e8bd 81f0 	ldmia.w	sp!, {r4, r5, r6, r7, r8, pc}
1000434c:	4810      	ldr	r0, [pc, #64]	@ (10004390 <dcd_edpt_open+0xf0>)
1000434e:	eb04 1c82 	add.w	ip, r4, r2, lsl #6
10004352:	4403      	add	r3, r0
10004354:	f8cc 3028 	str.w	r3, [ip, #40]	@ 0x28
10004358:	f840 7032 	str.w	r7, [r0, r2, lsl #3]
1000435c:	b94a      	cbnz	r2, 10004372 <dcd_edpt_open+0xd2>
1000435e:	2200      	movs	r2, #0
10004360:	490f      	ldr	r1, [pc, #60]	@ (100043a0 <dcd_edpt_open+0x100>)
10004362:	eb04 1345 	add.w	r3, r4, r5, lsl #5
10004366:	60d9      	str	r1, [r3, #12]
10004368:	605a      	str	r2, [r3, #4]
1000436a:	e7ec      	b.n	10004346 <dcd_edpt_open+0xa6>
1000436c:	2000      	movs	r0, #0
1000436e:	e8bd 81f0 	ldmia.w	sp!, {r4, r5, r6, r7, r8, pc}
10004372:	00d2      	lsls	r2, r2, #3
10004374:	f102 42a0 	add.w	r2, r2, #1342177280	@ 0x50000000
10004378:	f502 1280 	add.w	r2, r2, #1048576	@ 0x100000
1000437c:	f8cc 2024 	str.w	r2, [ip, #36]	@ 0x24
10004380:	e7c1      	b.n	10004306 <dcd_edpt_open+0x66>
10004382:	f7fd fb7b 	bl	10001a7c <hard_assertion_failure>
10004386:	68fa      	ldr	r2, [r7, #12]
10004388:	e7cf      	b.n	1000432a <dcd_edpt_open+0x8a>
1000438a:	bf00      	nop
1000438c:	20002490 	.word	0x20002490
10004390:	50100080 	.word	0x50100080
10004394:	50100004 	.word	0x50100004
10004398:	2000289c 	.word	0x2000289c
1000439c:	50100fff 	.word	0x50100fff
100043a0:	50100100 	.word	0x50100100

100043a4 <dcd_edpt_close_all>:
100043a4:	f004 be70 	b.w	10009088 <__reset_non_control_endpoints_veneer>

100043a8 <dcd_edpt_xfer>:
100043a8:	468c      	mov	ip, r1
100043aa:	b508      	push	{r3, lr}
100043ac:	4611      	mov	r1, r2
100043ae:	4807      	ldr	r0, [pc, #28]	@ (100043cc <dcd_edpt_xfer+0x24>)
100043b0:	461a      	mov	r2, r3
100043b2:	f00c 037f 	and.w	r3, ip, #127	@ 0x7f
100043b6:	ea4f 1cdc 	mov.w	ip, ip, lsr #7
100043ba:	eb0c 0c43 	add.w	ip, ip, r3, lsl #1
100043be:	eb00 104c 	add.w	r0, r0, ip, lsl #5
100043c2:	f000 f84f 	bl	10004464 <hw_endpoint_xfer_start>
100043c6:	2001      	movs	r0, #1
100043c8:	bd08      	pop	{r3, pc}
100043ca:	bf00      	nop
100043cc:	20002490 	.word	0x20002490

100043d0 <dcd_edpt_stall>:
100043d0:	f011 027f 	ands.w	r2, r1, #127	@ 0x7f
100043d4:	d105      	bne.n	100043e2 <dcd_edpt_stall+0x12>
100043d6:	2900      	cmp	r1, #0
100043d8:	bf0c      	ite	eq
100043da:	2002      	moveq	r0, #2
100043dc:	2001      	movne	r0, #1
100043de:	4b06      	ldr	r3, [pc, #24]	@ (100043f8 <dcd_edpt_stall+0x28>)
100043e0:	6698      	str	r0, [r3, #104]	@ 0x68
100043e2:	09c9      	lsrs	r1, r1, #7
100043e4:	4b05      	ldr	r3, [pc, #20]	@ (100043fc <dcd_edpt_stall+0x2c>)
100043e6:	eb01 0042 	add.w	r0, r1, r2, lsl #1
100043ea:	eb03 1040 	add.w	r0, r3, r0, lsl #5
100043ee:	f44f 6200 	mov.w	r2, #2048	@ 0x800
100043f2:	2100      	movs	r1, #0
100043f4:	f004 be60 	b.w	100090b8 <___hw_endpoint_buffer_control_update32_veneer>
100043f8:	50112000 	.word	0x50112000
100043fc:	20002490 	.word	0x20002490

10004400 <dcd_edpt_clear_stall>:
10004400:	f011 037f 	ands.w	r3, r1, #127	@ 0x7f
10004404:	d100      	bne.n	10004408 <dcd_edpt_clear_stall+0x8>
10004406:	4770      	bx	lr
10004408:	2200      	movs	r2, #0
1000440a:	4805      	ldr	r0, [pc, #20]	@ (10004420 <dcd_edpt_clear_stall+0x20>)
1000440c:	005b      	lsls	r3, r3, #1
1000440e:	eb03 13d1 	add.w	r3, r3, r1, lsr #7
10004412:	eb00 1043 	add.w	r0, r0, r3, lsl #5
10004416:	f46f 6100 	mvn.w	r1, #2048	@ 0x800
1000441a:	70c2      	strb	r2, [r0, #3]
1000441c:	f004 be4c 	b.w	100090b8 <___hw_endpoint_buffer_control_update32_veneer>
10004420:	20002490 	.word	0x20002490

10004424 <rp2040_usb_init>:
10004424:	f04f 5280 	mov.w	r2, #268435456	@ 0x10000000
10004428:	4809      	ldr	r0, [pc, #36]	@ (10004450 <rp2040_usb_init+0x2c>)
1000442a:	490a      	ldr	r1, [pc, #40]	@ (10004454 <rp2040_usb_init+0x30>)
1000442c:	b508      	push	{r3, lr}
1000442e:	4b0a      	ldr	r3, [pc, #40]	@ (10004458 <rp2040_usb_init+0x34>)
10004430:	6002      	str	r2, [r0, #0]
10004432:	600a      	str	r2, [r1, #0]
10004434:	6899      	ldr	r1, [r3, #8]
10004436:	43c9      	mvns	r1, r1
10004438:	f011 5180 	ands.w	r1, r1, #268435456	@ 0x10000000
1000443c:	d1fa      	bne.n	10004434 <rp2040_usb_init+0x10>
1000443e:	f44f 5280 	mov.w	r2, #4096	@ 0x1000
10004442:	4806      	ldr	r0, [pc, #24]	@ (1000445c <rp2040_usb_init+0x38>)
10004444:	f004 fbac 	bl	10008ba0 <memset>
10004448:	2209      	movs	r2, #9
1000444a:	4b05      	ldr	r3, [pc, #20]	@ (10004460 <rp2040_usb_init+0x3c>)
1000444c:	675a      	str	r2, [r3, #116]	@ 0x74
1000444e:	bd08      	pop	{r3, pc}
10004450:	40022000 	.word	0x40022000
10004454:	40023000 	.word	0x40023000
10004458:	40020000 	.word	0x40020000
1000445c:	50100000 	.word	0x50100000
10004460:	50110000 	.word	0x50110000

10004464 <hw_endpoint_xfer_start>:
10004464:	2300      	movs	r3, #0
10004466:	f04f 0c01 	mov.w	ip, #1
1000446a:	b510      	push	{r4, lr}
1000446c:	f880 c01a 	strb.w	ip, [r0, #26]
10004470:	8282      	strh	r2, [r0, #20]
10004472:	82c3      	strh	r3, [r0, #22]
10004474:	6101      	str	r1, [r0, #16]
10004476:	4604      	mov	r4, r0
10004478:	f004 fe1a 	bl	100090b0 <__e15_is_bulkin_ep_veneer>
1000447c:	b120      	cbz	r0, 10004488 <hw_endpoint_xfer_start+0x24>
1000447e:	f44f 3200 	mov.w	r2, #131072	@ 0x20000
10004482:	4b07      	ldr	r3, [pc, #28]	@ (100044a0 <hw_endpoint_xfer_start+0x3c>)
10004484:	f8c3 2090 	str.w	r2, [r3, #144]	@ 0x90
10004488:	4620      	mov	r0, r4
1000448a:	f004 fe1d 	bl	100090c8 <__e15_is_critical_frame_period_veneer>
1000448e:	b110      	cbz	r0, 10004496 <hw_endpoint_xfer_start+0x32>
10004490:	2301      	movs	r3, #1
10004492:	7723      	strb	r3, [r4, #28]
10004494:	bd10      	pop	{r4, pc}
10004496:	4620      	mov	r0, r4
10004498:	e8bd 4010 	ldmia.w	sp!, {r4, lr}
1000449c:	f004 bdf8 	b.w	10009090 <__hw_endpoint_start_next_buffer_veneer>
100044a0:	50112000 	.word	0x50112000

100044a4 <configuration_reset>:
100044a4:	e92d 41f0 	stmdb	sp!, {r4, r5, r6, r7, r8, lr}
100044a8:	2400      	movs	r4, #0
100044aa:	4e1d      	ldr	r6, [pc, #116]	@ (10004520 <configuration_reset+0x7c>)
100044ac:	4605      	mov	r5, r0
100044ae:	4623      	mov	r3, r4
100044b0:	7832      	ldrb	r2, [r6, #0]
100044b2:	f8df 8078 	ldr.w	r8, [pc, #120]	@ 1000452c <configuration_reset+0x88>
100044b6:	4f1b      	ldr	r7, [pc, #108]	@ (10004524 <configuration_reset+0x80>)
100044b8:	e00d      	b.n	100044d6 <configuration_reset+0x32>
100044ba:	683b      	ldr	r3, [r7, #0]
100044bc:	eb13 1344 	adds.w	r3, r3, r4, lsl #5
100044c0:	d024      	beq.n	1000450c <configuration_reset+0x68>
100044c2:	68db      	ldr	r3, [r3, #12]
100044c4:	4628      	mov	r0, r5
100044c6:	4798      	blx	r3
100044c8:	7832      	ldrb	r2, [r6, #0]
100044ca:	3401      	adds	r4, #1
100044cc:	b2e4      	uxtb	r4, r4
100044ce:	1c51      	adds	r1, r2, #1
100044d0:	42a1      	cmp	r1, r4
100044d2:	4623      	mov	r3, r4
100044d4:	db06      	blt.n	100044e4 <configuration_reset+0x40>
100044d6:	42a2      	cmp	r2, r4
100044d8:	eba3 0302 	sub.w	r3, r3, r2
100044dc:	d8ed      	bhi.n	100044ba <configuration_reset+0x16>
100044de:	eb08 1343 	add.w	r3, r8, r3, lsl #5
100044e2:	e7ee      	b.n	100044c2 <configuration_reset+0x1e>
100044e4:	2254      	movs	r2, #84	@ 0x54
100044e6:	2100      	movs	r1, #0
100044e8:	480f      	ldr	r0, [pc, #60]	@ (10004528 <configuration_reset+0x84>)
100044ea:	f004 fb59 	bl	10008ba0 <memset>
100044ee:	f04f 33ff 	mov.w	r3, #4294967295
100044f2:	480d      	ldr	r0, [pc, #52]	@ (10004528 <configuration_reset+0x84>)
100044f4:	2220      	movs	r2, #32
100044f6:	1d04      	adds	r4, r0, #4
100044f8:	6043      	str	r3, [r0, #4]
100044fa:	e9c4 3301 	strd	r3, r3, [r4, #4]
100044fe:	60e3      	str	r3, [r4, #12]
10004500:	21ff      	movs	r1, #255	@ 0xff
10004502:	e8bd 41f0 	ldmia.w	sp!, {r4, r5, r6, r7, r8, lr}
10004506:	3014      	adds	r0, #20
10004508:	f004 bb4a 	b.w	10008ba0 <memset>
1000450c:	f04f 23e0 	mov.w	r3, #3758153728	@ 0xe000e000
10004510:	f8d3 3df0 	ldr.w	r3, [r3, #3568]	@ 0xdf0
10004514:	07db      	lsls	r3, r3, #31
10004516:	d500      	bpl.n	1000451a <configuration_reset+0x76>
10004518:	be00      	bkpt	0x0000
1000451a:	e8bd 81f0 	ldmia.w	sp!, {r4, r5, r6, r7, r8, pc}
1000451e:	bf00      	nop
10004520:	20002a8c 	.word	0x20002a8c
10004524:	20001e60 	.word	0x20001e60
10004528:	20002030 	.word	0x20002030
1000452c:	10009754 	.word	0x10009754

10004530 <tud_event_hook_cb>:
10004530:	4770      	bx	lr
10004532:	bf00      	nop

10004534 <tud_sof_cb>:
10004534:	4770      	bx	lr
10004536:	bf00      	nop

10004538 <tud_descriptor_device_qualifier_cb>:
10004538:	2000      	movs	r0, #0
1000453a:	4770      	bx	lr

1000453c <tud_descriptor_other_speed_configuration_cb>:
1000453c:	2000      	movs	r0, #0
1000453e:	4770      	bx	lr

10004540 <tud_mount_cb>:
10004540:	4770      	bx	lr
10004542:	bf00      	nop

10004544 <tud_umount_cb>:
10004544:	4770      	bx	lr
10004546:	bf00      	nop

10004548 <tud_suspend_cb>:
10004548:	4770      	bx	lr
1000454a:	bf00      	nop

1000454c <tud_resume_cb>:
1000454c:	4770      	bx	lr
1000454e:	bf00      	nop

10004550 <tud_mounted>:
10004550:	4b02      	ldr	r3, [pc, #8]	@ (1000455c <tud_mounted+0xc>)
10004552:	7858      	ldrb	r0, [r3, #1]
10004554:	3800      	subs	r0, #0
10004556:	bf18      	it	ne
10004558:	2001      	movne	r0, #1
1000455a:	4770      	bx	lr
1000455c:	20002030 	.word	0x20002030

10004560 <tud_suspended>:
10004560:	4b02      	ldr	r3, [pc, #8]	@ (1000456c <tud_suspended+0xc>)
10004562:	7818      	ldrb	r0, [r3, #0]
10004564:	f3c0 0080 	ubfx	r0, r0, #2, #1
10004568:	4770      	bx	lr
1000456a:	bf00      	nop
1000456c:	20002030 	.word	0x20002030

10004570 <tud_rhport_init>:
10004570:	e92d 47f0 	stmdb	sp!, {r4, r5, r6, r7, r8, r9, sl, lr}
10004574:	f8df a0e4 	ldr.w	sl, [pc, #228]	@ 1000465c <tud_rhport_init+0xec>
10004578:	f89a 3000 	ldrb.w	r3, [sl]
1000457c:	2bff      	cmp	r3, #255	@ 0xff
1000457e:	d156      	bne.n	1000462e <tud_rhport_init+0xbe>
10004580:	460e      	mov	r6, r1
10004582:	2900      	cmp	r1, #0
10004584:	d03e      	beq.n	10004604 <tud_rhport_init+0x94>
10004586:	2100      	movs	r1, #0
10004588:	2254      	movs	r2, #84	@ 0x54
1000458a:	4607      	mov	r7, r0
1000458c:	4829      	ldr	r0, [pc, #164]	@ (10004634 <tud_rhport_init+0xc4>)
1000458e:	f004 fb07 	bl	10008ba0 <memset>
10004592:	2200      	movs	r2, #0
10004594:	4c28      	ldr	r4, [pc, #160]	@ (10004638 <tud_rhport_init+0xc8>)
10004596:	4b29      	ldr	r3, [pc, #164]	@ (1000463c <tud_rhport_init+0xcc>)
10004598:	4620      	mov	r0, r4
1000459a:	701a      	strb	r2, [r3, #0]
1000459c:	f7fc fc9e 	bl	10000edc <mutex_init>
100045a0:	4b27      	ldr	r3, [pc, #156]	@ (10004640 <tud_rhport_init+0xd0>)
100045a2:	4828      	ldr	r0, [pc, #160]	@ (10004644 <tud_rhport_init+0xd4>)
100045a4:	601c      	str	r4, [r3, #0]
100045a6:	4c28      	ldr	r4, [pc, #160]	@ (10004648 <tud_rhport_init+0xd8>)
100045a8:	f7fc fca6 	bl	10000ef8 <critical_section_init>
100045ac:	4620      	mov	r0, r4
100045ae:	f001 fdab 	bl	10006108 <tu_fifo_clear>
100045b2:	4a26      	ldr	r2, [pc, #152]	@ (1000464c <tud_rhport_init+0xdc>)
100045b4:	4b26      	ldr	r3, [pc, #152]	@ (10004650 <tud_rhport_init+0xe0>)
100045b6:	6014      	str	r4, [r2, #0]
100045b8:	b123      	cbz	r3, 100045c4 <tud_rhport_init+0x54>
100045ba:	4826      	ldr	r0, [pc, #152]	@ (10004654 <tud_rhport_init+0xe4>)
100045bc:	f7ff fac4 	bl	10003b48 <usbd_app_driver_get_cb>
100045c0:	4b25      	ldr	r3, [pc, #148]	@ (10004658 <tud_rhport_init+0xe8>)
100045c2:	6018      	str	r0, [r3, #0]
100045c4:	2400      	movs	r4, #0
100045c6:	4d23      	ldr	r5, [pc, #140]	@ (10004654 <tud_rhport_init+0xe4>)
100045c8:	4623      	mov	r3, r4
100045ca:	782a      	ldrb	r2, [r5, #0]
100045cc:	f8df 9090 	ldr.w	r9, [pc, #144]	@ 10004660 <tud_rhport_init+0xf0>
100045d0:	f8df 8084 	ldr.w	r8, [pc, #132]	@ 10004658 <tud_rhport_init+0xe8>
100045d4:	e00e      	b.n	100045f4 <tud_rhport_init+0x84>
100045d6:	f8d8 3000 	ldr.w	r3, [r8]
100045da:	eb13 1344 	adds.w	r3, r3, r4, lsl #5
100045de:	d011      	beq.n	10004604 <tud_rhport_init+0x94>
100045e0:	685b      	ldr	r3, [r3, #4]
100045e2:	b17b      	cbz	r3, 10004604 <tud_rhport_init+0x94>
100045e4:	4798      	blx	r3
100045e6:	782a      	ldrb	r2, [r5, #0]
100045e8:	3401      	adds	r4, #1
100045ea:	b2e4      	uxtb	r4, r4
100045ec:	1c51      	adds	r1, r2, #1
100045ee:	42a1      	cmp	r1, r4
100045f0:	4623      	mov	r3, r4
100045f2:	db11      	blt.n	10004618 <tud_rhport_init+0xa8>
100045f4:	42a2      	cmp	r2, r4
100045f6:	d8ee      	bhi.n	100045d6 <tud_rhport_init+0x66>
100045f8:	1a9b      	subs	r3, r3, r2
100045fa:	eb09 1343 	add.w	r3, r9, r3, lsl #5
100045fe:	685b      	ldr	r3, [r3, #4]
10004600:	2b00      	cmp	r3, #0
10004602:	d1ef      	bne.n	100045e4 <tud_rhport_init+0x74>
10004604:	f04f 23e0 	mov.w	r3, #3758153728	@ 0xe000e000
10004608:	f8d3 3df0 	ldr.w	r3, [r3, #3568]	@ 0xdf0
1000460c:	07db      	lsls	r3, r3, #31
1000460e:	d500      	bpl.n	10004612 <tud_rhport_init+0xa2>
10004610:	be00      	bkpt	0x0000
10004612:	2000      	movs	r0, #0
10004614:	e8bd 87f0 	ldmia.w	sp!, {r4, r5, r6, r7, r8, r9, sl, pc}
10004618:	4631      	mov	r1, r6
1000461a:	4638      	mov	r0, r7
1000461c:	f88a 7000 	strb.w	r7, [sl]
10004620:	f7ff fdd0 	bl	100041c4 <dcd_init>
10004624:	2800      	cmp	r0, #0
10004626:	d0ed      	beq.n	10004604 <tud_rhport_init+0x94>
10004628:	4638      	mov	r0, r7
1000462a:	f7ff fe11 	bl	10004250 <dcd_int_enable>
1000462e:	2001      	movs	r0, #1
10004630:	e8bd 87f0 	ldmia.w	sp!, {r4, r5, r6, r7, r8, r9, sl, pc}
10004634:	20002030 	.word	0x20002030
10004638:	20002028 	.word	0x20002028
1000463c:	20002a8e 	.word	0x20002a8e
10004640:	20002084 	.word	0x20002084
10004644:	2000159c 	.word	0x2000159c
10004648:	20001588 	.word	0x20001588
1000464c:	20002088 	.word	0x20002088
10004650:	10003b49 	.word	0x10003b49
10004654:	20002a8c 	.word	0x20002a8c
10004658:	20001e60 	.word	0x20001e60
1000465c:	200015a4 	.word	0x200015a4
10004660:	10009754 	.word	0x10009754

10004664 <tud_task_ext>:
10004664:	e92d 4ff0 	stmdb	sp!, {r4, r5, r6, r7, r8, r9, sl, fp, lr}
10004668:	f8df 92c8 	ldr.w	r9, [pc, #712]	@ 10004934 <tud_task_ext+0x2d0>
1000466c:	b08b      	sub	sp, #44	@ 0x2c
1000466e:	f899 3000 	ldrb.w	r3, [r9]
10004672:	2bff      	cmp	r3, #255	@ 0xff
10004674:	f000 80f1 	beq.w	1000485a <tud_task_ext+0x1f6>
10004678:	4ca8      	ldr	r4, [pc, #672]	@ (1000491c <tud_task_ext+0x2b8>)
1000467a:	4da9      	ldr	r5, [pc, #676]	@ (10004920 <tud_task_ext+0x2bc>)
1000467c:	f8df a2b0 	ldr.w	sl, [pc, #688]	@ 10004930 <tud_task_ext+0x2cc>
10004680:	f8df b2b4 	ldr.w	fp, [pc, #692]	@ 10004938 <tud_task_ext+0x2d4>
10004684:	6826      	ldr	r6, [r4, #0]
10004686:	6973      	ldr	r3, [r6, #20]
10004688:	f3ef 8210 	mrs	r2, PRIMASK
1000468c:	b672      	cpsid	i
1000468e:	e8d3 0fcf 	ldaexb	r0, [r3]
10004692:	2101      	movs	r1, #1
10004694:	2800      	cmp	r0, #0
10004696:	d1fa      	bne.n	1000468e <tud_task_ext+0x2a>
10004698:	e8c3 1f40 	strexb	r0, r1, [r3]
1000469c:	2800      	cmp	r0, #0
1000469e:	d1f6      	bne.n	1000468e <tud_task_ext+0x2a>
100046a0:	f3bf 8f5f 	dmb	sy
100046a4:	61b2      	str	r2, [r6, #24]
100046a6:	4630      	mov	r0, r6
100046a8:	a907      	add	r1, sp, #28
100046aa:	f001 fb77 	bl	10005d9c <tu_fifo_read>
100046ae:	2300      	movs	r3, #0
100046b0:	6972      	ldr	r2, [r6, #20]
100046b2:	e8c2 3f8f 	stlb	r3, [r2]
100046b6:	69b3      	ldr	r3, [r6, #24]
100046b8:	f383 8810 	msr	PRIMASK, r3
100046bc:	2800      	cmp	r0, #0
100046be:	f000 80cc 	beq.w	1000485a <tud_task_ext+0x1f6>
100046c2:	f89d 301d 	ldrb.w	r3, [sp, #29]
100046c6:	3b01      	subs	r3, #1
100046c8:	2b07      	cmp	r3, #7
100046ca:	f200 837d 	bhi.w	10004dc8 <tud_task_ext+0x764>
100046ce:	e8df f003 	tbb	[pc, r3]
100046d2:	b1a7      	.short	0xb1a7
100046d4:	358e9d95 	.word	0x358e9d95
100046d8:	040a      	.short	0x040a
100046da:	9b08      	ldr	r3, [sp, #32]
100046dc:	2b00      	cmp	r3, #0
100046de:	d0d1      	beq.n	10004684 <tud_task_ext+0x20>
100046e0:	9809      	ldr	r0, [sp, #36]	@ 0x24
100046e2:	4798      	blx	r3
100046e4:	e7ce      	b.n	10004684 <tud_task_ext+0x20>
100046e6:	f89d 1020 	ldrb.w	r1, [sp, #32]
100046ea:	f001 067f 	and.w	r6, r1, #127	@ 0x7f
100046ee:	eb05 0046 	add.w	r0, r5, r6, lsl #1
100046f2:	eb00 10d1 	add.w	r0, r0, r1, lsr #7
100046f6:	f890 3034 	ldrb.w	r3, [r0, #52]	@ 0x34
100046fa:	f023 0301 	bic.w	r3, r3, #1
100046fe:	f880 3034 	strb.w	r3, [r0, #52]	@ 0x34
10004702:	f890 3034 	ldrb.w	r3, [r0, #52]	@ 0x34
10004706:	f023 0304 	bic.w	r3, r3, #4
1000470a:	f880 3034 	strb.w	r3, [r0, #52]	@ 0x34
1000470e:	2e00      	cmp	r6, #0
10004710:	f000 80a6 	beq.w	10004860 <tud_task_ext+0x1fc>
10004714:	7d03      	ldrb	r3, [r0, #20]
10004716:	f89a 2000 	ldrb.w	r2, [sl]
1000471a:	4293      	cmp	r3, r2
1000471c:	f080 8093 	bcs.w	10004846 <tud_task_ext+0x1e2>
10004720:	4a80      	ldr	r2, [pc, #512]	@ (10004924 <tud_task_ext+0x2c0>)
10004722:	6812      	ldr	r2, [r2, #0]
10004724:	eb12 1343 	adds.w	r3, r2, r3, lsl #5
10004728:	f000 8090 	beq.w	1000484c <tud_task_ext+0x1e8>
1000472c:	699e      	ldr	r6, [r3, #24]
1000472e:	f89d 2021 	ldrb.w	r2, [sp, #33]	@ 0x21
10004732:	9b09      	ldr	r3, [sp, #36]	@ 0x24
10004734:	f89d 001c 	ldrb.w	r0, [sp, #28]
10004738:	47b0      	blx	r6
1000473a:	e7a3      	b.n	10004684 <tud_task_ext+0x20>
1000473c:	f89b 3000 	ldrb.w	r3, [fp]
10004740:	2b00      	cmp	r3, #0
10004742:	f000 8083 	beq.w	1000484c <tud_task_ext+0x1e8>
10004746:	f89b 3000 	ldrb.w	r3, [fp]
1000474a:	3b01      	subs	r3, #1
1000474c:	b2db      	uxtb	r3, r3
1000474e:	f88b 3000 	strb.w	r3, [fp]
10004752:	f89b 3000 	ldrb.w	r3, [fp]
10004756:	f003 00ff 	and.w	r0, r3, #255	@ 0xff
1000475a:	2b00      	cmp	r3, #0
1000475c:	d192      	bne.n	10004684 <tud_task_ext+0x20>
1000475e:	4f70      	ldr	r7, [pc, #448]	@ (10004920 <tud_task_ext+0x2bc>)
10004760:	f89d 801c 	ldrb.w	r8, [sp, #28]
10004764:	783b      	ldrb	r3, [r7, #0]
10004766:	f043 0301 	orr.w	r3, r3, #1
1000476a:	703b      	strb	r3, [r7, #0]
1000476c:	f897 3034 	ldrb.w	r3, [r7, #52]	@ 0x34
10004770:	f360 0300 	bfi	r3, r0, #0, #1
10004774:	f887 3034 	strb.w	r3, [r7, #52]	@ 0x34
10004778:	f897 3034 	ldrb.w	r3, [r7, #52]	@ 0x34
1000477c:	f360 0382 	bfi	r3, r0, #2, #1
10004780:	f887 3034 	strb.w	r3, [r7, #52]	@ 0x34
10004784:	f897 3035 	ldrb.w	r3, [r7, #53]	@ 0x35
10004788:	f360 0300 	bfi	r3, r0, #0, #1
1000478c:	f887 3035 	strb.w	r3, [r7, #53]	@ 0x35
10004790:	f897 3035 	ldrb.w	r3, [r7, #53]	@ 0x35
10004794:	f360 0382 	bfi	r3, r0, #2, #1
10004798:	f887 3035 	strb.w	r3, [r7, #53]	@ 0x35
1000479c:	f000 fc6c 	bl	10005078 <usbd_control_set_complete_callback>
100047a0:	f89d 3020 	ldrb.w	r3, [sp, #32]
100047a4:	f003 0260 	and.w	r2, r3, #96	@ 0x60
100047a8:	2a60      	cmp	r2, #96	@ 0x60
100047aa:	d06c      	beq.n	10004886 <tud_task_ext+0x222>
100047ac:	2a40      	cmp	r2, #64	@ 0x40
100047ae:	d07c      	beq.n	100048aa <tud_task_ext+0x246>
100047b0:	f003 031f 	and.w	r3, r3, #31
100047b4:	2b01      	cmp	r3, #1
100047b6:	f000 80c1 	beq.w	1000493c <tud_task_ext+0x2d8>
100047ba:	2b02      	cmp	r3, #2
100047bc:	f000 8081 	beq.w	100048c2 <tud_task_ext+0x25e>
100047c0:	2b00      	cmp	r3, #0
100047c2:	d160      	bne.n	10004886 <tud_task_ext+0x222>
100047c4:	2a20      	cmp	r2, #32
100047c6:	f000 81e9 	beq.w	10004b9c <tud_task_ext+0x538>
100047ca:	2a00      	cmp	r2, #0
100047cc:	d15b      	bne.n	10004886 <tud_task_ext+0x222>
100047ce:	f89d 3021 	ldrb.w	r3, [sp, #33]	@ 0x21
100047d2:	2b09      	cmp	r3, #9
100047d4:	d857      	bhi.n	10004886 <tud_task_ext+0x222>
100047d6:	e8df f013 	tbh	[pc, r3, lsl #1]
100047da:	01b0      	.short	0x01b0
100047dc:	005601a2 	.word	0x005601a2
100047e0:	005601c1 	.word	0x005601c1
100047e4:	016b0195 	.word	0x016b0195
100047e8:	01600056 	.word	0x01600056
100047ec:	00f4      	.short	0x00f4
100047ee:	782b      	ldrb	r3, [r5, #0]
100047f0:	07d9      	lsls	r1, r3, #31
100047f2:	f57f af47 	bpl.w	10004684 <tud_task_ext+0x20>
100047f6:	f7ff fea9 	bl	1000454c <tud_resume_cb>
100047fa:	e743      	b.n	10004684 <tud_task_ext+0x20>
100047fc:	78eb      	ldrb	r3, [r5, #3]
100047fe:	07da      	lsls	r2, r3, #31
10004800:	f57f af40 	bpl.w	10004684 <tud_task_ext+0x20>
10004804:	9808      	ldr	r0, [sp, #32]
10004806:	f7ff fe95 	bl	10004534 <tud_sof_cb>
1000480a:	e73b      	b.n	10004684 <tud_task_ext+0x20>
1000480c:	782b      	ldrb	r3, [r5, #0]
1000480e:	07d8      	lsls	r0, r3, #31
10004810:	f57f af38 	bpl.w	10004684 <tud_task_ext+0x20>
10004814:	7828      	ldrb	r0, [r5, #0]
10004816:	f3c0 00c0 	ubfx	r0, r0, #3, #1
1000481a:	f7ff fe95 	bl	10004548 <tud_suspend_cb>
1000481e:	e731      	b.n	10004684 <tud_task_ext+0x20>
10004820:	f89d 001c 	ldrb.w	r0, [sp, #28]
10004824:	f7ff fe3e 	bl	100044a4 <configuration_reset>
10004828:	f000 fc1c 	bl	10005064 <usbd_control_reset>
1000482c:	f89d 3020 	ldrb.w	r3, [sp, #32]
10004830:	70ab      	strb	r3, [r5, #2]
10004832:	e727      	b.n	10004684 <tud_task_ext+0x20>
10004834:	f89d 001c 	ldrb.w	r0, [sp, #28]
10004838:	f7ff fe34 	bl	100044a4 <configuration_reset>
1000483c:	f000 fc12 	bl	10005064 <usbd_control_reset>
10004840:	f7ff fe80 	bl	10004544 <tud_umount_cb>
10004844:	e71e      	b.n	10004684 <tud_task_ext+0x20>
10004846:	1c50      	adds	r0, r2, #1
10004848:	4298      	cmp	r0, r3
1000484a:	da11      	bge.n	10004870 <tud_task_ext+0x20c>
1000484c:	f04f 23e0 	mov.w	r3, #3758153728	@ 0xe000e000
10004850:	f8d3 3df0 	ldr.w	r3, [r3, #3568]	@ 0xdf0
10004854:	07dc      	lsls	r4, r3, #31
10004856:	d500      	bpl.n	1000485a <tud_task_ext+0x1f6>
10004858:	be00      	bkpt	0x0000
1000485a:	b00b      	add	sp, #44	@ 0x2c
1000485c:	e8bd 8ff0 	ldmia.w	sp!, {r4, r5, r6, r7, r8, r9, sl, fp, pc}
10004860:	9b09      	ldr	r3, [sp, #36]	@ 0x24
10004862:	f89d 2021 	ldrb.w	r2, [sp, #33]	@ 0x21
10004866:	f89d 001c 	ldrb.w	r0, [sp, #28]
1000486a:	f000 fc19 	bl	100050a0 <usbd_control_xfer_cb>
1000486e:	e709      	b.n	10004684 <tud_task_ext+0x20>
10004870:	1a9b      	subs	r3, r3, r2
10004872:	4a2d      	ldr	r2, [pc, #180]	@ (10004928 <tud_task_ext+0x2c4>)
10004874:	eb02 1343 	add.w	r3, r2, r3, lsl #5
10004878:	e758      	b.n	1000472c <tud_task_ext+0xc8>
1000487a:	f7ff fb8d 	bl	10003f98 <tud_descriptor_configuration_cb>
1000487e:	4602      	mov	r2, r0
10004880:	2800      	cmp	r0, #0
10004882:	f040 8182 	bne.w	10004b8a <tud_task_ext+0x526>
10004886:	f04f 23e0 	mov.w	r3, #3758153728	@ 0xe000e000
1000488a:	f8d3 3df0 	ldr.w	r3, [r3, #3568]	@ 0xdf0
1000488e:	07de      	lsls	r6, r3, #31
10004890:	d500      	bpl.n	10004894 <tud_task_ext+0x230>
10004892:	be00      	bkpt	0x0000
10004894:	f89d 001c 	ldrb.w	r0, [sp, #28]
10004898:	2100      	movs	r1, #0
1000489a:	f7ff fd99 	bl	100043d0 <dcd_edpt_stall>
1000489e:	2180      	movs	r1, #128	@ 0x80
100048a0:	f89d 001c 	ldrb.w	r0, [sp, #28]
100048a4:	f7ff fd94 	bl	100043d0 <dcd_edpt_stall>
100048a8:	e6ec      	b.n	10004684 <tud_task_ext+0x20>
100048aa:	4820      	ldr	r0, [pc, #128]	@ (1000492c <tud_task_ext+0x2c8>)
100048ac:	f000 fbe4 	bl	10005078 <usbd_control_set_complete_callback>
100048b0:	2101      	movs	r1, #1
100048b2:	4640      	mov	r0, r8
100048b4:	aa08      	add	r2, sp, #32
100048b6:	f7ff f933 	bl	10003b20 <tud_vendor_control_xfer_cb>
100048ba:	2800      	cmp	r0, #0
100048bc:	f47f aee2 	bne.w	10004684 <tud_task_ext+0x20>
100048c0:	e7e8      	b.n	10004894 <tud_task_ext+0x230>
100048c2:	f89d 1024 	ldrb.w	r1, [sp, #36]	@ 0x24
100048c6:	f011 0f70 	tst.w	r1, #112	@ 0x70
100048ca:	d1dc      	bne.n	10004886 <tud_task_ext+0x222>
100048cc:	f001 067f 	and.w	r6, r1, #127	@ 0x7f
100048d0:	eb07 0046 	add.w	r0, r7, r6, lsl #1
100048d4:	4b16      	ldr	r3, [pc, #88]	@ (10004930 <tud_task_ext+0x2cc>)
100048d6:	eb00 10d1 	add.w	r0, r0, r1, lsr #7
100048da:	781b      	ldrb	r3, [r3, #0]
100048dc:	7d00      	ldrb	r0, [r0, #20]
100048de:	0076      	lsls	r6, r6, #1
100048e0:	9601      	str	r6, [sp, #4]
100048e2:	4298      	cmp	r0, r3
100048e4:	ea4f 16d1 	mov.w	r6, r1, lsr #7
100048e8:	9600      	str	r6, [sp, #0]
100048ea:	d359      	bcc.n	100049a0 <tud_task_ext+0x33c>
100048ec:	1c5e      	adds	r6, r3, #1
100048ee:	4286      	cmp	r6, r0
100048f0:	f2c0 8166 	blt.w	10004bc0 <tud_task_ext+0x55c>
100048f4:	1ac0      	subs	r0, r0, r3
100048f6:	4b0c      	ldr	r3, [pc, #48]	@ (10004928 <tud_task_ext+0x2c4>)
100048f8:	eb03 1640 	add.w	r6, r3, r0, lsl #5
100048fc:	2a00      	cmp	r2, #0
100048fe:	f000 8163 	beq.w	10004bc8 <tud_task_ext+0x564>
10004902:	6970      	ldr	r0, [r6, #20]
10004904:	f000 fbb8 	bl	10005078 <usbd_control_set_complete_callback>
10004908:	2101      	movs	r1, #1
1000490a:	4640      	mov	r0, r8
1000490c:	6973      	ldr	r3, [r6, #20]
1000490e:	aa08      	add	r2, sp, #32
10004910:	4798      	blx	r3
10004912:	2800      	cmp	r0, #0
10004914:	f47f aeb6 	bne.w	10004684 <tud_task_ext+0x20>
10004918:	e7bc      	b.n	10004894 <tud_task_ext+0x230>
1000491a:	bf00      	nop
1000491c:	20002088 	.word	0x20002088
10004920:	20002030 	.word	0x20002030
10004924:	20001e60 	.word	0x20001e60
10004928:	10009754 	.word	0x10009754
1000492c:	10003b21 	.word	0x10003b21
10004930:	20002a8c 	.word	0x20002a8c
10004934:	200015a4 	.word	0x200015a4
10004938:	20002a8e 	.word	0x20002a8e
1000493c:	f89d 3024 	ldrb.w	r3, [sp, #36]	@ 0x24
10004940:	2b0f      	cmp	r3, #15
10004942:	d8a7      	bhi.n	10004894 <tud_task_ext+0x230>
10004944:	4aae      	ldr	r2, [pc, #696]	@ (10004c00 <tud_task_ext+0x59c>)
10004946:	443b      	add	r3, r7
10004948:	791b      	ldrb	r3, [r3, #4]
1000494a:	7812      	ldrb	r2, [r2, #0]
1000494c:	4293      	cmp	r3, r2
1000494e:	d332      	bcc.n	100049b6 <tud_task_ext+0x352>
10004950:	1c51      	adds	r1, r2, #1
10004952:	4299      	cmp	r1, r3
10004954:	db9e      	blt.n	10004894 <tud_task_ext+0x230>
10004956:	4eab      	ldr	r6, [pc, #684]	@ (10004c04 <tud_task_ext+0x5a0>)
10004958:	1a9b      	subs	r3, r3, r2
1000495a:	eb06 1643 	add.w	r6, r6, r3, lsl #5
1000495e:	6970      	ldr	r0, [r6, #20]
10004960:	f000 fb8a 	bl	10005078 <usbd_control_set_complete_callback>
10004964:	2101      	movs	r1, #1
10004966:	4640      	mov	r0, r8
10004968:	6973      	ldr	r3, [r6, #20]
1000496a:	aa08      	add	r2, sp, #32
1000496c:	4798      	blx	r3
1000496e:	2800      	cmp	r0, #0
10004970:	f47f ae88 	bne.w	10004684 <tud_task_ext+0x20>
10004974:	f89d 3020 	ldrb.w	r3, [sp, #32]
10004978:	f013 0660 	ands.w	r6, r3, #96	@ 0x60
1000497c:	d18a      	bne.n	10004894 <tud_task_ext+0x230>
1000497e:	f89d 3021 	ldrb.w	r3, [sp, #33]	@ 0x21
10004982:	3b0a      	subs	r3, #10
10004984:	2b01      	cmp	r3, #1
10004986:	d885      	bhi.n	10004894 <tud_task_ext+0x230>
10004988:	f000 fb76 	bl	10005078 <usbd_control_set_complete_callback>
1000498c:	f89d 3021 	ldrb.w	r3, [sp, #33]	@ 0x21
10004990:	2b0a      	cmp	r3, #10
10004992:	f000 81f2 	beq.w	10004d7a <tud_task_ext+0x716>
10004996:	4640      	mov	r0, r8
10004998:	a908      	add	r1, sp, #32
1000499a:	f000 faf1 	bl	10004f80 <tud_control_status>
1000499e:	e671      	b.n	10004684 <tud_task_ext+0x20>
100049a0:	4b99      	ldr	r3, [pc, #612]	@ (10004c08 <tud_task_ext+0x5a4>)
100049a2:	681b      	ldr	r3, [r3, #0]
100049a4:	eb03 1640 	add.w	r6, r3, r0, lsl #5
100049a8:	2a00      	cmp	r2, #0
100049aa:	f000 810d 	beq.w	10004bc8 <tud_task_ext+0x564>
100049ae:	2e00      	cmp	r6, #0
100049b0:	f43f af70 	beq.w	10004894 <tud_task_ext+0x230>
100049b4:	e7a5      	b.n	10004902 <tud_task_ext+0x29e>
100049b6:	4a94      	ldr	r2, [pc, #592]	@ (10004c08 <tud_task_ext+0x5a4>)
100049b8:	6816      	ldr	r6, [r2, #0]
100049ba:	eb16 1643 	adds.w	r6, r6, r3, lsl #5
100049be:	d1ce      	bne.n	1000495e <tud_task_ext+0x2fa>
100049c0:	e768      	b.n	10004894 <tud_task_ext+0x230>
100049c2:	787b      	ldrb	r3, [r7, #1]
100049c4:	f89d 6022 	ldrb.w	r6, [sp, #34]	@ 0x22
100049c8:	429e      	cmp	r6, r3
100049ca:	f000 814f 	beq.w	10004c6c <tud_task_ext+0x608>
100049ce:	787b      	ldrb	r3, [r7, #1]
100049d0:	2b00      	cmp	r3, #0
100049d2:	f040 81be 	bne.w	10004d52 <tud_task_ext+0x6ee>
100049d6:	707e      	strb	r6, [r7, #1]
100049d8:	2e00      	cmp	r6, #0
100049da:	f000 8145 	beq.w	10004c68 <tud_task_ext+0x604>
100049de:	1e70      	subs	r0, r6, #1
100049e0:	b2c0      	uxtb	r0, r0
100049e2:	f7ff fad9 	bl	10003f98 <tud_descriptor_configuration_cb>
100049e6:	4603      	mov	r3, r0
100049e8:	2800      	cmp	r0, #0
100049ea:	f000 815f 	beq.w	10004cac <tud_task_ext+0x648>
100049ee:	7842      	ldrb	r2, [r0, #1]
100049f0:	2a02      	cmp	r2, #2
100049f2:	f040 815b 	bne.w	10004cac <tud_task_ext+0x648>
100049f6:	79c1      	ldrb	r1, [r0, #7]
100049f8:	f103 0609 	add.w	r6, r3, #9
100049fc:	f3c1 1240 	ubfx	r2, r1, #5, #1
10004a00:	0112      	lsls	r2, r2, #4
10004a02:	f3c1 1180 	ubfx	r1, r1, #6, #1
10004a06:	ea42 1241 	orr.w	r2, r2, r1, lsl #5
10004a0a:	4631      	mov	r1, r6
10004a0c:	7838      	ldrb	r0, [r7, #0]
10004a0e:	f020 0030 	bic.w	r0, r0, #48	@ 0x30
10004a12:	4302      	orrs	r2, r0
10004a14:	703a      	strb	r2, [r7, #0]
10004a16:	885a      	ldrh	r2, [r3, #2]
10004a18:	f8cd 800c 	str.w	r8, [sp, #12]
10004a1c:	189a      	adds	r2, r3, r2
10004a1e:	9201      	str	r2, [sp, #4]
10004a20:	9b01      	ldr	r3, [sp, #4]
10004a22:	428b      	cmp	r3, r1
10004a24:	f240 81a4 	bls.w	10004d70 <tud_task_ext+0x70c>
10004a28:	784a      	ldrb	r2, [r1, #1]
10004a2a:	2a0b      	cmp	r2, #11
10004a2c:	f000 81af 	beq.w	10004d8e <tud_task_ext+0x72a>
10004a30:	2301      	movs	r3, #1
10004a32:	2a04      	cmp	r2, #4
10004a34:	f040 813a 	bne.w	10004cac <tud_task_ext+0x648>
10004a38:	2600      	movs	r6, #0
10004a3a:	9a01      	ldr	r2, [sp, #4]
10004a3c:	9600      	str	r6, [sp, #0]
10004a3e:	1a52      	subs	r2, r2, r1
10004a40:	b292      	uxth	r2, r2
10004a42:	9202      	str	r2, [sp, #8]
10004a44:	4a6e      	ldr	r2, [pc, #440]	@ (10004c00 <tud_task_ext+0x59c>)
10004a46:	9304      	str	r3, [sp, #16]
10004a48:	7812      	ldrb	r2, [r2, #0]
10004a4a:	e01d      	b.n	10004a88 <tud_task_ext+0x424>
10004a4c:	4b6e      	ldr	r3, [pc, #440]	@ (10004c08 <tud_task_ext+0x5a4>)
10004a4e:	681b      	ldr	r3, [r3, #0]
10004a50:	eb13 1846 	adds.w	r8, r3, r6, lsl #5
10004a54:	f000 812a 	beq.w	10004cac <tud_task_ext+0x648>
10004a58:	9a02      	ldr	r2, [sp, #8]
10004a5a:	f8d8 3010 	ldr.w	r3, [r8, #16]
10004a5e:	9803      	ldr	r0, [sp, #12]
10004a60:	9105      	str	r1, [sp, #20]
10004a62:	4798      	blx	r3
10004a64:	2808      	cmp	r0, #8
10004a66:	4602      	mov	r2, r0
10004a68:	9905      	ldr	r1, [sp, #20]
10004a6a:	f106 0301 	add.w	r3, r6, #1
10004a6e:	d903      	bls.n	10004a78 <tud_task_ext+0x414>
10004a70:	9802      	ldr	r0, [sp, #8]
10004a72:	4290      	cmp	r0, r2
10004a74:	f080 80ff 	bcs.w	10004c76 <tud_task_ext+0x612>
10004a78:	b2de      	uxtb	r6, r3
10004a7a:	4b61      	ldr	r3, [pc, #388]	@ (10004c00 <tud_task_ext+0x59c>)
10004a7c:	9600      	str	r6, [sp, #0]
10004a7e:	781a      	ldrb	r2, [r3, #0]
10004a80:	1c53      	adds	r3, r2, #1
10004a82:	429e      	cmp	r6, r3
10004a84:	f300 8112 	bgt.w	10004cac <tud_task_ext+0x648>
10004a88:	9b00      	ldr	r3, [sp, #0]
10004a8a:	42b2      	cmp	r2, r6
10004a8c:	eba3 0202 	sub.w	r2, r3, r2
10004a90:	d8dc      	bhi.n	10004a4c <tud_task_ext+0x3e8>
10004a92:	4b5c      	ldr	r3, [pc, #368]	@ (10004c04 <tud_task_ext+0x5a0>)
10004a94:	eb03 1842 	add.w	r8, r3, r2, lsl #5
10004a98:	e7de      	b.n	10004a58 <tud_task_ext+0x3f4>
10004a9a:	787b      	ldrb	r3, [r7, #1]
10004a9c:	4640      	mov	r0, r8
10004a9e:	f88d 301a 	strb.w	r3, [sp, #26]
10004aa2:	f10d 021a 	add.w	r2, sp, #26
10004aa6:	2301      	movs	r3, #1
10004aa8:	a908      	add	r1, sp, #32
10004aaa:	f000 fa83 	bl	10004fb4 <tud_control_xfer>
10004aae:	e5e9      	b.n	10004684 <tud_task_ext+0x20>
10004ab0:	f8bd 0022 	ldrh.w	r0, [sp, #34]	@ 0x22
10004ab4:	0a03      	lsrs	r3, r0, #8
10004ab6:	3b01      	subs	r3, #1
10004ab8:	0a02      	lsrs	r2, r0, #8
10004aba:	b2c0      	uxtb	r0, r0
10004abc:	2b0e      	cmp	r3, #14
10004abe:	f63f aee9 	bhi.w	10004894 <tud_task_ext+0x230>
10004ac2:	a101      	add	r1, pc, #4	@ (adr r1, 10004ac8 <tud_task_ext+0x464>)
10004ac4:	f851 f023 	ldr.w	pc, [r1, r3, lsl #2]
10004ac8:	10004cdd 	.word	0x10004cdd
10004acc:	10004b79 	.word	0x10004b79
10004ad0:	10004d19 	.word	0x10004d19
10004ad4:	10004895 	.word	0x10004895
10004ad8:	10004895 	.word	0x10004895
10004adc:	10004cfb 	.word	0x10004cfb
10004ae0:	10004b79 	.word	0x10004b79
10004ae4:	10004895 	.word	0x10004895
10004ae8:	10004895 	.word	0x10004895
10004aec:	10004895 	.word	0x10004895
10004af0:	10004895 	.word	0x10004895
10004af4:	10004895 	.word	0x10004895
10004af8:	10004895 	.word	0x10004895
10004afc:	10004895 	.word	0x10004895
10004b00:	10004ccf 	.word	0x10004ccf
10004b04:	a808      	add	r0, sp, #32
10004b06:	f000 fabd 	bl	10005084 <usbd_control_set_request>
10004b0a:	4640      	mov	r0, r8
10004b0c:	f89d 1022 	ldrb.w	r1, [sp, #34]	@ 0x22
10004b10:	f7ff fba2 	bl	10004258 <dcd_set_address>
10004b14:	783b      	ldrb	r3, [r7, #0]
10004b16:	f043 0302 	orr.w	r3, r3, #2
10004b1a:	703b      	strb	r3, [r7, #0]
10004b1c:	e5b2      	b.n	10004684 <tud_task_ext+0x20>
10004b1e:	f8bd 3022 	ldrh.w	r3, [sp, #34]	@ 0x22
10004b22:	2b01      	cmp	r3, #1
10004b24:	f47f aeb6 	bne.w	10004894 <tud_task_ext+0x230>
10004b28:	783b      	ldrb	r3, [r7, #0]
10004b2a:	4640      	mov	r0, r8
10004b2c:	f023 0308 	bic.w	r3, r3, #8
10004b30:	a908      	add	r1, sp, #32
10004b32:	703b      	strb	r3, [r7, #0]
10004b34:	f000 fa24 	bl	10004f80 <tud_control_status>
10004b38:	e5a4      	b.n	10004684 <tud_task_ext+0x20>
10004b3a:	4640      	mov	r0, r8
10004b3c:	783b      	ldrb	r3, [r7, #0]
10004b3e:	089a      	lsrs	r2, r3, #2
10004b40:	f002 0202 	and.w	r2, r2, #2
10004b44:	f3c3 1340 	ubfx	r3, r3, #5, #1
10004b48:	4313      	orrs	r3, r2
10004b4a:	f8ad 301a 	strh.w	r3, [sp, #26]
10004b4e:	f10d 021a 	add.w	r2, sp, #26
10004b52:	2302      	movs	r3, #2
10004b54:	a908      	add	r1, sp, #32
10004b56:	f000 fa2d 	bl	10004fb4 <tud_control_xfer>
10004b5a:	e593      	b.n	10004684 <tud_task_ext+0x20>
10004b5c:	f8bd 3022 	ldrh.w	r3, [sp, #34]	@ 0x22
10004b60:	2b01      	cmp	r3, #1
10004b62:	f47f ae97 	bne.w	10004894 <tud_task_ext+0x230>
10004b66:	783b      	ldrb	r3, [r7, #0]
10004b68:	4640      	mov	r0, r8
10004b6a:	f043 0308 	orr.w	r3, r3, #8
10004b6e:	a908      	add	r1, sp, #32
10004b70:	703b      	strb	r3, [r7, #0]
10004b72:	f000 fa05 	bl	10004f80 <tud_control_status>
10004b76:	e585      	b.n	10004684 <tud_task_ext+0x20>
10004b78:	2a02      	cmp	r2, #2
10004b7a:	f43f ae7e 	beq.w	1000487a <tud_task_ext+0x216>
10004b7e:	f7ff fcdd 	bl	1000453c <tud_descriptor_other_speed_configuration_cb>
10004b82:	4602      	mov	r2, r0
10004b84:	2800      	cmp	r0, #0
10004b86:	f43f ae85 	beq.w	10004894 <tud_task_ext+0x230>
10004b8a:	4640      	mov	r0, r8
10004b8c:	8853      	ldrh	r3, [r2, #2]
10004b8e:	a908      	add	r1, sp, #32
10004b90:	f000 fa10 	bl	10004fb4 <tud_control_xfer>
10004b94:	2800      	cmp	r0, #0
10004b96:	f47f ad75 	bne.w	10004684 <tud_task_ext+0x20>
10004b9a:	e67b      	b.n	10004894 <tud_task_ext+0x230>
10004b9c:	f89d 3024 	ldrb.w	r3, [sp, #36]	@ 0x24
10004ba0:	2b0f      	cmp	r3, #15
10004ba2:	f63f ae77 	bhi.w	10004894 <tud_task_ext+0x230>
10004ba6:	4a16      	ldr	r2, [pc, #88]	@ (10004c00 <tud_task_ext+0x59c>)
10004ba8:	443b      	add	r3, r7
10004baa:	791b      	ldrb	r3, [r3, #4]
10004bac:	7812      	ldrb	r2, [r2, #0]
10004bae:	4293      	cmp	r3, r2
10004bb0:	d21d      	bcs.n	10004bee <tud_task_ext+0x58a>
10004bb2:	4a15      	ldr	r2, [pc, #84]	@ (10004c08 <tud_task_ext+0x5a4>)
10004bb4:	6816      	ldr	r6, [r2, #0]
10004bb6:	eb16 1643 	adds.w	r6, r6, r3, lsl #5
10004bba:	f47f aea2 	bne.w	10004902 <tud_task_ext+0x29e>
10004bbe:	e669      	b.n	10004894 <tud_task_ext+0x230>
10004bc0:	2a00      	cmp	r2, #0
10004bc2:	f47f ae67 	bne.w	10004894 <tud_task_ext+0x230>
10004bc6:	2600      	movs	r6, #0
10004bc8:	f89d 2021 	ldrb.w	r2, [sp, #33]	@ 0x21
10004bcc:	f002 03fd 	and.w	r3, r2, #253	@ 0xfd
10004bd0:	2b01      	cmp	r3, #1
10004bd2:	d01b      	beq.n	10004c0c <tud_task_ext+0x5a8>
10004bd4:	2a00      	cmp	r2, #0
10004bd6:	f47f ae56 	bne.w	10004886 <tud_task_ext+0x222>
10004bda:	9b01      	ldr	r3, [sp, #4]
10004bdc:	9a00      	ldr	r2, [sp, #0]
10004bde:	443b      	add	r3, r7
10004be0:	4413      	add	r3, r2
10004be2:	f893 3034 	ldrb.w	r3, [r3, #52]	@ 0x34
10004be6:	4640      	mov	r0, r8
10004be8:	f3c3 0340 	ubfx	r3, r3, #1, #1
10004bec:	e7ad      	b.n	10004b4a <tud_task_ext+0x4e6>
10004bee:	1c51      	adds	r1, r2, #1
10004bf0:	4299      	cmp	r1, r3
10004bf2:	f6ff ae4f 	blt.w	10004894 <tud_task_ext+0x230>
10004bf6:	4e03      	ldr	r6, [pc, #12]	@ (10004c04 <tud_task_ext+0x5a0>)
10004bf8:	1a9b      	subs	r3, r3, r2
10004bfa:	eb06 1643 	add.w	r6, r6, r3, lsl #5
10004bfe:	e680      	b.n	10004902 <tud_task_ext+0x29e>
10004c00:	20002a8c 	.word	0x20002a8c
10004c04:	10009754 	.word	0x10009754
10004c08:	20001e60 	.word	0x20001e60
10004c0c:	f8bd 3022 	ldrh.w	r3, [sp, #34]	@ 0x22
10004c10:	b9b3      	cbnz	r3, 10004c40 <tud_task_ext+0x5dc>
10004c12:	2a01      	cmp	r2, #1
10004c14:	f899 0000 	ldrb.w	r0, [r9]
10004c18:	f000 8086 	beq.w	10004d28 <tud_task_ext+0x6c4>
10004c1c:	f7ff fbd8 	bl	100043d0 <dcd_edpt_stall>
10004c20:	9b01      	ldr	r3, [sp, #4]
10004c22:	9a00      	ldr	r2, [sp, #0]
10004c24:	443b      	add	r3, r7
10004c26:	4413      	add	r3, r2
10004c28:	f893 2034 	ldrb.w	r2, [r3, #52]	@ 0x34
10004c2c:	f042 0202 	orr.w	r2, r2, #2
10004c30:	f883 2034 	strb.w	r2, [r3, #52]	@ 0x34
10004c34:	f893 2034 	ldrb.w	r2, [r3, #52]	@ 0x34
10004c38:	f042 0201 	orr.w	r2, r2, #1
10004c3c:	f883 2034 	strb.w	r2, [r3, #52]	@ 0x34
10004c40:	2e00      	cmp	r6, #0
10004c42:	f43f ad1f 	beq.w	10004684 <tud_task_ext+0x20>
10004c46:	6970      	ldr	r0, [r6, #20]
10004c48:	f000 fa16 	bl	10005078 <usbd_control_set_complete_callback>
10004c4c:	6973      	ldr	r3, [r6, #20]
10004c4e:	2101      	movs	r1, #1
10004c50:	aa08      	add	r2, sp, #32
10004c52:	4640      	mov	r0, r8
10004c54:	4798      	blx	r3
10004c56:	2000      	movs	r0, #0
10004c58:	f000 fa0e 	bl	10005078 <usbd_control_set_complete_callback>
10004c5c:	f897 3035 	ldrb.w	r3, [r7, #53]	@ 0x35
10004c60:	07df      	lsls	r7, r3, #31
10004c62:	f53f ad0f 	bmi.w	10004684 <tud_task_ext+0x20>
10004c66:	e696      	b.n	10004996 <tud_task_ext+0x332>
10004c68:	f7ff fc6c 	bl	10004544 <tud_umount_cb>
10004c6c:	4640      	mov	r0, r8
10004c6e:	a908      	add	r1, sp, #32
10004c70:	f000 f986 	bl	10004f80 <tud_control_status>
10004c74:	e506      	b.n	10004684 <tud_task_ext+0x20>
10004c76:	9b04      	ldr	r3, [sp, #16]
10004c78:	2b01      	cmp	r3, #1
10004c7a:	f000 809e 	beq.w	10004dba <tud_task_ext+0x756>
10004c7e:	2b00      	cmp	r3, #0
10004c80:	f000 808a 	beq.w	10004d98 <tud_task_ext+0x734>
10004c84:	2000      	movs	r0, #0
10004c86:	f891 8002 	ldrb.w	r8, [r1, #2]
10004c8a:	e005      	b.n	10004c98 <tud_task_ext+0x634>
10004c8c:	f88c 6004 	strb.w	r6, [ip, #4]
10004c90:	fa5f fc80 	uxtb.w	ip, r0
10004c94:	4563      	cmp	r3, ip
10004c96:	d97f      	bls.n	10004d98 <tud_task_ext+0x734>
10004c98:	eb08 0c00 	add.w	ip, r8, r0
10004c9c:	fa57 fc8c 	uxtab	ip, r7, ip
10004ca0:	f89c e004 	ldrb.w	lr, [ip, #4]
10004ca4:	3001      	adds	r0, #1
10004ca6:	f1be 0fff 	cmp.w	lr, #255	@ 0xff
10004caa:	d0ef      	beq.n	10004c8c <tud_task_ext+0x628>
10004cac:	f04f 23e0 	mov.w	r3, #3758153728	@ 0xe000e000
10004cb0:	f8d3 3df0 	ldr.w	r3, [r3, #3568]	@ 0xdf0
10004cb4:	07da      	lsls	r2, r3, #31
10004cb6:	d500      	bpl.n	10004cba <tud_task_ext+0x656>
10004cb8:	be00      	bkpt	0x0000
10004cba:	f04f 23e0 	mov.w	r3, #3758153728	@ 0xe000e000
10004cbe:	f8d3 3df0 	ldr.w	r3, [r3, #3568]	@ 0xdf0
10004cc2:	07db      	lsls	r3, r3, #31
10004cc4:	d500      	bpl.n	10004cc8 <tud_task_ext+0x664>
10004cc6:	be00      	bkpt	0x0000
10004cc8:	2300      	movs	r3, #0
10004cca:	707b      	strb	r3, [r7, #1]
10004ccc:	e5e2      	b.n	10004894 <tud_task_ext+0x230>
10004cce:	f7fe ff23 	bl	10003b18 <tud_descriptor_bos_cb>
10004cd2:	4602      	mov	r2, r0
10004cd4:	2800      	cmp	r0, #0
10004cd6:	f47f af58 	bne.w	10004b8a <tud_task_ext+0x526>
10004cda:	e5db      	b.n	10004894 <tud_task_ext+0x230>
10004cdc:	f7ff f958 	bl	10003f90 <tud_descriptor_device_cb>
10004ce0:	4602      	mov	r2, r0
10004ce2:	2800      	cmp	r0, #0
10004ce4:	f43f adcf 	beq.w	10004886 <tud_task_ext+0x222>
10004ce8:	4640      	mov	r0, r8
10004cea:	2312      	movs	r3, #18
10004cec:	a908      	add	r1, sp, #32
10004cee:	f000 f961 	bl	10004fb4 <tud_control_xfer>
10004cf2:	2800      	cmp	r0, #0
10004cf4:	f47f acc6 	bne.w	10004684 <tud_task_ext+0x20>
10004cf8:	e5cc      	b.n	10004894 <tud_task_ext+0x230>
10004cfa:	f7ff fc1d 	bl	10004538 <tud_descriptor_device_qualifier_cb>
10004cfe:	4602      	mov	r2, r0
10004d00:	2800      	cmp	r0, #0
10004d02:	f43f adc7 	beq.w	10004894 <tud_task_ext+0x230>
10004d06:	4640      	mov	r0, r8
10004d08:	7813      	ldrb	r3, [r2, #0]
10004d0a:	a908      	add	r1, sp, #32
10004d0c:	f000 f952 	bl	10004fb4 <tud_control_xfer>
10004d10:	2800      	cmp	r0, #0
10004d12:	f47f acb7 	bne.w	10004684 <tud_task_ext+0x20>
10004d16:	e5bd      	b.n	10004894 <tud_task_ext+0x230>
10004d18:	f8bd 1024 	ldrh.w	r1, [sp, #36]	@ 0x24
10004d1c:	f7ff f940 	bl	10003fa0 <tud_descriptor_string_cb>
10004d20:	4602      	mov	r2, r0
10004d22:	2800      	cmp	r0, #0
10004d24:	d1ef      	bne.n	10004d06 <tud_task_ext+0x6a2>
10004d26:	e5b5      	b.n	10004894 <tud_task_ext+0x230>
10004d28:	9302      	str	r3, [sp, #8]
10004d2a:	f7ff fb69 	bl	10004400 <dcd_edpt_clear_stall>
10004d2e:	9a01      	ldr	r2, [sp, #4]
10004d30:	9b00      	ldr	r3, [sp, #0]
10004d32:	443a      	add	r2, r7
10004d34:	441a      	add	r2, r3
10004d36:	f892 1034 	ldrb.w	r1, [r2, #52]	@ 0x34
10004d3a:	9b02      	ldr	r3, [sp, #8]
10004d3c:	f363 0141 	bfi	r1, r3, #1, #1
10004d40:	f882 1034 	strb.w	r1, [r2, #52]	@ 0x34
10004d44:	f892 1034 	ldrb.w	r1, [r2, #52]	@ 0x34
10004d48:	f363 0100 	bfi	r1, r3, #0, #1
10004d4c:	f882 1034 	strb.w	r1, [r2, #52]	@ 0x34
10004d50:	e776      	b.n	10004c40 <tud_task_ext+0x5dc>
10004d52:	2100      	movs	r1, #0
10004d54:	4640      	mov	r0, r8
10004d56:	f7ff fa87 	bl	10004268 <dcd_sof_enable>
10004d5a:	4640      	mov	r0, r8
10004d5c:	f7ff fb22 	bl	100043a4 <dcd_edpt_close_all>
10004d60:	78bb      	ldrb	r3, [r7, #2]
10004d62:	4640      	mov	r0, r8
10004d64:	9300      	str	r3, [sp, #0]
10004d66:	f7ff fb9d 	bl	100044a4 <configuration_reset>
10004d6a:	9b00      	ldr	r3, [sp, #0]
10004d6c:	70bb      	strb	r3, [r7, #2]
10004d6e:	e632      	b.n	100049d6 <tud_task_ext+0x372>
10004d70:	f8dd 800c 	ldr.w	r8, [sp, #12]
10004d74:	f7ff fbe4 	bl	10004540 <tud_mount_cb>
10004d78:	e778      	b.n	10004c6c <tud_task_ext+0x608>
10004d7a:	4640      	mov	r0, r8
10004d7c:	2301      	movs	r3, #1
10004d7e:	a908      	add	r1, sp, #32
10004d80:	f10d 021a 	add.w	r2, sp, #26
10004d84:	f88d 601a 	strb.w	r6, [sp, #26]
10004d88:	f000 f914 	bl	10004fb4 <tud_control_xfer>
10004d8c:	e47a      	b.n	10004684 <tud_task_ext+0x20>
10004d8e:	780a      	ldrb	r2, [r1, #0]
10004d90:	78cb      	ldrb	r3, [r1, #3]
10004d92:	4411      	add	r1, r2
10004d94:	784a      	ldrb	r2, [r1, #1]
10004d96:	e64c      	b.n	10004a32 <tud_task_ext+0x3ce>
10004d98:	4633      	mov	r3, r6
10004d9a:	4810      	ldr	r0, [pc, #64]	@ (10004ddc <tud_task_ext+0x778>)
10004d9c:	9204      	str	r2, [sp, #16]
10004d9e:	9102      	str	r1, [sp, #8]
10004da0:	f000 fe76 	bl	10005a90 <tu_edpt_bind_driver>
10004da4:	4b0e      	ldr	r3, [pc, #56]	@ (10004de0 <tud_task_ext+0x77c>)
10004da6:	9a04      	ldr	r2, [sp, #16]
10004da8:	9902      	ldr	r1, [sp, #8]
10004daa:	781b      	ldrb	r3, [r3, #0]
10004dac:	4411      	add	r1, r2
10004dae:	9a00      	ldr	r2, [sp, #0]
10004db0:	3301      	adds	r3, #1
10004db2:	4293      	cmp	r3, r2
10004db4:	f6bf ae34 	bge.w	10004a20 <tud_task_ext+0x3bc>
10004db8:	e778      	b.n	10004cac <tud_task_ext+0x648>
10004dba:	f8d8 c010 	ldr.w	ip, [r8, #16]
10004dbe:	4809      	ldr	r0, [pc, #36]	@ (10004de4 <tud_task_ext+0x780>)
10004dc0:	4584      	cmp	ip, r0
10004dc2:	bf08      	it	eq
10004dc4:	2302      	moveq	r3, #2
10004dc6:	e75d      	b.n	10004c84 <tud_task_ext+0x620>
10004dc8:	f04f 23e0 	mov.w	r3, #3758153728	@ 0xe000e000
10004dcc:	f8d3 3df0 	ldr.w	r3, [r3, #3568]	@ 0xdf0
10004dd0:	07db      	lsls	r3, r3, #31
10004dd2:	f57f ac57 	bpl.w	10004684 <tud_task_ext+0x20>
10004dd6:	be00      	bkpt	0x0000
10004dd8:	e454      	b.n	10004684 <tud_task_ext+0x20>
10004dda:	bf00      	nop
10004ddc:	20002044 	.word	0x20002044
10004de0:	20002a8c 	.word	0x20002a8c
10004de4:	100054b1 	.word	0x100054b1

10004de8 <usbd_open_edpt_pair>:
10004de8:	e92d 4ff8 	stmdb	sp!, {r3, r4, r5, r6, r7, r8, r9, sl, fp, lr}
10004dec:	9f0a      	ldr	r7, [sp, #40]	@ 0x28
10004dee:	2a00      	cmp	r2, #0
10004df0:	d040      	beq.n	10004e74 <usbd_open_edpt_pair+0x8c>
10004df2:	460c      	mov	r4, r1
10004df4:	461e      	mov	r6, r3
10004df6:	4615      	mov	r5, r2
10004df8:	f04f 0a00 	mov.w	sl, #0
10004dfc:	f8df 907c 	ldr.w	r9, [pc, #124]	@ 10004e7c <usbd_open_edpt_pair+0x94>
10004e00:	f8df 807c 	ldr.w	r8, [pc, #124]	@ 10004e80 <usbd_open_edpt_pair+0x98>
10004e04:	e018      	b.n	10004e38 <usbd_open_edpt_pair+0x50>
10004e06:	4620      	mov	r0, r4
10004e08:	f898 1002 	ldrb.w	r1, [r8, #2]
10004e0c:	f899 b000 	ldrb.w	fp, [r9]
10004e10:	f000 fe0e 	bl	10005a30 <tu_edpt_validate>
10004e14:	b1e0      	cbz	r0, 10004e50 <usbd_open_edpt_pair+0x68>
10004e16:	4621      	mov	r1, r4
10004e18:	4658      	mov	r0, fp
10004e1a:	f7ff fa41 	bl	100042a0 <dcd_edpt_open>
10004e1e:	b1f0      	cbz	r0, 10004e5e <usbd_open_edpt_pair+0x76>
10004e20:	78a2      	ldrb	r2, [r4, #2]
10004e22:	f10a 0a01 	add.w	sl, sl, #1
10004e26:	09d1      	lsrs	r1, r2, #7
10004e28:	bf16      	itet	ne
10004e2a:	9b0b      	ldrne	r3, [sp, #44]	@ 0x2c
10004e2c:	703a      	strbeq	r2, [r7, #0]
10004e2e:	701a      	strbne	r2, [r3, #0]
10004e30:	7822      	ldrb	r2, [r4, #0]
10004e32:	45aa      	cmp	sl, r5
10004e34:	4414      	add	r4, r2
10004e36:	d01d      	beq.n	10004e74 <usbd_open_edpt_pair+0x8c>
10004e38:	7862      	ldrb	r2, [r4, #1]
10004e3a:	2a05      	cmp	r2, #5
10004e3c:	d10f      	bne.n	10004e5e <usbd_open_edpt_pair+0x76>
10004e3e:	78e1      	ldrb	r1, [r4, #3]
10004e40:	f001 0103 	and.w	r1, r1, #3
10004e44:	42b1      	cmp	r1, r6
10004e46:	d10a      	bne.n	10004e5e <usbd_open_edpt_pair+0x76>
10004e48:	78a2      	ldrb	r2, [r4, #2]
10004e4a:	f012 0f70 	tst.w	r2, #112	@ 0x70
10004e4e:	d0da      	beq.n	10004e06 <usbd_open_edpt_pair+0x1e>
10004e50:	f04f 23e0 	mov.w	r3, #3758153728	@ 0xe000e000
10004e54:	f8d3 3df0 	ldr.w	r3, [r3, #3568]	@ 0xdf0
10004e58:	07da      	lsls	r2, r3, #31
10004e5a:	d500      	bpl.n	10004e5e <usbd_open_edpt_pair+0x76>
10004e5c:	be00      	bkpt	0x0000
10004e5e:	f04f 23e0 	mov.w	r3, #3758153728	@ 0xe000e000
10004e62:	f8d3 3df0 	ldr.w	r3, [r3, #3568]	@ 0xdf0
10004e66:	07db      	lsls	r3, r3, #31
10004e68:	d402      	bmi.n	10004e70 <usbd_open_edpt_pair+0x88>
10004e6a:	2000      	movs	r0, #0
10004e6c:	e8bd 8ff8 	ldmia.w	sp!, {r3, r4, r5, r6, r7, r8, r9, sl, fp, pc}
10004e70:	be00      	bkpt	0x0000
10004e72:	e7fa      	b.n	10004e6a <usbd_open_edpt_pair+0x82>
10004e74:	2001      	movs	r0, #1
10004e76:	e8bd 8ff8 	ldmia.w	sp!, {r3, r4, r5, r6, r7, r8, r9, sl, fp, pc}
10004e7a:	bf00      	nop
10004e7c:	200015a4 	.word	0x200015a4
10004e80:	20002030 	.word	0x20002030

10004e84 <usbd_edpt_open>:
10004e84:	b538      	push	{r3, r4, r5, lr}
10004e86:	788b      	ldrb	r3, [r1, #2]
10004e88:	f013 0f70 	tst.w	r3, #112	@ 0x70
10004e8c:	d008      	beq.n	10004ea0 <usbd_edpt_open+0x1c>
10004e8e:	f04f 23e0 	mov.w	r3, #3758153728	@ 0xe000e000
10004e92:	f8d3 3df0 	ldr.w	r3, [r3, #3568]	@ 0xdf0
10004e96:	07db      	lsls	r3, r3, #31
10004e98:	d500      	bpl.n	10004e9c <usbd_edpt_open+0x18>
10004e9a:	be00      	bkpt	0x0000
10004e9c:	2000      	movs	r0, #0
10004e9e:	bd38      	pop	{r3, r4, r5, pc}
10004ea0:	4a07      	ldr	r2, [pc, #28]	@ (10004ec0 <usbd_edpt_open+0x3c>)
10004ea2:	4b08      	ldr	r3, [pc, #32]	@ (10004ec4 <usbd_edpt_open+0x40>)
10004ea4:	460c      	mov	r4, r1
10004ea6:	4608      	mov	r0, r1
10004ea8:	7891      	ldrb	r1, [r2, #2]
10004eaa:	781d      	ldrb	r5, [r3, #0]
10004eac:	f000 fdc0 	bl	10005a30 <tu_edpt_validate>
10004eb0:	2800      	cmp	r0, #0
10004eb2:	d0ec      	beq.n	10004e8e <usbd_edpt_open+0xa>
10004eb4:	4621      	mov	r1, r4
10004eb6:	4628      	mov	r0, r5
10004eb8:	e8bd 4038 	ldmia.w	sp!, {r3, r4, r5, lr}
10004ebc:	f7ff b9f0 	b.w	100042a0 <dcd_edpt_open>
10004ec0:	20002030 	.word	0x20002030
10004ec4:	200015a4 	.word	0x200015a4

10004ec8 <usbd_edpt_claim>:
10004ec8:	460b      	mov	r3, r1
10004eca:	4a06      	ldr	r2, [pc, #24]	@ (10004ee4 <usbd_edpt_claim+0x1c>)
10004ecc:	4806      	ldr	r0, [pc, #24]	@ (10004ee8 <usbd_edpt_claim+0x20>)
10004ece:	6811      	ldr	r1, [r2, #0]
10004ed0:	09da      	lsrs	r2, r3, #7
10004ed2:	3234      	adds	r2, #52	@ 0x34
10004ed4:	f003 037f 	and.w	r3, r3, #127	@ 0x7f
10004ed8:	eb02 0343 	add.w	r3, r2, r3, lsl #1
10004edc:	4418      	add	r0, r3
10004ede:	f000 bd61 	b.w	100059a4 <tu_edpt_claim>
10004ee2:	bf00      	nop
10004ee4:	20002084 	.word	0x20002084
10004ee8:	20002030 	.word	0x20002030

10004eec <usbd_edpt_release>:
10004eec:	460b      	mov	r3, r1
10004eee:	4a06      	ldr	r2, [pc, #24]	@ (10004f08 <usbd_edpt_release+0x1c>)
10004ef0:	4806      	ldr	r0, [pc, #24]	@ (10004f0c <usbd_edpt_release+0x20>)
10004ef2:	6811      	ldr	r1, [r2, #0]
10004ef4:	09da      	lsrs	r2, r3, #7
10004ef6:	3234      	adds	r2, #52	@ 0x34
10004ef8:	f003 037f 	and.w	r3, r3, #127	@ 0x7f
10004efc:	eb02 0343 	add.w	r3, r2, r3, lsl #1
10004f00:	4418      	add	r0, r3
10004f02:	f000 bd79 	b.w	100059f8 <tu_edpt_release>
10004f06:	bf00      	nop
10004f08:	20002084 	.word	0x20002084
10004f0c:	20002030 	.word	0x20002030

10004f10 <usbd_edpt_xfer>:
10004f10:	b510      	push	{r4, lr}
10004f12:	4819      	ldr	r0, [pc, #100]	@ (10004f78 <usbd_edpt_xfer+0x68>)
10004f14:	f001 0c7f 	and.w	ip, r1, #127	@ 0x7f
10004f18:	eb00 004c 	add.w	r0, r0, ip, lsl #1
10004f1c:	eb00 10d1 	add.w	r0, r0, r1, lsr #7
10004f20:	f890 c034 	ldrb.w	ip, [r0, #52]	@ 0x34
10004f24:	f01c 0f01 	tst.w	ip, #1
10004f28:	d008      	beq.n	10004f3c <usbd_edpt_xfer+0x2c>
10004f2a:	f04f 23e0 	mov.w	r3, #3758153728	@ 0xe000e000
10004f2e:	f8d3 3df0 	ldr.w	r3, [r3, #3568]	@ 0xdf0
10004f32:	07da      	lsls	r2, r3, #31
10004f34:	d500      	bpl.n	10004f38 <usbd_edpt_xfer+0x28>
10004f36:	be00      	bkpt	0x0000
10004f38:	2000      	movs	r0, #0
10004f3a:	bd10      	pop	{r4, pc}
10004f3c:	f100 0430 	add.w	r4, r0, #48	@ 0x30
10004f40:	f894 c004 	ldrb.w	ip, [r4, #4]
10004f44:	480d      	ldr	r0, [pc, #52]	@ (10004f7c <usbd_edpt_xfer+0x6c>)
10004f46:	f04c 0c01 	orr.w	ip, ip, #1
10004f4a:	7800      	ldrb	r0, [r0, #0]
10004f4c:	f884 c004 	strb.w	ip, [r4, #4]
10004f50:	f7ff fa2a 	bl	100043a8 <dcd_edpt_xfer>
10004f54:	2800      	cmp	r0, #0
10004f56:	d1f0      	bne.n	10004f3a <usbd_edpt_xfer+0x2a>
10004f58:	f04f 21e0 	mov.w	r1, #3758153728	@ 0xe000e000
10004f5c:	7922      	ldrb	r2, [r4, #4]
10004f5e:	f360 0200 	bfi	r2, r0, #0, #1
10004f62:	7122      	strb	r2, [r4, #4]
10004f64:	7922      	ldrb	r2, [r4, #4]
10004f66:	f360 0282 	bfi	r2, r0, #2, #1
10004f6a:	7122      	strb	r2, [r4, #4]
10004f6c:	f8d1 3df0 	ldr.w	r3, [r1, #3568]	@ 0xdf0
10004f70:	07db      	lsls	r3, r3, #31
10004f72:	d5e1      	bpl.n	10004f38 <usbd_edpt_xfer+0x28>
10004f74:	be00      	bkpt	0x0000
10004f76:	e7df      	b.n	10004f38 <usbd_edpt_xfer+0x28>
10004f78:	20002030 	.word	0x20002030
10004f7c:	200015a4 	.word	0x200015a4

10004f80 <tud_control_status>:
10004f80:	b530      	push	{r4, r5, lr}
10004f82:	4c0b      	ldr	r4, [pc, #44]	@ (10004fb0 <tud_control_status+0x30>)
10004f84:	468c      	mov	ip, r1
10004f86:	46a6      	mov	lr, r4
10004f88:	4605      	mov	r5, r0
10004f8a:	6808      	ldr	r0, [r1, #0]
10004f8c:	6849      	ldr	r1, [r1, #4]
10004f8e:	2300      	movs	r3, #0
10004f90:	e8ae 0003 	stmia.w	lr!, {r0, r1}
10004f94:	f89c 1000 	ldrb.w	r1, [ip]
10004f98:	4628      	mov	r0, r5
10004f9a:	43c9      	mvns	r1, r1
10004f9c:	e9c4 3302 	strd	r3, r3, [r4, #8]
10004fa0:	e8bd 4030 	ldmia.w	sp!, {r4, r5, lr}
10004fa4:	461a      	mov	r2, r3
10004fa6:	f001 0180 	and.w	r1, r1, #128	@ 0x80
10004faa:	f7ff bfb1 	b.w	10004f10 <usbd_edpt_xfer>
10004fae:	bf00      	nop
10004fb0:	20001ff0 	.word	0x20001ff0

10004fb4 <tud_control_xfer>:
10004fb4:	e92d 41f0 	stmdb	sp!, {r4, r5, r6, r7, r8, lr}
10004fb8:	4f28      	ldr	r7, [pc, #160]	@ (1000505c <tud_control_xfer+0xa8>)
10004fba:	f04f 0800 	mov.w	r8, #0
10004fbe:	46be      	mov	lr, r7
10004fc0:	468c      	mov	ip, r1
10004fc2:	4606      	mov	r6, r0
10004fc4:	6808      	ldr	r0, [r1, #0]
10004fc6:	6849      	ldr	r1, [r1, #4]
10004fc8:	60ba      	str	r2, [r7, #8]
10004fca:	e8ae 0003 	stmia.w	lr!, {r0, r1}
10004fce:	f8a7 800e 	strh.w	r8, [r7, #14]
10004fd2:	4615      	mov	r5, r2
10004fd4:	f8bc 2006 	ldrh.w	r2, [ip, #6]
10004fd8:	4293      	cmp	r3, r2
10004fda:	bf28      	it	cs
10004fdc:	4613      	movcs	r3, r2
10004fde:	81bb      	strh	r3, [r7, #12]
10004fe0:	b19a      	cbz	r2, 1000500a <tud_control_xfer+0x56>
10004fe2:	461c      	mov	r4, r3
10004fe4:	b333      	cbz	r3, 10005034 <tud_control_xfer+0x80>
10004fe6:	b1dd      	cbz	r5, 10005020 <tud_control_xfer+0x6c>
10004fe8:	f997 3000 	ldrsb.w	r3, [r7]
10004fec:	2c40      	cmp	r4, #64	@ 0x40
10004fee:	bf28      	it	cs
10004ff0:	2440      	movcs	r4, #64	@ 0x40
10004ff2:	2b00      	cmp	r3, #0
10004ff4:	db29      	blt.n	1000504a <tud_control_xfer+0x96>
10004ff6:	4641      	mov	r1, r8
10004ff8:	4623      	mov	r3, r4
10004ffa:	4630      	mov	r0, r6
10004ffc:	4a18      	ldr	r2, [pc, #96]	@ (10005060 <tud_control_xfer+0xac>)
10004ffe:	f7ff ff87 	bl	10004f10 <usbd_edpt_xfer>
10005002:	b168      	cbz	r0, 10005020 <tud_control_xfer+0x6c>
10005004:	2001      	movs	r0, #1
10005006:	e8bd 81f0 	ldmia.w	sp!, {r4, r5, r6, r7, r8, pc}
1000500a:	f89c 1000 	ldrb.w	r1, [ip]
1000500e:	4613      	mov	r3, r2
10005010:	43c9      	mvns	r1, r1
10005012:	4630      	mov	r0, r6
10005014:	f001 0180 	and.w	r1, r1, #128	@ 0x80
10005018:	f7ff ff7a 	bl	10004f10 <usbd_edpt_xfer>
1000501c:	2800      	cmp	r0, #0
1000501e:	d1f1      	bne.n	10005004 <tud_control_xfer+0x50>
10005020:	f04f 23e0 	mov.w	r3, #3758153728	@ 0xe000e000
10005024:	f8d3 3df0 	ldr.w	r3, [r3, #3568]	@ 0xdf0
10005028:	07db      	lsls	r3, r3, #31
1000502a:	d500      	bpl.n	1000502e <tud_control_xfer+0x7a>
1000502c:	be00      	bkpt	0x0000
1000502e:	2000      	movs	r0, #0
10005030:	e8bd 81f0 	ldmia.w	sp!, {r4, r5, r6, r7, r8, pc}
10005034:	461a      	mov	r2, r3
10005036:	7839      	ldrb	r1, [r7, #0]
10005038:	f001 0180 	and.w	r1, r1, #128	@ 0x80
1000503c:	4623      	mov	r3, r4
1000503e:	4630      	mov	r0, r6
10005040:	f7ff ff66 	bl	10004f10 <usbd_edpt_xfer>
10005044:	2800      	cmp	r0, #0
10005046:	d1dd      	bne.n	10005004 <tud_control_xfer+0x50>
10005048:	e7ea      	b.n	10005020 <tud_control_xfer+0x6c>
1000504a:	4622      	mov	r2, r4
1000504c:	4629      	mov	r1, r5
1000504e:	4804      	ldr	r0, [pc, #16]	@ (10005060 <tud_control_xfer+0xac>)
10005050:	f003 fe1e 	bl	10008c90 <memcpy>
10005054:	2180      	movs	r1, #128	@ 0x80
10005056:	4a02      	ldr	r2, [pc, #8]	@ (10005060 <tud_control_xfer+0xac>)
10005058:	e7f0      	b.n	1000503c <tud_control_xfer+0x88>
1000505a:	bf00      	nop
1000505c:	20001ff0 	.word	0x20001ff0
10005060:	20001fb0 	.word	0x20001fb0

10005064 <usbd_control_reset>:
10005064:	2200      	movs	r2, #0
10005066:	4b03      	ldr	r3, [pc, #12]	@ (10005074 <usbd_control_reset+0x10>)
10005068:	e9c3 2200 	strd	r2, r2, [r3]
1000506c:	e9c3 2202 	strd	r2, r2, [r3, #8]
10005070:	611a      	str	r2, [r3, #16]
10005072:	4770      	bx	lr
10005074:	20001ff0 	.word	0x20001ff0

10005078 <usbd_control_set_complete_callback>:
10005078:	4b01      	ldr	r3, [pc, #4]	@ (10005080 <usbd_control_set_complete_callback+0x8>)
1000507a:	6118      	str	r0, [r3, #16]
1000507c:	4770      	bx	lr
1000507e:	bf00      	nop
10005080:	20001ff0 	.word	0x20001ff0

10005084 <usbd_control_set_request>:
10005084:	b430      	push	{r4, r5}
10005086:	4602      	mov	r2, r0
10005088:	4c04      	ldr	r4, [pc, #16]	@ (1000509c <usbd_control_set_request+0x18>)
1000508a:	2500      	movs	r5, #0
1000508c:	4623      	mov	r3, r4
1000508e:	6800      	ldr	r0, [r0, #0]
10005090:	6851      	ldr	r1, [r2, #4]
10005092:	e9c4 5502 	strd	r5, r5, [r4, #8]
10005096:	bc30      	pop	{r4, r5}
10005098:	c303      	stmia	r3!, {r0, r1}
1000509a:	4770      	bx	lr
1000509c:	20001ff0 	.word	0x20001ff0

100050a0 <usbd_control_xfer_cb>:
100050a0:	b570      	push	{r4, r5, r6, lr}
100050a2:	4c3d      	ldr	r4, [pc, #244]	@ (10005198 <usbd_control_xfer_cb+0xf8>)
100050a4:	09c9      	lsrs	r1, r1, #7
100050a6:	7822      	ldrb	r2, [r4, #0]
100050a8:	4606      	mov	r6, r0
100050aa:	ebb1 1fd2 	cmp.w	r1, r2, lsr #7
100050ae:	461d      	mov	r5, r3
100050b0:	b082      	sub	sp, #8
100050b2:	d017      	beq.n	100050e4 <usbd_control_xfer_cb+0x44>
100050b4:	b153      	cbz	r3, 100050cc <usbd_control_xfer_cb+0x2c>
100050b6:	f04f 23e0 	mov.w	r3, #3758153728	@ 0xe000e000
100050ba:	f8d3 3df0 	ldr.w	r3, [r3, #3568]	@ 0xdf0
100050be:	07db      	lsls	r3, r3, #31
100050c0:	d402      	bmi.n	100050c8 <usbd_control_xfer_cb+0x28>
100050c2:	2000      	movs	r0, #0
100050c4:	b002      	add	sp, #8
100050c6:	bd70      	pop	{r4, r5, r6, pc}
100050c8:	be00      	bkpt	0x0000
100050ca:	e7fa      	b.n	100050c2 <usbd_control_xfer_cb+0x22>
100050cc:	4621      	mov	r1, r4
100050ce:	f7ff f8d9 	bl	10004284 <dcd_edpt0_status_complete>
100050d2:	6923      	ldr	r3, [r4, #16]
100050d4:	b11b      	cbz	r3, 100050de <usbd_control_xfer_cb+0x3e>
100050d6:	4622      	mov	r2, r4
100050d8:	2103      	movs	r1, #3
100050da:	4630      	mov	r0, r6
100050dc:	4798      	blx	r3
100050de:	2001      	movs	r0, #1
100050e0:	b002      	add	sp, #8
100050e2:	bd70      	pop	{r4, r5, r6, pc}
100050e4:	f994 3000 	ldrsb.w	r3, [r4]
100050e8:	2b00      	cmp	r3, #0
100050ea:	db06      	blt.n	100050fa <usbd_control_xfer_cb+0x5a>
100050ec:	68a0      	ldr	r0, [r4, #8]
100050ee:	2800      	cmp	r0, #0
100050f0:	d0e7      	beq.n	100050c2 <usbd_control_xfer_cb+0x22>
100050f2:	462a      	mov	r2, r5
100050f4:	4929      	ldr	r1, [pc, #164]	@ (1000519c <usbd_control_xfer_cb+0xfc>)
100050f6:	f003 fdcb 	bl	10008c90 <memcpy>
100050fa:	89e0      	ldrh	r0, [r4, #14]
100050fc:	68a1      	ldr	r1, [r4, #8]
100050fe:	88e3      	ldrh	r3, [r4, #6]
10005100:	4428      	add	r0, r5
10005102:	b280      	uxth	r0, r0
10005104:	4429      	add	r1, r5
10005106:	4283      	cmp	r3, r0
10005108:	81e0      	strh	r0, [r4, #14]
1000510a:	60a1      	str	r1, [r4, #8]
1000510c:	d016      	beq.n	1000513c <usbd_control_xfer_cb+0x9c>
1000510e:	2d3f      	cmp	r5, #63	@ 0x3f
10005110:	d914      	bls.n	1000513c <usbd_control_xfer_cb+0x9c>
10005112:	89a2      	ldrh	r2, [r4, #12]
10005114:	f994 4000 	ldrsb.w	r4, [r4]
10005118:	1a13      	subs	r3, r2, r0
1000511a:	b29b      	uxth	r3, r3
1000511c:	2b40      	cmp	r3, #64	@ 0x40
1000511e:	bf28      	it	cs
10005120:	2340      	movcs	r3, #64	@ 0x40
10005122:	2c00      	cmp	r4, #0
10005124:	db27      	blt.n	10005176 <usbd_control_xfer_cb+0xd6>
10005126:	4290      	cmp	r0, r2
10005128:	f04f 0100 	mov.w	r1, #0
1000512c:	d031      	beq.n	10005192 <usbd_control_xfer_cb+0xf2>
1000512e:	4a1b      	ldr	r2, [pc, #108]	@ (1000519c <usbd_control_xfer_cb+0xfc>)
10005130:	4630      	mov	r0, r6
10005132:	f7ff feed 	bl	10004f10 <usbd_edpt_xfer>
10005136:	2800      	cmp	r0, #0
10005138:	d1d1      	bne.n	100050de <usbd_control_xfer_cb+0x3e>
1000513a:	e7bc      	b.n	100050b6 <usbd_control_xfer_cb+0x16>
1000513c:	6923      	ldr	r3, [r4, #16]
1000513e:	b123      	cbz	r3, 1000514a <usbd_control_xfer_cb+0xaa>
10005140:	2102      	movs	r1, #2
10005142:	4630      	mov	r0, r6
10005144:	4a14      	ldr	r2, [pc, #80]	@ (10005198 <usbd_control_xfer_cb+0xf8>)
10005146:	4798      	blx	r3
10005148:	b160      	cbz	r0, 10005164 <usbd_control_xfer_cb+0xc4>
1000514a:	7821      	ldrb	r1, [r4, #0]
1000514c:	2300      	movs	r3, #0
1000514e:	43c9      	mvns	r1, r1
10005150:	4630      	mov	r0, r6
10005152:	461a      	mov	r2, r3
10005154:	f001 0180 	and.w	r1, r1, #128	@ 0x80
10005158:	f7ff feda 	bl	10004f10 <usbd_edpt_xfer>
1000515c:	2800      	cmp	r0, #0
1000515e:	d0aa      	beq.n	100050b6 <usbd_control_xfer_cb+0x16>
10005160:	2001      	movs	r0, #1
10005162:	e7bd      	b.n	100050e0 <usbd_control_xfer_cb+0x40>
10005164:	4601      	mov	r1, r0
10005166:	4630      	mov	r0, r6
10005168:	f7ff f932 	bl	100043d0 <dcd_edpt_stall>
1000516c:	2180      	movs	r1, #128	@ 0x80
1000516e:	4630      	mov	r0, r6
10005170:	f7ff f92e 	bl	100043d0 <dcd_edpt_stall>
10005174:	e7b3      	b.n	100050de <usbd_control_xfer_cb+0x3e>
10005176:	4290      	cmp	r0, r2
10005178:	d008      	beq.n	1000518c <usbd_control_xfer_cb+0xec>
1000517a:	461a      	mov	r2, r3
1000517c:	4807      	ldr	r0, [pc, #28]	@ (1000519c <usbd_control_xfer_cb+0xfc>)
1000517e:	9301      	str	r3, [sp, #4]
10005180:	f003 fd86 	bl	10008c90 <memcpy>
10005184:	2180      	movs	r1, #128	@ 0x80
10005186:	4a05      	ldr	r2, [pc, #20]	@ (1000519c <usbd_control_xfer_cb+0xfc>)
10005188:	9b01      	ldr	r3, [sp, #4]
1000518a:	e7d1      	b.n	10005130 <usbd_control_xfer_cb+0x90>
1000518c:	2180      	movs	r1, #128	@ 0x80
1000518e:	2200      	movs	r2, #0
10005190:	e7ce      	b.n	10005130 <usbd_control_xfer_cb+0x90>
10005192:	460a      	mov	r2, r1
10005194:	e7cc      	b.n	10005130 <usbd_control_xfer_cb+0x90>
10005196:	bf00      	nop
10005198:	20001ff0 	.word	0x20001ff0
1000519c:	20001fb0 	.word	0x20001fb0

100051a0 <_prep_out_transaction.isra.0>:
100051a0:	e92d 41f0 	stmdb	sp!, {r4, r5, r6, r7, r8, lr}
100051a4:	4604      	mov	r4, r0
100051a6:	f7ff f9d3 	bl	10004550 <tud_mounted>
100051aa:	b908      	cbnz	r0, 100051b0 <_prep_out_transaction.isra.0+0x10>
100051ac:	e8bd 81f0 	ldmia.w	sp!, {r4, r5, r6, r7, r8, pc}
100051b0:	f7ff f9d6 	bl	10004560 <tud_suspended>
100051b4:	4605      	mov	r5, r0
100051b6:	2800      	cmp	r0, #0
100051b8:	d1f8      	bne.n	100051ac <_prep_out_transaction.isra.0+0xc>
100051ba:	23c8      	movs	r3, #200	@ 0xc8
100051bc:	fb04 f303 	mul.w	r3, r4, r3
100051c0:	4e12      	ldr	r6, [pc, #72]	@ (1000520c <_prep_out_transaction.isra.0+0x6c>)
100051c2:	18f7      	adds	r7, r6, r3
100051c4:	78f9      	ldrb	r1, [r7, #3]
100051c6:	2900      	cmp	r1, #0
100051c8:	d0f0      	beq.n	100051ac <_prep_out_transaction.isra.0+0xc>
100051ca:	3310      	adds	r3, #16
100051cc:	441e      	add	r6, r3
100051ce:	4630      	mov	r0, r6
100051d0:	f000 fdd2 	bl	10005d78 <tu_fifo_remaining>
100051d4:	283f      	cmp	r0, #63	@ 0x3f
100051d6:	d9e9      	bls.n	100051ac <_prep_out_transaction.isra.0+0xc>
100051d8:	4628      	mov	r0, r5
100051da:	78f9      	ldrb	r1, [r7, #3]
100051dc:	f7ff fe74 	bl	10004ec8 <usbd_edpt_claim>
100051e0:	2800      	cmp	r0, #0
100051e2:	d0e3      	beq.n	100051ac <_prep_out_transaction.isra.0+0xc>
100051e4:	4630      	mov	r0, r6
100051e6:	f000 fdc7 	bl	10005d78 <tu_fifo_remaining>
100051ea:	283f      	cmp	r0, #63	@ 0x3f
100051ec:	78f9      	ldrb	r1, [r7, #3]
100051ee:	d908      	bls.n	10005202 <_prep_out_transaction.isra.0+0x62>
100051f0:	4a07      	ldr	r2, [pc, #28]	@ (10005210 <_prep_out_transaction.isra.0+0x70>)
100051f2:	4628      	mov	r0, r5
100051f4:	eb02 12c4 	add.w	r2, r2, r4, lsl #7
100051f8:	2340      	movs	r3, #64	@ 0x40
100051fa:	e8bd 41f0 	ldmia.w	sp!, {r4, r5, r6, r7, r8, lr}
100051fe:	f7ff be87 	b.w	10004f10 <usbd_edpt_xfer>
10005202:	4628      	mov	r0, r5
10005204:	e8bd 41f0 	ldmia.w	sp!, {r4, r5, r6, r7, r8, lr}
10005208:	f7ff be70 	b.w	10004eec <usbd_edpt_release>
1000520c:	20001ee8 	.word	0x20001ee8
10005210:	20001e64 	.word	0x20001e64

10005214 <tud_cdc_n_connected>:
10005214:	b510      	push	{r4, lr}
10005216:	4604      	mov	r4, r0
10005218:	f7ff f99a 	bl	10004550 <tud_mounted>
1000521c:	b908      	cbnz	r0, 10005222 <tud_cdc_n_connected+0xe>
1000521e:	2000      	movs	r0, #0
10005220:	bd10      	pop	{r4, pc}
10005222:	f7ff f99d 	bl	10004560 <tud_suspended>
10005226:	2800      	cmp	r0, #0
10005228:	d1f9      	bne.n	1000521e <tud_cdc_n_connected+0xa>
1000522a:	22c8      	movs	r2, #200	@ 0xc8
1000522c:	4b03      	ldr	r3, [pc, #12]	@ (1000523c <tud_cdc_n_connected+0x28>)
1000522e:	fb02 3304 	mla	r3, r2, r4, r3
10005232:	7918      	ldrb	r0, [r3, #4]
10005234:	f000 0001 	and.w	r0, r0, #1
10005238:	bd10      	pop	{r4, pc}
1000523a:	bf00      	nop
1000523c:	20001ee8 	.word	0x20001ee8

10005240 <tud_cdc_n_available>:
10005240:	22c8      	movs	r2, #200	@ 0xc8
10005242:	b508      	push	{r3, lr}
10005244:	4b02      	ldr	r3, [pc, #8]	@ (10005250 <tud_cdc_n_available+0x10>)
10005246:	fb02 3000 	mla	r0, r2, r0, r3
1000524a:	f000 fd7b 	bl	10005d44 <tu_fifo_count>
1000524e:	bd08      	pop	{r3, pc}
10005250:	20001ef8 	.word	0x20001ef8

10005254 <tud_cdc_n_read>:
10005254:	e92d 43f8 	stmdb	sp!, {r3, r4, r5, r6, r7, r8, r9, lr}
10005258:	f64f 73ff 	movw	r3, #65535	@ 0xffff
1000525c:	24c8      	movs	r4, #200	@ 0xc8
1000525e:	429a      	cmp	r2, r3
10005260:	bf28      	it	cs
10005262:	461a      	movcs	r2, r3
10005264:	fb00 f404 	mul.w	r4, r0, r4
10005268:	f8df 8074 	ldr.w	r8, [pc, #116]	@ 100052e0 <tud_cdc_n_read+0x8c>
1000526c:	f104 0510 	add.w	r5, r4, #16
10005270:	4445      	add	r5, r8
10005272:	4606      	mov	r6, r0
10005274:	b292      	uxth	r2, r2
10005276:	4628      	mov	r0, r5
10005278:	f000 fdda 	bl	10005e30 <tu_fifo_read_n>
1000527c:	4607      	mov	r7, r0
1000527e:	f7ff f967 	bl	10004550 <tud_mounted>
10005282:	b910      	cbnz	r0, 1000528a <tud_cdc_n_read+0x36>
10005284:	4638      	mov	r0, r7
10005286:	e8bd 83f8 	ldmia.w	sp!, {r3, r4, r5, r6, r7, r8, r9, pc}
1000528a:	f7ff f969 	bl	10004560 <tud_suspended>
1000528e:	4681      	mov	r9, r0
10005290:	2800      	cmp	r0, #0
10005292:	d1f7      	bne.n	10005284 <tud_cdc_n_read+0x30>
10005294:	44a0      	add	r8, r4
10005296:	f898 3003 	ldrb.w	r3, [r8, #3]
1000529a:	2b00      	cmp	r3, #0
1000529c:	d0f2      	beq.n	10005284 <tud_cdc_n_read+0x30>
1000529e:	4628      	mov	r0, r5
100052a0:	f000 fd6a 	bl	10005d78 <tu_fifo_remaining>
100052a4:	283f      	cmp	r0, #63	@ 0x3f
100052a6:	d9ed      	bls.n	10005284 <tud_cdc_n_read+0x30>
100052a8:	4648      	mov	r0, r9
100052aa:	f898 1003 	ldrb.w	r1, [r8, #3]
100052ae:	f7ff fe0b 	bl	10004ec8 <usbd_edpt_claim>
100052b2:	2800      	cmp	r0, #0
100052b4:	d0e6      	beq.n	10005284 <tud_cdc_n_read+0x30>
100052b6:	4628      	mov	r0, r5
100052b8:	f000 fd5e 	bl	10005d78 <tu_fifo_remaining>
100052bc:	283f      	cmp	r0, #63	@ 0x3f
100052be:	f898 1003 	ldrb.w	r1, [r8, #3]
100052c2:	d907      	bls.n	100052d4 <tud_cdc_n_read+0x80>
100052c4:	4a05      	ldr	r2, [pc, #20]	@ (100052dc <tud_cdc_n_read+0x88>)
100052c6:	4648      	mov	r0, r9
100052c8:	2340      	movs	r3, #64	@ 0x40
100052ca:	eb02 12c6 	add.w	r2, r2, r6, lsl #7
100052ce:	f7ff fe1f 	bl	10004f10 <usbd_edpt_xfer>
100052d2:	e7d7      	b.n	10005284 <tud_cdc_n_read+0x30>
100052d4:	4648      	mov	r0, r9
100052d6:	f7ff fe09 	bl	10004eec <usbd_edpt_release>
100052da:	e7d3      	b.n	10005284 <tud_cdc_n_read+0x30>
100052dc:	20001e64 	.word	0x20001e64
100052e0:	20001ee8 	.word	0x20001ee8

100052e4 <tud_cdc_n_write_flush>:
100052e4:	e92d 41f0 	stmdb	sp!, {r4, r5, r6, r7, r8, lr}
100052e8:	4604      	mov	r4, r0
100052ea:	f7ff f931 	bl	10004550 <tud_mounted>
100052ee:	b910      	cbnz	r0, 100052f6 <tud_cdc_n_write_flush+0x12>
100052f0:	2000      	movs	r0, #0
100052f2:	e8bd 81f0 	ldmia.w	sp!, {r4, r5, r6, r7, r8, pc}
100052f6:	f7ff f933 	bl	10004560 <tud_suspended>
100052fa:	4605      	mov	r5, r0
100052fc:	2800      	cmp	r0, #0
100052fe:	d1f7      	bne.n	100052f0 <tud_cdc_n_write_flush+0xc>
10005300:	26c8      	movs	r6, #200	@ 0xc8
10005302:	fb04 f606 	mul.w	r6, r4, r6
10005306:	f8df 8064 	ldr.w	r8, [pc, #100]	@ 1000536c <tud_cdc_n_write_flush+0x88>
1000530a:	f106 0724 	add.w	r7, r6, #36	@ 0x24
1000530e:	4447      	add	r7, r8
10005310:	4638      	mov	r0, r7
10005312:	f000 fd17 	bl	10005d44 <tu_fifo_count>
10005316:	2800      	cmp	r0, #0
10005318:	d0ea      	beq.n	100052f0 <tud_cdc_n_write_flush+0xc>
1000531a:	44b0      	add	r8, r6
1000531c:	4628      	mov	r0, r5
1000531e:	f898 1002 	ldrb.w	r1, [r8, #2]
10005322:	f7ff fdd1 	bl	10004ec8 <usbd_edpt_claim>
10005326:	2800      	cmp	r0, #0
10005328:	d0e2      	beq.n	100052f0 <tud_cdc_n_write_flush+0xc>
1000532a:	4e0f      	ldr	r6, [pc, #60]	@ (10005368 <tud_cdc_n_write_flush+0x84>)
1000532c:	4638      	mov	r0, r7
1000532e:	eb06 16c4 	add.w	r6, r6, r4, lsl #7
10005332:	4631      	mov	r1, r6
10005334:	2240      	movs	r2, #64	@ 0x40
10005336:	f000 fd7b 	bl	10005e30 <tu_fifo_read_n>
1000533a:	f898 1002 	ldrb.w	r1, [r8, #2]
1000533e:	4604      	mov	r4, r0
10005340:	b168      	cbz	r0, 1000535e <tud_cdc_n_write_flush+0x7a>
10005342:	4603      	mov	r3, r0
10005344:	4632      	mov	r2, r6
10005346:	4628      	mov	r0, r5
10005348:	f7ff fde2 	bl	10004f10 <usbd_edpt_xfer>
1000534c:	b950      	cbnz	r0, 10005364 <tud_cdc_n_write_flush+0x80>
1000534e:	f04f 23e0 	mov.w	r3, #3758153728	@ 0xe000e000
10005352:	f8d3 3df0 	ldr.w	r3, [r3, #3568]	@ 0xdf0
10005356:	07db      	lsls	r3, r3, #31
10005358:	d5ca      	bpl.n	100052f0 <tud_cdc_n_write_flush+0xc>
1000535a:	be00      	bkpt	0x0000
1000535c:	e7c8      	b.n	100052f0 <tud_cdc_n_write_flush+0xc>
1000535e:	f7ff fdc5 	bl	10004eec <usbd_edpt_release>
10005362:	e7c5      	b.n	100052f0 <tud_cdc_n_write_flush+0xc>
10005364:	4620      	mov	r0, r4
10005366:	e7c4      	b.n	100052f2 <tud_cdc_n_write_flush+0xe>
10005368:	20001ea4 	.word	0x20001ea4
1000536c:	20001ee8 	.word	0x20001ee8

10005370 <tud_cdc_n_write>:
10005370:	b538      	push	{r3, r4, r5, lr}
10005372:	f64f 75ff 	movw	r5, #65535	@ 0xffff
10005376:	23c8      	movs	r3, #200	@ 0xc8
10005378:	42aa      	cmp	r2, r5
1000537a:	bf28      	it	cs
1000537c:	462a      	movcs	r2, r5
1000537e:	4c0b      	ldr	r4, [pc, #44]	@ (100053ac <tud_cdc_n_write+0x3c>)
10005380:	b292      	uxth	r2, r2
10005382:	fb03 4400 	mla	r4, r3, r0, r4
10005386:	4605      	mov	r5, r0
10005388:	4620      	mov	r0, r4
1000538a:	f000 fe0f 	bl	10005fac <tu_fifo_write_n>
1000538e:	4603      	mov	r3, r0
10005390:	4620      	mov	r0, r4
10005392:	461c      	mov	r4, r3
10005394:	f000 fcd6 	bl	10005d44 <tu_fifo_count>
10005398:	283f      	cmp	r0, #63	@ 0x3f
1000539a:	d801      	bhi.n	100053a0 <tud_cdc_n_write+0x30>
1000539c:	4620      	mov	r0, r4
1000539e:	bd38      	pop	{r3, r4, r5, pc}
100053a0:	4628      	mov	r0, r5
100053a2:	f7ff ff9f 	bl	100052e4 <tud_cdc_n_write_flush>
100053a6:	4620      	mov	r0, r4
100053a8:	bd38      	pop	{r3, r4, r5, pc}
100053aa:	bf00      	nop
100053ac:	20001f0c 	.word	0x20001f0c

100053b0 <tud_cdc_n_write_available>:
100053b0:	22c8      	movs	r2, #200	@ 0xc8
100053b2:	b508      	push	{r3, lr}
100053b4:	4b02      	ldr	r3, [pc, #8]	@ (100053c0 <tud_cdc_n_write_available+0x10>)
100053b6:	fb02 3000 	mla	r0, r2, r0, r3
100053ba:	f000 fcdd 	bl	10005d78 <tu_fifo_remaining>
100053be:	bd08      	pop	{r3, pc}
100053c0:	20001f0c 	.word	0x20001f0c

100053c4 <cdcd_init>:
100053c4:	b5f0      	push	{r4, r5, r6, r7, lr}
100053c6:	2400      	movs	r4, #0
100053c8:	b083      	sub	sp, #12
100053ca:	22c8      	movs	r2, #200	@ 0xc8
100053cc:	2100      	movs	r1, #0
100053ce:	4817      	ldr	r0, [pc, #92]	@ (1000542c <cdcd_init+0x68>)
100053d0:	f003 fbe6 	bl	10008ba0 <memset>
100053d4:	23ff      	movs	r3, #255	@ 0xff
100053d6:	f44f 31e1 	mov.w	r1, #115200	@ 0x1c200
100053da:	2208      	movs	r2, #8
100053dc:	4814      	ldr	r0, [pc, #80]	@ (10005430 <cdcd_init+0x6c>)
100053de:	7004      	strb	r4, [r0, #0]
100053e0:	4812      	ldr	r0, [pc, #72]	@ (1000542c <cdcd_init+0x68>)
100053e2:	9400      	str	r4, [sp, #0]
100053e4:	4607      	mov	r7, r0
100053e6:	7143      	strb	r3, [r0, #5]
100053e8:	6081      	str	r1, [r0, #8]
100053ea:	7382      	strb	r2, [r0, #14]
100053ec:	f100 0138 	add.w	r1, r0, #56	@ 0x38
100053f0:	2301      	movs	r3, #1
100053f2:	2240      	movs	r2, #64	@ 0x40
100053f4:	3010      	adds	r0, #16
100053f6:	f000 fc75 	bl	10005ce4 <tu_fifo_config>
100053fa:	2301      	movs	r3, #1
100053fc:	2240      	movs	r2, #64	@ 0x40
100053fe:	f107 0178 	add.w	r1, r7, #120	@ 0x78
10005402:	9300      	str	r3, [sp, #0]
10005404:	f107 06b8 	add.w	r6, r7, #184	@ 0xb8
10005408:	f107 0024 	add.w	r0, r7, #36	@ 0x24
1000540c:	f000 fc6a 	bl	10005ce4 <tu_fifo_config>
10005410:	f107 05c0 	add.w	r5, r7, #192	@ 0xc0
10005414:	4630      	mov	r0, r6
10005416:	f7fb fd61 	bl	10000edc <mutex_init>
1000541a:	4628      	mov	r0, r5
1000541c:	f7fb fd5e 	bl	10000edc <mutex_init>
10005420:	e9c7 4607 	strd	r4, r6, [r7, #28]
10005424:	e9c7 540c 	strd	r5, r4, [r7, #48]	@ 0x30
10005428:	b003      	add	sp, #12
1000542a:	bdf0      	pop	{r4, r5, r6, r7, pc}
1000542c:	20001ee8 	.word	0x20001ee8
10005430:	20001ee4 	.word	0x20001ee4

10005434 <cdcd_deinit>:
10005434:	4a0a      	ldr	r2, [pc, #40]	@ (10005460 <cdcd_deinit+0x2c>)
10005436:	6b11      	ldr	r1, [r2, #48]	@ 0x30
10005438:	6a13      	ldr	r3, [r2, #32]
1000543a:	b161      	cbz	r1, 10005456 <cdcd_deinit+0x22>
1000543c:	b13b      	cbz	r3, 1000544e <cdcd_deinit+0x1a>
1000543e:	2300      	movs	r3, #0
10005440:	e9c2 330c 	strd	r3, r3, [r2, #48]	@ 0x30
10005444:	61d3      	str	r3, [r2, #28]
10005446:	2300      	movs	r3, #0
10005448:	6213      	str	r3, [r2, #32]
1000544a:	2001      	movs	r0, #1
1000544c:	4770      	bx	lr
1000544e:	2001      	movs	r0, #1
10005450:	e9c2 330c 	strd	r3, r3, [r2, #48]	@ 0x30
10005454:	4770      	bx	lr
10005456:	2b00      	cmp	r3, #0
10005458:	d0f7      	beq.n	1000544a <cdcd_deinit+0x16>
1000545a:	61d1      	str	r1, [r2, #28]
1000545c:	e7f3      	b.n	10005446 <cdcd_deinit+0x12>
1000545e:	bf00      	nop
10005460:	20001ee8 	.word	0x20001ee8

10005464 <cdcd_reset>:
10005464:	2200      	movs	r2, #0
10005466:	b510      	push	{r4, lr}
10005468:	4c0e      	ldr	r4, [pc, #56]	@ (100054a4 <cdcd_reset+0x40>)
1000546a:	480f      	ldr	r0, [pc, #60]	@ (100054a8 <cdcd_reset+0x44>)
1000546c:	7823      	ldrb	r3, [r4, #0]
1000546e:	6002      	str	r2, [r0, #0]
10005470:	7102      	strb	r2, [r0, #4]
10005472:	07da      	lsls	r2, r3, #31
10005474:	d507      	bpl.n	10005486 <cdcd_reset+0x22>
10005476:	079b      	lsls	r3, r3, #30
10005478:	d50b      	bpl.n	10005492 <cdcd_reset+0x2e>
1000547a:	e8bd 4010 	ldmia.w	sp!, {r4, lr}
1000547e:	2101      	movs	r1, #1
10005480:	480a      	ldr	r0, [pc, #40]	@ (100054ac <cdcd_reset+0x48>)
10005482:	f000 be5d 	b.w	10006140 <tu_fifo_set_overwritable>
10005486:	3010      	adds	r0, #16
10005488:	f000 fe3e 	bl	10006108 <tu_fifo_clear>
1000548c:	7823      	ldrb	r3, [r4, #0]
1000548e:	079b      	lsls	r3, r3, #30
10005490:	d4f3      	bmi.n	1000547a <cdcd_reset+0x16>
10005492:	4806      	ldr	r0, [pc, #24]	@ (100054ac <cdcd_reset+0x48>)
10005494:	f000 fe38 	bl	10006108 <tu_fifo_clear>
10005498:	e8bd 4010 	ldmia.w	sp!, {r4, lr}
1000549c:	2101      	movs	r1, #1
1000549e:	4803      	ldr	r0, [pc, #12]	@ (100054ac <cdcd_reset+0x48>)
100054a0:	f000 be4e 	b.w	10006140 <tu_fifo_set_overwritable>
100054a4:	20001ee4 	.word	0x20001ee4
100054a8:	20001ee8 	.word	0x20001ee8
100054ac:	20001f0c 	.word	0x20001f0c

100054b0 <cdcd_open>:
100054b0:	b5f0      	push	{r4, r5, r6, r7, lr}
100054b2:	794b      	ldrb	r3, [r1, #5]
100054b4:	b083      	sub	sp, #12
100054b6:	2b02      	cmp	r3, #2
100054b8:	d102      	bne.n	100054c0 <cdcd_open+0x10>
100054ba:	798b      	ldrb	r3, [r1, #6]
100054bc:	2b02      	cmp	r3, #2
100054be:	d003      	beq.n	100054c8 <cdcd_open+0x18>
100054c0:	2500      	movs	r5, #0
100054c2:	4628      	mov	r0, r5
100054c4:	b003      	add	sp, #12
100054c6:	bdf0      	pop	{r4, r5, r6, r7, pc}
100054c8:	4f27      	ldr	r7, [pc, #156]	@ (10005568 <cdcd_open+0xb8>)
100054ca:	78bb      	ldrb	r3, [r7, #2]
100054cc:	b13b      	cbz	r3, 100054de <cdcd_open+0x2e>
100054ce:	f04f 23e0 	mov.w	r3, #3758153728	@ 0xe000e000
100054d2:	f8d3 3df0 	ldr.w	r3, [r3, #3568]	@ 0xdf0
100054d6:	07db      	lsls	r3, r3, #31
100054d8:	d5f2      	bpl.n	100054c0 <cdcd_open+0x10>
100054da:	be00      	bkpt	0x0000
100054dc:	e7f0      	b.n	100054c0 <cdcd_open+0x10>
100054de:	788b      	ldrb	r3, [r1, #2]
100054e0:	4606      	mov	r6, r0
100054e2:	703b      	strb	r3, [r7, #0]
100054e4:	780b      	ldrb	r3, [r1, #0]
100054e6:	18cc      	adds	r4, r1, r3
100054e8:	7861      	ldrb	r1, [r4, #1]
100054ea:	2924      	cmp	r1, #36	@ 0x24
100054ec:	bf08      	it	eq
100054ee:	2509      	moveq	r5, #9
100054f0:	d007      	beq.n	10005502 <cdcd_open+0x52>
100054f2:	e036      	b.n	10005562 <cdcd_open+0xb2>
100054f4:	7823      	ldrb	r3, [r4, #0]
100054f6:	441c      	add	r4, r3
100054f8:	7861      	ldrb	r1, [r4, #1]
100054fa:	442b      	add	r3, r5
100054fc:	2924      	cmp	r1, #36	@ 0x24
100054fe:	b29d      	uxth	r5, r3
10005500:	d107      	bne.n	10005512 <cdcd_open+0x62>
10005502:	42aa      	cmp	r2, r5
10005504:	d2f6      	bcs.n	100054f4 <cdcd_open+0x44>
10005506:	2000      	movs	r0, #0
10005508:	f7ff fe4a 	bl	100051a0 <_prep_out_transaction.isra.0>
1000550c:	4628      	mov	r0, r5
1000550e:	b003      	add	sp, #12
10005510:	bdf0      	pop	{r4, r5, r6, r7, pc}
10005512:	460b      	mov	r3, r1
10005514:	2905      	cmp	r1, #5
10005516:	d016      	beq.n	10005546 <cdcd_open+0x96>
10005518:	2b04      	cmp	r3, #4
1000551a:	d1f4      	bne.n	10005506 <cdcd_open+0x56>
1000551c:	7963      	ldrb	r3, [r4, #5]
1000551e:	2b0a      	cmp	r3, #10
10005520:	d1f1      	bne.n	10005506 <cdcd_open+0x56>
10005522:	4b12      	ldr	r3, [pc, #72]	@ (1000556c <cdcd_open+0xbc>)
10005524:	7827      	ldrb	r7, [r4, #0]
10005526:	9301      	str	r3, [sp, #4]
10005528:	3301      	adds	r3, #1
1000552a:	9300      	str	r3, [sp, #0]
1000552c:	2302      	movs	r3, #2
1000552e:	4630      	mov	r0, r6
10005530:	461a      	mov	r2, r3
10005532:	19e1      	adds	r1, r4, r7
10005534:	f7ff fc58 	bl	10004de8 <usbd_open_edpt_pair>
10005538:	2800      	cmp	r0, #0
1000553a:	d0c8      	beq.n	100054ce <cdcd_open+0x1e>
1000553c:	350e      	adds	r5, #14
1000553e:	fa17 f585 	uxtah	r5, r7, r5
10005542:	b2ad      	uxth	r5, r5
10005544:	e7df      	b.n	10005506 <cdcd_open+0x56>
10005546:	4621      	mov	r1, r4
10005548:	4630      	mov	r0, r6
1000554a:	f7ff fc9b 	bl	10004e84 <usbd_edpt_open>
1000554e:	2800      	cmp	r0, #0
10005550:	d0bd      	beq.n	100054ce <cdcd_open+0x1e>
10005552:	78a3      	ldrb	r3, [r4, #2]
10005554:	707b      	strb	r3, [r7, #1]
10005556:	7823      	ldrb	r3, [r4, #0]
10005558:	195a      	adds	r2, r3, r5
1000555a:	441c      	add	r4, r3
1000555c:	7863      	ldrb	r3, [r4, #1]
1000555e:	b295      	uxth	r5, r2
10005560:	e7da      	b.n	10005518 <cdcd_open+0x68>
10005562:	460b      	mov	r3, r1
10005564:	2509      	movs	r5, #9
10005566:	e7d5      	b.n	10005514 <cdcd_open+0x64>
10005568:	20001ee8 	.word	0x20001ee8
1000556c:	20001eea 	.word	0x20001eea

10005570 <cdcd_control_xfer_cb>:
10005570:	7813      	ldrb	r3, [r2, #0]
10005572:	f003 0360 	and.w	r3, r3, #96	@ 0x60
10005576:	2b20      	cmp	r3, #32
10005578:	d108      	bne.n	1000558c <cdcd_control_xfer_cb+0x1c>
1000557a:	b570      	push	{r4, r5, r6, lr}
1000557c:	4c26      	ldr	r4, [pc, #152]	@ (10005618 <cdcd_control_xfer_cb+0xa8>)
1000557e:	8893      	ldrh	r3, [r2, #4]
10005580:	f894 c000 	ldrb.w	ip, [r4]
10005584:	459c      	cmp	ip, r3
10005586:	d003      	beq.n	10005590 <cdcd_control_xfer_cb+0x20>
10005588:	2000      	movs	r0, #0
1000558a:	bd70      	pop	{r4, r5, r6, pc}
1000558c:	2000      	movs	r0, #0
1000558e:	4770      	bx	lr
10005590:	7853      	ldrb	r3, [r2, #1]
10005592:	3b20      	subs	r3, #32
10005594:	2b03      	cmp	r3, #3
10005596:	d8f7      	bhi.n	10005588 <cdcd_control_xfer_cb+0x18>
10005598:	e8df f003 	tbb	[pc, r3]
1000559c:	020d2327 	.word	0x020d2327
100055a0:	2901      	cmp	r1, #1
100055a2:	d02e      	beq.n	10005602 <cdcd_control_xfer_cb+0x92>
100055a4:	2903      	cmp	r1, #3
100055a6:	d11e      	bne.n	100055e6 <cdcd_control_xfer_cb+0x76>
100055a8:	4b1c      	ldr	r3, [pc, #112]	@ (1000561c <cdcd_control_xfer_cb+0xac>)
100055aa:	b1e3      	cbz	r3, 100055e6 <cdcd_control_xfer_cb+0x76>
100055ac:	2000      	movs	r0, #0
100055ae:	8851      	ldrh	r1, [r2, #2]
100055b0:	f3af 8000 	nop.w
100055b4:	e017      	b.n	100055e6 <cdcd_control_xfer_cb+0x76>
100055b6:	2901      	cmp	r1, #1
100055b8:	d023      	beq.n	10005602 <cdcd_control_xfer_cb+0x92>
100055ba:	2903      	cmp	r1, #3
100055bc:	d113      	bne.n	100055e6 <cdcd_control_xfer_cb+0x76>
100055be:	8855      	ldrh	r5, [r2, #2]
100055c0:	4817      	ldr	r0, [pc, #92]	@ (10005620 <cdcd_control_xfer_cb+0xb0>)
100055c2:	f005 0601 	and.w	r6, r5, #1
100055c6:	f086 0101 	eor.w	r1, r6, #1
100055ca:	7125      	strb	r5, [r4, #4]
100055cc:	f000 fdb8 	bl	10006140 <tu_fifo_set_overwritable>
100055d0:	4b14      	ldr	r3, [pc, #80]	@ (10005624 <cdcd_control_xfer_cb+0xb4>)
100055d2:	b143      	cbz	r3, 100055e6 <cdcd_control_xfer_cb+0x76>
100055d4:	4631      	mov	r1, r6
100055d6:	2000      	movs	r0, #0
100055d8:	f3c5 0240 	ubfx	r2, r5, #1, #1
100055dc:	f3af 8000 	nop.w
100055e0:	e001      	b.n	100055e6 <cdcd_control_xfer_cb+0x76>
100055e2:	2901      	cmp	r1, #1
100055e4:	d011      	beq.n	1000560a <cdcd_control_xfer_cb+0x9a>
100055e6:	2001      	movs	r0, #1
100055e8:	bd70      	pop	{r4, r5, r6, pc}
100055ea:	2901      	cmp	r1, #1
100055ec:	d00d      	beq.n	1000560a <cdcd_control_xfer_cb+0x9a>
100055ee:	2903      	cmp	r1, #3
100055f0:	d1f9      	bne.n	100055e6 <cdcd_control_xfer_cb+0x76>
100055f2:	4b0d      	ldr	r3, [pc, #52]	@ (10005628 <cdcd_control_xfer_cb+0xb8>)
100055f4:	2b00      	cmp	r3, #0
100055f6:	d0f6      	beq.n	100055e6 <cdcd_control_xfer_cb+0x76>
100055f8:	2000      	movs	r0, #0
100055fa:	490c      	ldr	r1, [pc, #48]	@ (1000562c <cdcd_control_xfer_cb+0xbc>)
100055fc:	f7fe faac 	bl	10003b58 <tud_cdc_line_coding_cb>
10005600:	e7f1      	b.n	100055e6 <cdcd_control_xfer_cb+0x76>
10005602:	4611      	mov	r1, r2
10005604:	f7ff fcbc 	bl	10004f80 <tud_control_status>
10005608:	e7ed      	b.n	100055e6 <cdcd_control_xfer_cb+0x76>
1000560a:	4611      	mov	r1, r2
1000560c:	2307      	movs	r3, #7
1000560e:	4a07      	ldr	r2, [pc, #28]	@ (1000562c <cdcd_control_xfer_cb+0xbc>)
10005610:	f7ff fcd0 	bl	10004fb4 <tud_control_xfer>
10005614:	e7e7      	b.n	100055e6 <cdcd_control_xfer_cb+0x76>
10005616:	bf00      	nop
10005618:	20001ee8 	.word	0x20001ee8
1000561c:	00000000 	.word	0x00000000
10005620:	20001f0c 	.word	0x20001f0c
10005624:	00000000 	.word	0x00000000
10005628:	10003b59 	.word	0x10003b59
1000562c:	20001ef0 	.word	0x20001ef0

10005630 <cdcd_xfer_cb>:
10005630:	e92d 43f8 	stmdb	sp!, {r3, r4, r5, r6, r7, r8, r9, lr}
10005634:	4e35      	ldr	r6, [pc, #212]	@ (1000570c <cdcd_xfer_cb+0xdc>)
10005636:	460c      	mov	r4, r1
10005638:	78f2      	ldrb	r2, [r6, #3]
1000563a:	4607      	mov	r7, r0
1000563c:	428a      	cmp	r2, r1
1000563e:	461d      	mov	r5, r3
10005640:	d03d      	beq.n	100056be <cdcd_xfer_cb+0x8e>
10005642:	78b3      	ldrb	r3, [r6, #2]
10005644:	428b      	cmp	r3, r1
10005646:	d012      	beq.n	1000566e <cdcd_xfer_cb+0x3e>
10005648:	f04f 23e0 	mov.w	r3, #3758153728	@ 0xe000e000
1000564c:	f8d3 3df0 	ldr.w	r3, [r3, #3568]	@ 0xdf0
10005650:	07db      	lsls	r3, r3, #31
10005652:	d432      	bmi.n	100056ba <cdcd_xfer_cb+0x8a>
10005654:	2000      	movs	r0, #0
10005656:	e8bd 83f8 	ldmia.w	sp!, {r3, r4, r5, r6, r7, r8, r9, pc}
1000565a:	4b2d      	ldr	r3, [pc, #180]	@ (10005710 <cdcd_xfer_cb+0xe0>)
1000565c:	b123      	cbz	r3, 10005668 <cdcd_xfer_cb+0x38>
1000565e:	482d      	ldr	r0, [pc, #180]	@ (10005714 <cdcd_xfer_cb+0xe4>)
10005660:	f000 fb80 	bl	10005d64 <tu_fifo_empty>
10005664:	2800      	cmp	r0, #0
10005666:	d04d      	beq.n	10005704 <cdcd_xfer_cb+0xd4>
10005668:	2000      	movs	r0, #0
1000566a:	f7ff fd99 	bl	100051a0 <_prep_out_transaction.isra.0>
1000566e:	78b3      	ldrb	r3, [r6, #2]
10005670:	42a3      	cmp	r3, r4
10005672:	d001      	beq.n	10005678 <cdcd_xfer_cb+0x48>
10005674:	2001      	movs	r0, #1
10005676:	e7ee      	b.n	10005656 <cdcd_xfer_cb+0x26>
10005678:	4b27      	ldr	r3, [pc, #156]	@ (10005718 <cdcd_xfer_cb+0xe8>)
1000567a:	b113      	cbz	r3, 10005682 <cdcd_xfer_cb+0x52>
1000567c:	2000      	movs	r0, #0
1000567e:	f3af 8000 	nop.w
10005682:	2000      	movs	r0, #0
10005684:	f7ff fe2e 	bl	100052e4 <tud_cdc_n_write_flush>
10005688:	2800      	cmp	r0, #0
1000568a:	d1f3      	bne.n	10005674 <cdcd_xfer_cb+0x44>
1000568c:	4823      	ldr	r0, [pc, #140]	@ (1000571c <cdcd_xfer_cb+0xec>)
1000568e:	f000 fb59 	bl	10005d44 <tu_fifo_count>
10005692:	2800      	cmp	r0, #0
10005694:	d1ee      	bne.n	10005674 <cdcd_xfer_cb+0x44>
10005696:	2d00      	cmp	r5, #0
10005698:	d0ec      	beq.n	10005674 <cdcd_xfer_cb+0x44>
1000569a:	f015 053f 	ands.w	r5, r5, #63	@ 0x3f
1000569e:	d1e9      	bne.n	10005674 <cdcd_xfer_cb+0x44>
100056a0:	4638      	mov	r0, r7
100056a2:	78b1      	ldrb	r1, [r6, #2]
100056a4:	f7ff fc10 	bl	10004ec8 <usbd_edpt_claim>
100056a8:	2800      	cmp	r0, #0
100056aa:	d0e3      	beq.n	10005674 <cdcd_xfer_cb+0x44>
100056ac:	462b      	mov	r3, r5
100056ae:	462a      	mov	r2, r5
100056b0:	4638      	mov	r0, r7
100056b2:	78b1      	ldrb	r1, [r6, #2]
100056b4:	f7ff fc2c 	bl	10004f10 <usbd_edpt_xfer>
100056b8:	e7dc      	b.n	10005674 <cdcd_xfer_cb+0x44>
100056ba:	be00      	bkpt	0x0000
100056bc:	e7ca      	b.n	10005654 <cdcd_xfer_cb+0x24>
100056be:	b29a      	uxth	r2, r3
100056c0:	4917      	ldr	r1, [pc, #92]	@ (10005720 <cdcd_xfer_cb+0xf0>)
100056c2:	f106 0010 	add.w	r0, r6, #16
100056c6:	f000 fc71 	bl	10005fac <tu_fifo_write_n>
100056ca:	4b16      	ldr	r3, [pc, #88]	@ (10005724 <cdcd_xfer_cb+0xf4>)
100056cc:	2b00      	cmp	r3, #0
100056ce:	d0c4      	beq.n	1000565a <cdcd_xfer_cb+0x2a>
100056d0:	7973      	ldrb	r3, [r6, #5]
100056d2:	2bff      	cmp	r3, #255	@ 0xff
100056d4:	d0c1      	beq.n	1000565a <cdcd_xfer_cb+0x2a>
100056d6:	2d00      	cmp	r5, #0
100056d8:	d0bf      	beq.n	1000565a <cdcd_xfer_cb+0x2a>
100056da:	f8df 8044 	ldr.w	r8, [pc, #68]	@ 10005720 <cdcd_xfer_cb+0xf0>
100056de:	eb08 0905 	add.w	r9, r8, r5
100056e2:	e002      	b.n	100056ea <cdcd_xfer_cb+0xba>
100056e4:	45c8      	cmp	r8, r9
100056e6:	d0b8      	beq.n	1000565a <cdcd_xfer_cb+0x2a>
100056e8:	7973      	ldrb	r3, [r6, #5]
100056ea:	f818 2b01 	ldrb.w	r2, [r8], #1
100056ee:	429a      	cmp	r2, r3
100056f0:	d1f8      	bne.n	100056e4 <cdcd_xfer_cb+0xb4>
100056f2:	4808      	ldr	r0, [pc, #32]	@ (10005714 <cdcd_xfer_cb+0xe4>)
100056f4:	f000 fb36 	bl	10005d64 <tu_fifo_empty>
100056f8:	2800      	cmp	r0, #0
100056fa:	d1f3      	bne.n	100056e4 <cdcd_xfer_cb+0xb4>
100056fc:	7971      	ldrb	r1, [r6, #5]
100056fe:	f3af 8000 	nop.w
10005702:	e7ef      	b.n	100056e4 <cdcd_xfer_cb+0xb4>
10005704:	f3af 8000 	nop.w
10005708:	e7ae      	b.n	10005668 <cdcd_xfer_cb+0x38>
1000570a:	bf00      	nop
1000570c:	20001ee8 	.word	0x20001ee8
10005710:	00000000 	.word	0x00000000
10005714:	20001ef8 	.word	0x20001ef8
10005718:	00000000 	.word	0x00000000
1000571c:	20001f0c 	.word	0x20001f0c
10005720:	20001e64 	.word	0x20001e64
10005724:	00000000 	.word	0x00000000

10005728 <vendord_init>:
10005728:	b5f0      	push	{r4, r5, r6, r7, lr}
1000572a:	f44f 7213 	mov.w	r2, #588	@ 0x24c
1000572e:	b085      	sub	sp, #20
10005730:	2100      	movs	r1, #0
10005732:	4812      	ldr	r0, [pc, #72]	@ (1000577c <vendord_init+0x54>)
10005734:	f003 fa34 	bl	10008ba0 <memset>
10005738:	2640      	movs	r6, #64	@ 0x40
1000573a:	2300      	movs	r3, #0
1000573c:	f44f 7580 	mov.w	r5, #256	@ 0x100
10005740:	4f0e      	ldr	r7, [pc, #56]	@ (1000577c <vendord_init+0x54>)
10005742:	4c0f      	ldr	r4, [pc, #60]	@ (10005780 <vendord_init+0x58>)
10005744:	f507 72a6 	add.w	r2, r7, #332	@ 0x14c
10005748:	4619      	mov	r1, r3
1000574a:	e9cd 4602 	strd	r4, r6, [sp, #8]
1000574e:	9200      	str	r2, [sp, #0]
10005750:	9501      	str	r5, [sp, #4]
10005752:	461a      	mov	r2, r3
10005754:	f507 7094 	add.w	r0, r7, #296	@ 0x128
10005758:	f000 f9c6 	bl	10005ae8 <tu_edpt_stream_init>
1000575c:	2300      	movs	r3, #0
1000575e:	4638      	mov	r0, r7
10005760:	f107 0128 	add.w	r1, r7, #40	@ 0x28
10005764:	4434      	add	r4, r6
10005766:	9100      	str	r1, [sp, #0]
10005768:	2201      	movs	r2, #1
1000576a:	4619      	mov	r1, r3
1000576c:	e9cd 4602 	strd	r4, r6, [sp, #8]
10005770:	9501      	str	r5, [sp, #4]
10005772:	3004      	adds	r0, #4
10005774:	f000 f9b8 	bl	10005ae8 <tu_edpt_stream_init>
10005778:	b005      	add	sp, #20
1000577a:	bdf0      	pop	{r4, r5, r6, r7, pc}
1000577c:	200021cc 	.word	0x200021cc
10005780:	2000214c 	.word	0x2000214c

10005784 <vendord_deinit>:
10005784:	b508      	push	{r3, lr}
10005786:	4805      	ldr	r0, [pc, #20]	@ (1000579c <vendord_deinit+0x18>)
10005788:	f000 f9da 	bl	10005b40 <tu_edpt_stream_deinit>
1000578c:	4b03      	ldr	r3, [pc, #12]	@ (1000579c <vendord_deinit+0x18>)
1000578e:	f5a3 7092 	sub.w	r0, r3, #292	@ 0x124
10005792:	f000 f9d5 	bl	10005b40 <tu_edpt_stream_deinit>
10005796:	2001      	movs	r0, #1
10005798:	bd08      	pop	{r3, pc}
1000579a:	bf00      	nop
1000579c:	200022f4 	.word	0x200022f4

100057a0 <vendord_reset>:
100057a0:	b538      	push	{r3, r4, r5, lr}
100057a2:	2500      	movs	r5, #0
100057a4:	4c06      	ldr	r4, [pc, #24]	@ (100057c0 <vendord_reset+0x20>)
100057a6:	f504 7098 	add.w	r0, r4, #304	@ 0x130
100057aa:	7025      	strb	r5, [r4, #0]
100057ac:	f000 fcac 	bl	10006108 <tu_fifo_clear>
100057b0:	f104 000c 	add.w	r0, r4, #12
100057b4:	f000 fca8 	bl	10006108 <tu_fifo_clear>
100057b8:	f884 5129 	strb.w	r5, [r4, #297]	@ 0x129
100057bc:	7165      	strb	r5, [r4, #5]
100057be:	bd38      	pop	{r3, r4, r5, pc}
100057c0:	200021cc 	.word	0x200021cc

100057c4 <vendord_open>:
100057c4:	e92d 43f8 	stmdb	sp!, {r3, r4, r5, r6, r7, r8, r9, lr}
100057c8:	794b      	ldrb	r3, [r1, #5]
100057ca:	2bff      	cmp	r3, #255	@ 0xff
100057cc:	d151      	bne.n	10005872 <vendord_open+0xae>
100057ce:	4e35      	ldr	r6, [pc, #212]	@ (100058a4 <vendord_open+0xe0>)
100057d0:	f896 3129 	ldrb.w	r3, [r6, #297]	@ 0x129
100057d4:	2b00      	cmp	r3, #0
100057d6:	d14c      	bne.n	10005872 <vendord_open+0xae>
100057d8:	f896 8005 	ldrb.w	r8, [r6, #5]
100057dc:	f1b8 0f00 	cmp.w	r8, #0
100057e0:	d147      	bne.n	10005872 <vendord_open+0xae>
100057e2:	788b      	ldrb	r3, [r1, #2]
100057e4:	780c      	ldrb	r4, [r1, #0]
100057e6:	7033      	strb	r3, [r6, #0]
100057e8:	790b      	ldrb	r3, [r1, #4]
100057ea:	460f      	mov	r7, r1
100057ec:	440c      	add	r4, r1
100057ee:	b3ab      	cbz	r3, 1000585c <vendord_open+0x98>
100057f0:	4681      	mov	r9, r0
100057f2:	18a5      	adds	r5, r4, r2
100057f4:	e003      	b.n	100057fe <vendord_open+0x3a>
100057f6:	42a5      	cmp	r5, r4
100057f8:	d930      	bls.n	1000585c <vendord_open+0x98>
100057fa:	7823      	ldrb	r3, [r4, #0]
100057fc:	441c      	add	r4, r3
100057fe:	7863      	ldrb	r3, [r4, #1]
10005800:	2b05      	cmp	r3, #5
10005802:	d1f8      	bne.n	100057f6 <vendord_open+0x32>
10005804:	42ac      	cmp	r4, r5
10005806:	d229      	bcs.n	1000585c <vendord_open+0x98>
10005808:	4621      	mov	r1, r4
1000580a:	4648      	mov	r0, r9
1000580c:	f7ff fb3a 	bl	10004e84 <usbd_edpt_open>
10005810:	b340      	cbz	r0, 10005864 <vendord_open+0xa0>
10005812:	78a3      	ldrb	r3, [r4, #2]
10005814:	09db      	lsrs	r3, r3, #7
10005816:	d12f      	bne.n	10005878 <vendord_open+0xb4>
10005818:	4823      	ldr	r0, [pc, #140]	@ (100058a8 <vendord_open+0xe4>)
1000581a:	f000 fc75 	bl	10006108 <tu_fifo_clear>
1000581e:	78a3      	ldrb	r3, [r4, #2]
10005820:	f896 2128 	ldrb.w	r2, [r6, #296]	@ 0x128
10005824:	f886 3129 	strb.w	r3, [r6, #297]	@ 0x129
10005828:	88a3      	ldrh	r3, [r4, #4]
1000582a:	4648      	mov	r0, r9
1000582c:	f3c3 030a 	ubfx	r3, r3, #0, #11
10005830:	f5a3 7300 	sub.w	r3, r3, #512	@ 0x200
10005834:	fab3 f383 	clz	r3, r3
10005838:	095b      	lsrs	r3, r3, #5
1000583a:	f363 0241 	bfi	r2, r3, #1, #1
1000583e:	491b      	ldr	r1, [pc, #108]	@ (100058ac <vendord_open+0xe8>)
10005840:	f886 2128 	strb.w	r2, [r6, #296]	@ 0x128
10005844:	f000 f9ea 	bl	10005c1c <tu_edpt_stream_read_xfer>
10005848:	b160      	cbz	r0, 10005864 <vendord_open+0xa0>
1000584a:	7823      	ldrb	r3, [r4, #0]
1000584c:	793a      	ldrb	r2, [r7, #4]
1000584e:	f108 0801 	add.w	r8, r8, #1
10005852:	441c      	add	r4, r3
10005854:	fa5f f388 	uxtb.w	r3, r8
10005858:	429a      	cmp	r2, r3
1000585a:	d8d0      	bhi.n	100057fe <vendord_open+0x3a>
1000585c:	1be1      	subs	r1, r4, r7
1000585e:	b288      	uxth	r0, r1
10005860:	e8bd 83f8 	ldmia.w	sp!, {r3, r4, r5, r6, r7, r8, r9, pc}
10005864:	f04f 23e0 	mov.w	r3, #3758153728	@ 0xe000e000
10005868:	f8d3 3df0 	ldr.w	r3, [r3, #3568]	@ 0xdf0
1000586c:	07db      	lsls	r3, r3, #31
1000586e:	d500      	bpl.n	10005872 <vendord_open+0xae>
10005870:	be00      	bkpt	0x0000
10005872:	2000      	movs	r0, #0
10005874:	e8bd 83f8 	ldmia.w	sp!, {r3, r4, r5, r6, r7, r8, r9, pc}
10005878:	480d      	ldr	r0, [pc, #52]	@ (100058b0 <vendord_open+0xec>)
1000587a:	f000 fc45 	bl	10006108 <tu_fifo_clear>
1000587e:	78a3      	ldrb	r3, [r4, #2]
10005880:	7932      	ldrb	r2, [r6, #4]
10005882:	7173      	strb	r3, [r6, #5]
10005884:	88a3      	ldrh	r3, [r4, #4]
10005886:	490b      	ldr	r1, [pc, #44]	@ (100058b4 <vendord_open+0xf0>)
10005888:	f3c3 030a 	ubfx	r3, r3, #0, #11
1000588c:	f5a3 7300 	sub.w	r3, r3, #512	@ 0x200
10005890:	fab3 f383 	clz	r3, r3
10005894:	095b      	lsrs	r3, r3, #5
10005896:	f363 0241 	bfi	r2, r3, #1, #1
1000589a:	2000      	movs	r0, #0
1000589c:	7132      	strb	r2, [r6, #4]
1000589e:	f000 f985 	bl	10005bac <tu_edpt_stream_write_xfer>
100058a2:	e7d2      	b.n	1000584a <vendord_open+0x86>
100058a4:	200021cc 	.word	0x200021cc
100058a8:	200022fc 	.word	0x200022fc
100058ac:	200022f4 	.word	0x200022f4
100058b0:	200021d8 	.word	0x200021d8
100058b4:	200021d0 	.word	0x200021d0

100058b8 <vendord_xfer_cb>:
100058b8:	b570      	push	{r4, r5, r6, lr}
100058ba:	4c1b      	ldr	r4, [pc, #108]	@ (10005928 <vendord_xfer_cb+0x70>)
100058bc:	4606      	mov	r6, r0
100058be:	f894 c129 	ldrb.w	ip, [r4, #297]	@ 0x129
100058c2:	461d      	mov	r5, r3
100058c4:	458c      	cmp	ip, r1
100058c6:	d011      	beq.n	100058ec <vendord_xfer_cb+0x34>
100058c8:	7963      	ldrb	r3, [r4, #5]
100058ca:	428b      	cmp	r3, r1
100058cc:	d001      	beq.n	100058d2 <vendord_xfer_cb+0x1a>
100058ce:	2000      	movs	r0, #0
100058d0:	bd70      	pop	{r4, r5, r6, pc}
100058d2:	4b16      	ldr	r3, [pc, #88]	@ (1000592c <vendord_xfer_cb+0x74>)
100058d4:	b11b      	cbz	r3, 100058de <vendord_xfer_cb+0x26>
100058d6:	2000      	movs	r0, #0
100058d8:	b2a9      	uxth	r1, r5
100058da:	f3af 8000 	nop.w
100058de:	4630      	mov	r0, r6
100058e0:	4913      	ldr	r1, [pc, #76]	@ (10005930 <vendord_xfer_cb+0x78>)
100058e2:	f000 f963 	bl	10005bac <tu_edpt_stream_write_xfer>
100058e6:	b1c8      	cbz	r0, 1000591c <vendord_xfer_cb+0x64>
100058e8:	2001      	movs	r0, #1
100058ea:	bd70      	pop	{r4, r5, r6, pc}
100058ec:	f8b4 3134 	ldrh.w	r3, [r4, #308]	@ 0x134
100058f0:	b963      	cbnz	r3, 1000590c <vendord_xfer_cb+0x54>
100058f2:	4b10      	ldr	r3, [pc, #64]	@ (10005934 <vendord_xfer_cb+0x7c>)
100058f4:	b123      	cbz	r3, 10005900 <vendord_xfer_cb+0x48>
100058f6:	2000      	movs	r0, #0
100058f8:	490f      	ldr	r1, [pc, #60]	@ (10005938 <vendord_xfer_cb+0x80>)
100058fa:	b2aa      	uxth	r2, r5
100058fc:	f3af 8000 	nop.w
10005900:	4630      	mov	r0, r6
10005902:	490e      	ldr	r1, [pc, #56]	@ (1000593c <vendord_xfer_cb+0x84>)
10005904:	f000 f98a 	bl	10005c1c <tu_edpt_stream_read_xfer>
10005908:	2001      	movs	r0, #1
1000590a:	e7ee      	b.n	100058ea <vendord_xfer_cb+0x32>
1000590c:	f8d4 112c 	ldr.w	r1, [r4, #300]	@ 0x12c
10005910:	b2aa      	uxth	r2, r5
10005912:	f504 7098 	add.w	r0, r4, #304	@ 0x130
10005916:	f000 fb49 	bl	10005fac <tu_fifo_write_n>
1000591a:	e7ea      	b.n	100058f2 <vendord_xfer_cb+0x3a>
1000591c:	462a      	mov	r2, r5
1000591e:	4630      	mov	r0, r6
10005920:	4903      	ldr	r1, [pc, #12]	@ (10005930 <vendord_xfer_cb+0x78>)
10005922:	f000 f90f 	bl	10005b44 <tu_edpt_stream_write_zlp_if_needed>
10005926:	e7df      	b.n	100058e8 <vendord_xfer_cb+0x30>
10005928:	200021cc 	.word	0x200021cc
1000592c:	00000000 	.word	0x00000000
10005930:	200021d0 	.word	0x200021d0
10005934:	00000000 	.word	0x00000000
10005938:	2000214c 	.word	0x2000214c
1000593c:	200022f4 	.word	0x200022f4

10005940 <tusb_rhport_init>:
10005940:	b510      	push	{r4, lr}
10005942:	b082      	sub	sp, #8
10005944:	b1c9      	cbz	r1, 1000597a <tusb_rhport_init+0x3a>
10005946:	2801      	cmp	r0, #1
10005948:	d80c      	bhi.n	10005964 <tusb_rhport_init+0x24>
1000594a:	780b      	ldrb	r3, [r1, #0]
1000594c:	b153      	cbz	r3, 10005964 <tusb_rhport_init+0x24>
1000594e:	4c14      	ldr	r4, [pc, #80]	@ (100059a0 <tusb_rhport_init+0x60>)
10005950:	2b01      	cmp	r3, #1
10005952:	5423      	strb	r3, [r4, r0]
10005954:	d002      	beq.n	1000595c <tusb_rhport_init+0x1c>
10005956:	2001      	movs	r0, #1
10005958:	b002      	add	sp, #8
1000595a:	bd10      	pop	{r4, pc}
1000595c:	f7fe fe08 	bl	10004570 <tud_rhport_init>
10005960:	2800      	cmp	r0, #0
10005962:	d1f8      	bne.n	10005956 <tusb_rhport_init+0x16>
10005964:	f04f 23e0 	mov.w	r3, #3758153728	@ 0xe000e000
10005968:	f8d3 3df0 	ldr.w	r3, [r3, #3568]	@ 0xdf0
1000596c:	07db      	lsls	r3, r3, #31
1000596e:	d402      	bmi.n	10005976 <tusb_rhport_init+0x36>
10005970:	2000      	movs	r0, #0
10005972:	b002      	add	sp, #8
10005974:	bd10      	pop	{r4, pc}
10005976:	be00      	bkpt	0x0000
10005978:	e7fa      	b.n	10005970 <tusb_rhport_init+0x30>
1000597a:	2401      	movs	r4, #1
1000597c:	4608      	mov	r0, r1
1000597e:	a901      	add	r1, sp, #4
10005980:	f8ad 4004 	strh.w	r4, [sp, #4]
10005984:	f7fe fdf4 	bl	10004570 <tud_rhport_init>
10005988:	b938      	cbnz	r0, 1000599a <tusb_rhport_init+0x5a>
1000598a:	f04f 23e0 	mov.w	r3, #3758153728	@ 0xe000e000
1000598e:	f8d3 3df0 	ldr.w	r3, [r3, #3568]	@ 0xdf0
10005992:	07da      	lsls	r2, r3, #31
10005994:	d5ed      	bpl.n	10005972 <tusb_rhport_init+0x32>
10005996:	be00      	bkpt	0x0000
10005998:	e7eb      	b.n	10005972 <tusb_rhport_init+0x32>
1000599a:	4b01      	ldr	r3, [pc, #4]	@ (100059a0 <tusb_rhport_init+0x60>)
1000599c:	701c      	strb	r4, [r3, #0]
1000599e:	e7e8      	b.n	10005972 <tusb_rhport_init+0x32>
100059a0:	20002024 	.word	0x20002024

100059a4 <tu_edpt_claim>:
100059a4:	b5f8      	push	{r3, r4, r5, r6, r7, lr}
100059a6:	7803      	ldrb	r3, [r0, #0]
100059a8:	f013 0401 	ands.w	r4, r3, #1
100059ac:	d11a      	bne.n	100059e4 <tu_edpt_claim+0x40>
100059ae:	7803      	ldrb	r3, [r0, #0]
100059b0:	4605      	mov	r5, r0
100059b2:	075a      	lsls	r2, r3, #29
100059b4:	f3c3 0780 	ubfx	r7, r3, #2, #1
100059b8:	d501      	bpl.n	100059be <tu_edpt_claim+0x1a>
100059ba:	4620      	mov	r0, r4
100059bc:	bdf8      	pop	{r3, r4, r5, r6, r7, pc}
100059be:	460e      	mov	r6, r1
100059c0:	f04f 31ff 	mov.w	r1, #4294967295
100059c4:	4630      	mov	r0, r6
100059c6:	f003 fb5b 	bl	10009080 <__mutex_enter_timeout_ms_veneer>
100059ca:	782b      	ldrb	r3, [r5, #0]
100059cc:	f013 0401 	ands.w	r4, r3, #1
100059d0:	d10b      	bne.n	100059ea <tu_edpt_claim+0x46>
100059d2:	782b      	ldrb	r3, [r5, #0]
100059d4:	075b      	lsls	r3, r3, #29
100059d6:	d409      	bmi.n	100059ec <tu_edpt_claim+0x48>
100059d8:	782b      	ldrb	r3, [r5, #0]
100059da:	2401      	movs	r4, #1
100059dc:	f043 0304 	orr.w	r3, r3, #4
100059e0:	702b      	strb	r3, [r5, #0]
100059e2:	e003      	b.n	100059ec <tu_edpt_claim+0x48>
100059e4:	2400      	movs	r4, #0
100059e6:	4620      	mov	r0, r4
100059e8:	bdf8      	pop	{r3, r4, r5, r6, r7, pc}
100059ea:	463c      	mov	r4, r7
100059ec:	4630      	mov	r0, r6
100059ee:	f003 fb5b 	bl	100090a8 <__mutex_exit_veneer>
100059f2:	4620      	mov	r0, r4
100059f4:	bdf8      	pop	{r3, r4, r5, r6, r7, pc}
100059f6:	bf00      	nop

100059f8 <tu_edpt_release>:
100059f8:	b570      	push	{r4, r5, r6, lr}
100059fa:	460c      	mov	r4, r1
100059fc:	4605      	mov	r5, r0
100059fe:	f04f 31ff 	mov.w	r1, #4294967295
10005a02:	4620      	mov	r0, r4
10005a04:	f003 fb3c 	bl	10009080 <__mutex_enter_timeout_ms_veneer>
10005a08:	782b      	ldrb	r3, [r5, #0]
10005a0a:	f3c3 0680 	ubfx	r6, r3, #2, #1
10005a0e:	075b      	lsls	r3, r3, #29
10005a10:	d508      	bpl.n	10005a24 <tu_edpt_release+0x2c>
10005a12:	782b      	ldrb	r3, [r5, #0]
10005a14:	f013 0301 	ands.w	r3, r3, #1
10005a18:	bf11      	iteee	ne
10005a1a:	2600      	movne	r6, #0
10005a1c:	782a      	ldrbeq	r2, [r5, #0]
10005a1e:	f363 0282 	bfieq	r2, r3, #2, #1
10005a22:	702a      	strbeq	r2, [r5, #0]
10005a24:	4620      	mov	r0, r4
10005a26:	f003 fb3f 	bl	100090a8 <__mutex_exit_veneer>
10005a2a:	4630      	mov	r0, r6
10005a2c:	bd70      	pop	{r4, r5, r6, pc}
10005a2e:	bf00      	nop

10005a30 <tu_edpt_validate>:
10005a30:	78c3      	ldrb	r3, [r0, #3]
10005a32:	8882      	ldrh	r2, [r0, #4]
10005a34:	f003 0003 	and.w	r0, r3, #3
10005a38:	2802      	cmp	r0, #2
10005a3a:	f3c2 020a 	ubfx	r2, r2, #0, #11
10005a3e:	d015      	beq.n	10005a6c <tu_edpt_validate+0x3c>
10005a40:	2803      	cmp	r0, #3
10005a42:	d00a      	beq.n	10005a5a <tu_edpt_validate+0x2a>
10005a44:	2801      	cmp	r0, #1
10005a46:	d11c      	bne.n	10005a82 <tu_edpt_validate+0x52>
10005a48:	2902      	cmp	r1, #2
10005a4a:	f240 33ff 	movw	r3, #1023	@ 0x3ff
10005a4e:	bf08      	it	eq
10005a50:	f44f 6380 	moveq.w	r3, #1024	@ 0x400
10005a54:	4293      	cmp	r3, r2
10005a56:	d30d      	bcc.n	10005a74 <tu_edpt_validate+0x44>
10005a58:	4770      	bx	lr
10005a5a:	2902      	cmp	r1, #2
10005a5c:	bf14      	ite	ne
10005a5e:	2340      	movne	r3, #64	@ 0x40
10005a60:	f44f 6380 	moveq.w	r3, #1024	@ 0x400
10005a64:	4293      	cmp	r3, r2
10005a66:	d305      	bcc.n	10005a74 <tu_edpt_validate+0x44>
10005a68:	2001      	movs	r0, #1
10005a6a:	4770      	bx	lr
10005a6c:	2902      	cmp	r1, #2
10005a6e:	d00a      	beq.n	10005a86 <tu_edpt_validate+0x56>
10005a70:	2a40      	cmp	r2, #64	@ 0x40
10005a72:	d9f9      	bls.n	10005a68 <tu_edpt_validate+0x38>
10005a74:	f04f 23e0 	mov.w	r3, #3758153728	@ 0xe000e000
10005a78:	f8d3 3df0 	ldr.w	r3, [r3, #3568]	@ 0xdf0
10005a7c:	07db      	lsls	r3, r3, #31
10005a7e:	d500      	bpl.n	10005a82 <tu_edpt_validate+0x52>
10005a80:	be00      	bkpt	0x0000
10005a82:	2000      	movs	r0, #0
10005a84:	4770      	bx	lr
10005a86:	f5b2 7f00 	cmp.w	r2, #512	@ 0x200
10005a8a:	d0ed      	beq.n	10005a68 <tu_edpt_validate+0x38>
10005a8c:	e7f2      	b.n	10005a74 <tu_edpt_validate+0x44>
10005a8e:	bf00      	nop

10005a90 <tu_edpt_bind_driver>:
10005a90:	440a      	add	r2, r1
10005a92:	4291      	cmp	r1, r2
10005a94:	d226      	bcs.n	10005ae4 <tu_edpt_bind_driver+0x54>
10005a96:	f891 c001 	ldrb.w	ip, [r1, #1]
10005a9a:	f1bc 0f05 	cmp.w	ip, #5
10005a9e:	d005      	beq.n	10005aac <tu_edpt_bind_driver+0x1c>
10005aa0:	f891 c000 	ldrb.w	ip, [r1]
10005aa4:	4461      	add	r1, ip
10005aa6:	428a      	cmp	r2, r1
10005aa8:	d8f5      	bhi.n	10005a96 <tu_edpt_bind_driver+0x6>
10005aaa:	4770      	bx	lr
10005aac:	b500      	push	{lr}
10005aae:	f891 c002 	ldrb.w	ip, [r1, #2]
10005ab2:	f00c 0e7f 	and.w	lr, ip, #127	@ 0x7f
10005ab6:	eb00 0e4e 	add.w	lr, r0, lr, lsl #1
10005aba:	ea4f 1cdc 	mov.w	ip, ip, lsr #7
10005abe:	f80e 300c 	strb.w	r3, [lr, ip]
10005ac2:	f891 c000 	ldrb.w	ip, [r1]
10005ac6:	4461      	add	r1, ip
10005ac8:	428a      	cmp	r2, r1
10005aca:	d909      	bls.n	10005ae0 <tu_edpt_bind_driver+0x50>
10005acc:	f891 c001 	ldrb.w	ip, [r1, #1]
10005ad0:	f1bc 0f05 	cmp.w	ip, #5
10005ad4:	d0eb      	beq.n	10005aae <tu_edpt_bind_driver+0x1e>
10005ad6:	f891 c000 	ldrb.w	ip, [r1]
10005ada:	4461      	add	r1, ip
10005adc:	428a      	cmp	r2, r1
10005ade:	d8f5      	bhi.n	10005acc <tu_edpt_bind_driver+0x3c>
10005ae0:	f85d fb04 	ldr.w	pc, [sp], #4
10005ae4:	4770      	bx	lr
10005ae6:	bf00      	nop

10005ae8 <tu_edpt_stream_init>:
10005ae8:	e92d 41f0 	stmdb	sp!, {r4, r5, r6, r7, r8, lr}
10005aec:	468e      	mov	lr, r1
10005aee:	b082      	sub	sp, #8
10005af0:	9300      	str	r3, [sp, #0]
10005af2:	f890 c000 	ldrb.w	ip, [r0]
10005af6:	9e08      	ldr	r6, [sp, #32]
10005af8:	f8bd 7024 	ldrh.w	r7, [sp, #36]	@ 0x24
10005afc:	f36e 0c00 	bfi	ip, lr, #0, #1
10005b00:	4604      	mov	r4, r0
10005b02:	4615      	mov	r5, r2
10005b04:	2301      	movs	r3, #1
10005b06:	4631      	mov	r1, r6
10005b08:	463a      	mov	r2, r7
10005b0a:	f800 cb08 	strb.w	ip, [r0], #8
10005b0e:	f8bd 802c 	ldrh.w	r8, [sp, #44]	@ 0x2c
10005b12:	f000 f8e7 	bl	10005ce4 <tu_fifo_config>
10005b16:	b106      	cbz	r6, 10005b1a <tu_edpt_stream_init+0x32>
10005b18:	b93f      	cbnz	r7, 10005b2a <tu_edpt_stream_init+0x42>
10005b1a:	2001      	movs	r0, #1
10005b1c:	9b0a      	ldr	r3, [sp, #40]	@ 0x28
10005b1e:	f8a4 8002 	strh.w	r8, [r4, #2]
10005b22:	6063      	str	r3, [r4, #4]
10005b24:	b002      	add	sp, #8
10005b26:	e8bd 81f0 	ldmia.w	sp!, {r4, r5, r6, r7, r8, pc}
10005b2a:	f104 061c 	add.w	r6, r4, #28
10005b2e:	4630      	mov	r0, r6
10005b30:	f7fb f9d4 	bl	10000edc <mutex_init>
10005b34:	b10d      	cbz	r5, 10005b3a <tu_edpt_stream_init+0x52>
10005b36:	4635      	mov	r5, r6
10005b38:	2600      	movs	r6, #0
10005b3a:	e9c4 5605 	strd	r5, r6, [r4, #20]
10005b3e:	e7ec      	b.n	10005b1a <tu_edpt_stream_init+0x32>

10005b40 <tu_edpt_stream_deinit>:
10005b40:	2001      	movs	r0, #1
10005b42:	4770      	bx	lr

10005b44 <tu_edpt_stream_write_zlp_if_needed>:
10005b44:	b5f8      	push	{r3, r4, r5, r6, r7, lr}
10005b46:	4607      	mov	r7, r0
10005b48:	4608      	mov	r0, r1
10005b4a:	f240 13ff 	movw	r3, #511	@ 0x1ff
10005b4e:	4615      	mov	r5, r2
10005b50:	f810 2b08 	ldrb.w	r2, [r0], #8
10005b54:	460c      	mov	r4, r1
10005b56:	f012 0f02 	tst.w	r2, #2
10005b5a:	bf0c      	ite	eq
10005b5c:	263f      	moveq	r6, #63	@ 0x3f
10005b5e:	461e      	movne	r6, r3
10005b60:	f000 f8f0 	bl	10005d44 <tu_fifo_count>
10005b64:	b928      	cbnz	r0, 10005b72 <tu_edpt_stream_write_zlp_if_needed+0x2e>
10005b66:	b125      	cbz	r5, 10005b72 <tu_edpt_stream_write_zlp_if_needed+0x2e>
10005b68:	422e      	tst	r6, r5
10005b6a:	d102      	bne.n	10005b72 <tu_edpt_stream_write_zlp_if_needed+0x2e>
10005b6c:	7823      	ldrb	r3, [r4, #0]
10005b6e:	07da      	lsls	r2, r3, #31
10005b70:	d501      	bpl.n	10005b76 <tu_edpt_stream_write_zlp_if_needed+0x32>
10005b72:	2000      	movs	r0, #0
10005b74:	bdf8      	pop	{r3, r4, r5, r6, r7, pc}
10005b76:	4638      	mov	r0, r7
10005b78:	7861      	ldrb	r1, [r4, #1]
10005b7a:	f7ff f9a5 	bl	10004ec8 <usbd_edpt_claim>
10005b7e:	2800      	cmp	r0, #0
10005b80:	d0f7      	beq.n	10005b72 <tu_edpt_stream_write_zlp_if_needed+0x2e>
10005b82:	7823      	ldrb	r3, [r4, #0]
10005b84:	f013 0301 	ands.w	r3, r3, #1
10005b88:	d007      	beq.n	10005b9a <tu_edpt_stream_write_zlp_if_needed+0x56>
10005b8a:	f04f 23e0 	mov.w	r3, #3758153728	@ 0xe000e000
10005b8e:	f8d3 3df0 	ldr.w	r3, [r3, #3568]	@ 0xdf0
10005b92:	07db      	lsls	r3, r3, #31
10005b94:	d5ed      	bpl.n	10005b72 <tu_edpt_stream_write_zlp_if_needed+0x2e>
10005b96:	be00      	bkpt	0x0000
10005b98:	e7eb      	b.n	10005b72 <tu_edpt_stream_write_zlp_if_needed+0x2e>
10005b9a:	461a      	mov	r2, r3
10005b9c:	4638      	mov	r0, r7
10005b9e:	7861      	ldrb	r1, [r4, #1]
10005ba0:	f7ff f9b6 	bl	10004f10 <usbd_edpt_xfer>
10005ba4:	2800      	cmp	r0, #0
10005ba6:	d0f0      	beq.n	10005b8a <tu_edpt_stream_write_zlp_if_needed+0x46>
10005ba8:	bdf8      	pop	{r3, r4, r5, r6, r7, pc}
10005baa:	bf00      	nop

10005bac <tu_edpt_stream_write_xfer>:
10005bac:	b570      	push	{r4, r5, r6, lr}
10005bae:	f101 0508 	add.w	r5, r1, #8
10005bb2:	4606      	mov	r6, r0
10005bb4:	4628      	mov	r0, r5
10005bb6:	460c      	mov	r4, r1
10005bb8:	f000 f8c4 	bl	10005d44 <tu_fifo_count>
10005bbc:	b110      	cbz	r0, 10005bc4 <tu_edpt_stream_write_xfer+0x18>
10005bbe:	7823      	ldrb	r3, [r4, #0]
10005bc0:	07da      	lsls	r2, r3, #31
10005bc2:	d501      	bpl.n	10005bc8 <tu_edpt_stream_write_xfer+0x1c>
10005bc4:	2000      	movs	r0, #0
10005bc6:	bd70      	pop	{r4, r5, r6, pc}
10005bc8:	4630      	mov	r0, r6
10005bca:	7861      	ldrb	r1, [r4, #1]
10005bcc:	f7ff f97c 	bl	10004ec8 <usbd_edpt_claim>
10005bd0:	2800      	cmp	r0, #0
10005bd2:	d0f7      	beq.n	10005bc4 <tu_edpt_stream_write_xfer+0x18>
10005bd4:	4628      	mov	r0, r5
10005bd6:	8862      	ldrh	r2, [r4, #2]
10005bd8:	6861      	ldr	r1, [r4, #4]
10005bda:	f000 f929 	bl	10005e30 <tu_fifo_read_n>
10005bde:	7823      	ldrb	r3, [r4, #0]
10005be0:	4605      	mov	r5, r0
10005be2:	f003 0301 	and.w	r3, r3, #1
10005be6:	b140      	cbz	r0, 10005bfa <tu_edpt_stream_write_xfer+0x4e>
10005be8:	b173      	cbz	r3, 10005c08 <tu_edpt_stream_write_xfer+0x5c>
10005bea:	f04f 23e0 	mov.w	r3, #3758153728	@ 0xe000e000
10005bee:	f8d3 3df0 	ldr.w	r3, [r3, #3568]	@ 0xdf0
10005bf2:	07db      	lsls	r3, r3, #31
10005bf4:	d5e6      	bpl.n	10005bc4 <tu_edpt_stream_write_xfer+0x18>
10005bf6:	be00      	bkpt	0x0000
10005bf8:	e7e4      	b.n	10005bc4 <tu_edpt_stream_write_xfer+0x18>
10005bfa:	2b00      	cmp	r3, #0
10005bfc:	d1e2      	bne.n	10005bc4 <tu_edpt_stream_write_xfer+0x18>
10005bfe:	4630      	mov	r0, r6
10005c00:	7861      	ldrb	r1, [r4, #1]
10005c02:	f7ff f973 	bl	10004eec <usbd_edpt_release>
10005c06:	e7dd      	b.n	10005bc4 <tu_edpt_stream_write_xfer+0x18>
10005c08:	4603      	mov	r3, r0
10005c0a:	6862      	ldr	r2, [r4, #4]
10005c0c:	4630      	mov	r0, r6
10005c0e:	7861      	ldrb	r1, [r4, #1]
10005c10:	f7ff f97e 	bl	10004f10 <usbd_edpt_xfer>
10005c14:	2800      	cmp	r0, #0
10005c16:	d0e8      	beq.n	10005bea <tu_edpt_stream_write_xfer+0x3e>
10005c18:	4628      	mov	r0, r5
10005c1a:	bd70      	pop	{r4, r5, r6, pc}

10005c1c <tu_edpt_stream_read_xfer>:
10005c1c:	898a      	ldrh	r2, [r1, #12]
10005c1e:	e92d 41f0 	stmdb	sp!, {r4, r5, r6, r7, r8, lr}
10005c22:	780b      	ldrb	r3, [r1, #0]
10005c24:	460c      	mov	r4, r1
10005c26:	4606      	mov	r6, r0
10005c28:	b922      	cbnz	r2, 10005c34 <tu_edpt_stream_read_xfer+0x18>
10005c2a:	07dd      	lsls	r5, r3, #31
10005c2c:	d534      	bpl.n	10005c98 <tu_edpt_stream_read_xfer+0x7c>
10005c2e:	2000      	movs	r0, #0
10005c30:	e8bd 81f0 	ldmia.w	sp!, {r4, r5, r6, r7, r8, pc}
10005c34:	f104 0708 	add.w	r7, r4, #8
10005c38:	0799      	lsls	r1, r3, #30
10005c3a:	4638      	mov	r0, r7
10005c3c:	bf47      	ittee	mi
10005c3e:	f44f 487e 	movmi.w	r8, #65024	@ 0xfe00
10005c42:	f44f 7500 	movmi.w	r5, #512	@ 0x200
10005c46:	f64f 78c0 	movwpl	r8, #65472	@ 0xffc0
10005c4a:	2540      	movpl	r5, #64	@ 0x40
10005c4c:	f000 f894 	bl	10005d78 <tu_fifo_remaining>
10005c50:	4285      	cmp	r5, r0
10005c52:	d8ec      	bhi.n	10005c2e <tu_edpt_stream_read_xfer+0x12>
10005c54:	7823      	ldrb	r3, [r4, #0]
10005c56:	07da      	lsls	r2, r3, #31
10005c58:	d4e9      	bmi.n	10005c2e <tu_edpt_stream_read_xfer+0x12>
10005c5a:	4630      	mov	r0, r6
10005c5c:	7861      	ldrb	r1, [r4, #1]
10005c5e:	f7ff f933 	bl	10004ec8 <usbd_edpt_claim>
10005c62:	2800      	cmp	r0, #0
10005c64:	d0e3      	beq.n	10005c2e <tu_edpt_stream_read_xfer+0x12>
10005c66:	4638      	mov	r0, r7
10005c68:	f000 f886 	bl	10005d78 <tu_fifo_remaining>
10005c6c:	7823      	ldrb	r3, [r4, #0]
10005c6e:	4285      	cmp	r5, r0
10005c70:	f003 0301 	and.w	r3, r3, #1
10005c74:	d82d      	bhi.n	10005cd2 <tu_edpt_stream_read_xfer+0xb6>
10005c76:	b9bb      	cbnz	r3, 10005ca8 <tu_edpt_stream_read_xfer+0x8c>
10005c78:	8865      	ldrh	r5, [r4, #2]
10005c7a:	ea08 0800 	and.w	r8, r8, r0
10005c7e:	4545      	cmp	r5, r8
10005c80:	bf28      	it	cs
10005c82:	4645      	movcs	r5, r8
10005c84:	7861      	ldrb	r1, [r4, #1]
10005c86:	b35d      	cbz	r5, 10005ce0 <tu_edpt_stream_read_xfer+0xc4>
10005c88:	6862      	ldr	r2, [r4, #4]
10005c8a:	462b      	mov	r3, r5
10005c8c:	4630      	mov	r0, r6
10005c8e:	f7ff f93f 	bl	10004f10 <usbd_edpt_xfer>
10005c92:	b148      	cbz	r0, 10005ca8 <tu_edpt_stream_read_xfer+0x8c>
10005c94:	4628      	mov	r0, r5
10005c96:	e7cb      	b.n	10005c30 <tu_edpt_stream_read_xfer+0x14>
10005c98:	7849      	ldrb	r1, [r1, #1]
10005c9a:	f7ff f915 	bl	10004ec8 <usbd_edpt_claim>
10005c9e:	2800      	cmp	r0, #0
10005ca0:	d0c5      	beq.n	10005c2e <tu_edpt_stream_read_xfer+0x12>
10005ca2:	7823      	ldrb	r3, [r4, #0]
10005ca4:	07d8      	lsls	r0, r3, #31
10005ca6:	d507      	bpl.n	10005cb8 <tu_edpt_stream_read_xfer+0x9c>
10005ca8:	f04f 23e0 	mov.w	r3, #3758153728	@ 0xe000e000
10005cac:	f8d3 3df0 	ldr.w	r3, [r3, #3568]	@ 0xdf0
10005cb0:	07db      	lsls	r3, r3, #31
10005cb2:	d5bc      	bpl.n	10005c2e <tu_edpt_stream_read_xfer+0x12>
10005cb4:	be00      	bkpt	0x0000
10005cb6:	e7ba      	b.n	10005c2e <tu_edpt_stream_read_xfer+0x12>
10005cb8:	8863      	ldrh	r3, [r4, #2]
10005cba:	7861      	ldrb	r1, [r4, #1]
10005cbc:	b13b      	cbz	r3, 10005cce <tu_edpt_stream_read_xfer+0xb2>
10005cbe:	6862      	ldr	r2, [r4, #4]
10005cc0:	4630      	mov	r0, r6
10005cc2:	f7ff f925 	bl	10004f10 <usbd_edpt_xfer>
10005cc6:	2800      	cmp	r0, #0
10005cc8:	d0ee      	beq.n	10005ca8 <tu_edpt_stream_read_xfer+0x8c>
10005cca:	8860      	ldrh	r0, [r4, #2]
10005ccc:	e7b0      	b.n	10005c30 <tu_edpt_stream_read_xfer+0x14>
10005cce:	461a      	mov	r2, r3
10005cd0:	e7f6      	b.n	10005cc0 <tu_edpt_stream_read_xfer+0xa4>
10005cd2:	2b00      	cmp	r3, #0
10005cd4:	d1ab      	bne.n	10005c2e <tu_edpt_stream_read_xfer+0x12>
10005cd6:	4630      	mov	r0, r6
10005cd8:	7861      	ldrb	r1, [r4, #1]
10005cda:	f7ff f907 	bl	10004eec <usbd_edpt_release>
10005cde:	e7a6      	b.n	10005c2e <tu_edpt_stream_read_xfer+0x12>
10005ce0:	462a      	mov	r2, r5
10005ce2:	e7d2      	b.n	10005c8a <tu_edpt_stream_read_xfer+0x6e>

10005ce4 <tu_fifo_config>:
10005ce4:	e92d 41f0 	stmdb	sp!, {r4, r5, r6, r7, r8, lr}
10005ce8:	f5b2 4f00 	cmp.w	r2, #32768	@ 0x8000
10005cec:	f89d 8018 	ldrb.w	r8, [sp, #24]
10005cf0:	d824      	bhi.n	10005d3c <tu_fifo_config+0x58>
10005cf2:	4604      	mov	r4, r0
10005cf4:	68c0      	ldr	r0, [r0, #12]
10005cf6:	4617      	mov	r7, r2
10005cf8:	460e      	mov	r6, r1
10005cfa:	461d      	mov	r5, r3
10005cfc:	b118      	cbz	r0, 10005d06 <tu_fifo_config+0x22>
10005cfe:	f04f 31ff 	mov.w	r1, #4294967295
10005d02:	f003 f9bd 	bl	10009080 <__mutex_enter_timeout_ms_veneer>
10005d06:	6920      	ldr	r0, [r4, #16]
10005d08:	b118      	cbz	r0, 10005d12 <tu_fifo_config+0x2e>
10005d0a:	f04f 31ff 	mov.w	r1, #4294967295
10005d0e:	f003 f9b7 	bl	10009080 <__mutex_enter_timeout_ms_veneer>
10005d12:	2200      	movs	r2, #0
10005d14:	f3c5 030e 	ubfx	r3, r5, #0, #15
10005d18:	68e0      	ldr	r0, [r4, #12]
10005d1a:	ea43 33c8 	orr.w	r3, r3, r8, lsl #15
10005d1e:	8162      	strh	r2, [r4, #10]
10005d20:	6026      	str	r6, [r4, #0]
10005d22:	80a7      	strh	r7, [r4, #4]
10005d24:	80e3      	strh	r3, [r4, #6]
10005d26:	8122      	strh	r2, [r4, #8]
10005d28:	b108      	cbz	r0, 10005d2e <tu_fifo_config+0x4a>
10005d2a:	f003 f9bd 	bl	100090a8 <__mutex_exit_veneer>
10005d2e:	6920      	ldr	r0, [r4, #16]
10005d30:	b108      	cbz	r0, 10005d36 <tu_fifo_config+0x52>
10005d32:	f003 f9b9 	bl	100090a8 <__mutex_exit_veneer>
10005d36:	2001      	movs	r0, #1
10005d38:	e8bd 81f0 	ldmia.w	sp!, {r4, r5, r6, r7, r8, pc}
10005d3c:	2000      	movs	r0, #0
10005d3e:	e8bd 81f0 	ldmia.w	sp!, {r4, r5, r6, r7, r8, pc}
10005d42:	bf00      	nop

10005d44 <tu_fifo_count>:
10005d44:	8903      	ldrh	r3, [r0, #8]
10005d46:	8942      	ldrh	r2, [r0, #10]
10005d48:	b29b      	uxth	r3, r3
10005d4a:	b292      	uxth	r2, r2
10005d4c:	8880      	ldrh	r0, [r0, #4]
10005d4e:	4293      	cmp	r3, r2
10005d50:	bf36      	itet	cc
10005d52:	ebc2 0240 	rsbcc	r2, r2, r0, lsl #1
10005d56:	1a9b      	subcs	r3, r3, r2
10005d58:	189b      	addcc	r3, r3, r2
10005d5a:	b29b      	uxth	r3, r3
10005d5c:	4298      	cmp	r0, r3
10005d5e:	bf28      	it	cs
10005d60:	4618      	movcs	r0, r3
10005d62:	4770      	bx	lr

10005d64 <tu_fifo_empty>:
10005d64:	8902      	ldrh	r2, [r0, #8]
10005d66:	8943      	ldrh	r3, [r0, #10]
10005d68:	b290      	uxth	r0, r2
10005d6a:	b29b      	uxth	r3, r3
10005d6c:	1ac0      	subs	r0, r0, r3
10005d6e:	fab0 f080 	clz	r0, r0
10005d72:	0940      	lsrs	r0, r0, #5
10005d74:	4770      	bx	lr
10005d76:	bf00      	nop

10005d78 <tu_fifo_remaining>:
10005d78:	8903      	ldrh	r3, [r0, #8]
10005d7a:	8942      	ldrh	r2, [r0, #10]
10005d7c:	b29b      	uxth	r3, r3
10005d7e:	8880      	ldrh	r0, [r0, #4]
10005d80:	b292      	uxth	r2, r2
10005d82:	4293      	cmp	r3, r2
10005d84:	bf36      	itet	cc
10005d86:	ebc2 0240 	rsbcc	r2, r2, r0, lsl #1
10005d8a:	1a9b      	subcs	r3, r3, r2
10005d8c:	189b      	addcc	r3, r3, r2
10005d8e:	b29b      	uxth	r3, r3
10005d90:	4298      	cmp	r0, r3
10005d92:	bf86      	itte	hi
10005d94:	1ac0      	subhi	r0, r0, r3
10005d96:	b280      	uxthhi	r0, r0
10005d98:	2000      	movls	r0, #0
10005d9a:	4770      	bx	lr

10005d9c <tu_fifo_read>:
10005d9c:	b538      	push	{r3, r4, r5, lr}
10005d9e:	4604      	mov	r4, r0
10005da0:	6900      	ldr	r0, [r0, #16]
10005da2:	460d      	mov	r5, r1
10005da4:	b118      	cbz	r0, 10005dae <tu_fifo_read+0x12>
10005da6:	f04f 31ff 	mov.w	r1, #4294967295
10005daa:	f003 f969 	bl	10009080 <__mutex_enter_timeout_ms_veneer>
10005dae:	8921      	ldrh	r1, [r4, #8]
10005db0:	8963      	ldrh	r3, [r4, #10]
10005db2:	b289      	uxth	r1, r1
10005db4:	b29b      	uxth	r3, r3
10005db6:	88a2      	ldrh	r2, [r4, #4]
10005db8:	4299      	cmp	r1, r3
10005dba:	bf36      	itet	cc
10005dbc:	ebc3 0042 	rsbcc	r0, r3, r2, lsl #1
10005dc0:	1ac8      	subcs	r0, r1, r3
10005dc2:	1840      	addcc	r0, r0, r1
10005dc4:	b280      	uxth	r0, r0
10005dc6:	b350      	cbz	r0, 10005e1e <tu_fifo_read+0x82>
10005dc8:	4282      	cmp	r2, r0
10005dca:	d209      	bcs.n	10005de0 <tu_fifo_read+0x44>
10005dcc:	4291      	cmp	r1, r2
10005dce:	bf2c      	ite	cs
10005dd0:	1a89      	subcs	r1, r1, r2
10005dd2:	1889      	addcc	r1, r1, r2
10005dd4:	b28b      	uxth	r3, r1
10005dd6:	429a      	cmp	r2, r3
10005dd8:	8163      	strh	r3, [r4, #10]
10005dda:	d803      	bhi.n	10005de4 <tu_fifo_read+0x48>
10005ddc:	1a9b      	subs	r3, r3, r2
10005dde:	b29b      	uxth	r3, r3
10005de0:	429a      	cmp	r2, r3
10005de2:	d9fb      	bls.n	10005ddc <tu_fifo_read+0x40>
10005de4:	88e2      	ldrh	r2, [r4, #6]
10005de6:	6821      	ldr	r1, [r4, #0]
10005de8:	f3c2 020e 	ubfx	r2, r2, #0, #15
10005dec:	fb02 1103 	mla	r1, r2, r3, r1
10005df0:	4628      	mov	r0, r5
10005df2:	f002 ff4d 	bl	10008c90 <memcpy>
10005df6:	8961      	ldrh	r1, [r4, #10]
10005df8:	2501      	movs	r5, #1
10005dfa:	b289      	uxth	r1, r1
10005dfc:	1c4b      	adds	r3, r1, #1
10005dfe:	b29b      	uxth	r3, r3
10005e00:	4299      	cmp	r1, r3
10005e02:	88a2      	ldrh	r2, [r4, #4]
10005e04:	d90e      	bls.n	10005e24 <tu_fifo_read+0x88>
10005e06:	2300      	movs	r3, #0
10005e08:	fa02 f105 	lsl.w	r1, r2, r5
10005e0c:	1a5b      	subs	r3, r3, r1
10005e0e:	b29b      	uxth	r3, r3
10005e10:	6920      	ldr	r0, [r4, #16]
10005e12:	8163      	strh	r3, [r4, #10]
10005e14:	b108      	cbz	r0, 10005e1a <tu_fifo_read+0x7e>
10005e16:	f003 f947 	bl	100090a8 <__mutex_exit_veneer>
10005e1a:	4628      	mov	r0, r5
10005e1c:	bd38      	pop	{r3, r4, r5, pc}
10005e1e:	4605      	mov	r5, r0
10005e20:	8963      	ldrh	r3, [r4, #10]
10005e22:	b29b      	uxth	r3, r3
10005e24:	ebb3 0f42 	cmp.w	r3, r2, lsl #1
10005e28:	ea4f 0142 	mov.w	r1, r2, lsl #1
10005e2c:	dbf0      	blt.n	10005e10 <tu_fifo_read+0x74>
10005e2e:	e7ed      	b.n	10005e0c <tu_fifo_read+0x70>

10005e30 <tu_fifo_read_n>:
10005e30:	e92d 47f0 	stmdb	sp!, {r4, r5, r6, r7, r8, r9, sl, lr}
10005e34:	4606      	mov	r6, r0
10005e36:	6900      	ldr	r0, [r0, #16]
10005e38:	4688      	mov	r8, r1
10005e3a:	4691      	mov	r9, r2
10005e3c:	b118      	cbz	r0, 10005e46 <tu_fifo_read_n+0x16>
10005e3e:	f04f 31ff 	mov.w	r1, #4294967295
10005e42:	f003 f91d 	bl	10009080 <__mutex_enter_timeout_ms_veneer>
10005e46:	8933      	ldrh	r3, [r6, #8]
10005e48:	8974      	ldrh	r4, [r6, #10]
10005e4a:	b29b      	uxth	r3, r3
10005e4c:	b2a4      	uxth	r4, r4
10005e4e:	88b5      	ldrh	r5, [r6, #4]
10005e50:	42a3      	cmp	r3, r4
10005e52:	bf36      	itet	cc
10005e54:	ebc4 0745 	rsbcc	r7, r4, r5, lsl #1
10005e58:	1b1f      	subcs	r7, r3, r4
10005e5a:	18ff      	addcc	r7, r7, r3
10005e5c:	b2bf      	uxth	r7, r7
10005e5e:	2f00      	cmp	r7, #0
10005e60:	d04a      	beq.n	10005ef8 <tu_fifo_read_n+0xc8>
10005e62:	42bd      	cmp	r5, r7
10005e64:	d340      	bcc.n	10005ee8 <tu_fifo_read_n+0xb8>
10005e66:	45b9      	cmp	r9, r7
10005e68:	bf28      	it	cs
10005e6a:	46b9      	movcs	r9, r7
10005e6c:	42a5      	cmp	r5, r4
10005e6e:	fa1f f789 	uxth.w	r7, r9
10005e72:	d803      	bhi.n	10005e7c <tu_fifo_read_n+0x4c>
10005e74:	1b64      	subs	r4, r4, r5
10005e76:	b2a4      	uxth	r4, r4
10005e78:	42a5      	cmp	r5, r4
10005e7a:	d9fb      	bls.n	10005e74 <tu_fifo_read_n+0x44>
10005e7c:	f8b6 a006 	ldrh.w	sl, [r6, #6]
10005e80:	1b2b      	subs	r3, r5, r4
10005e82:	6831      	ldr	r1, [r6, #0]
10005e84:	b29b      	uxth	r3, r3
10005e86:	f3ca 020e 	ubfx	r2, sl, #0, #15
10005e8a:	429f      	cmp	r7, r3
10005e8c:	4692      	mov	sl, r2
10005e8e:	fb02 1104 	mla	r1, r2, r4, r1
10005e92:	d923      	bls.n	10005edc <tu_fifo_read_n+0xac>
10005e94:	fb13 f302 	smulbb	r3, r3, r2
10005e98:	fa1f f983 	uxth.w	r9, r3
10005e9c:	464a      	mov	r2, r9
10005e9e:	4640      	mov	r0, r8
10005ea0:	1b7d      	subs	r5, r7, r5
10005ea2:	f002 fef5 	bl	10008c90 <memcpy>
10005ea6:	1962      	adds	r2, r4, r5
10005ea8:	fb12 f20a 	smulbb	r2, r2, sl
10005eac:	6831      	ldr	r1, [r6, #0]
10005eae:	eb08 0009 	add.w	r0, r8, r9
10005eb2:	b292      	uxth	r2, r2
10005eb4:	f002 feec 	bl	10008c90 <memcpy>
10005eb8:	8972      	ldrh	r2, [r6, #10]
10005eba:	88b5      	ldrh	r5, [r6, #4]
10005ebc:	b292      	uxth	r2, r2
10005ebe:	19d3      	adds	r3, r2, r7
10005ec0:	b29b      	uxth	r3, r3
10005ec2:	429a      	cmp	r2, r3
10005ec4:	d91a      	bls.n	10005efc <tu_fifo_read_n+0xcc>
10005ec6:	006a      	lsls	r2, r5, #1
10005ec8:	1a9b      	subs	r3, r3, r2
10005eca:	b29b      	uxth	r3, r3
10005ecc:	6930      	ldr	r0, [r6, #16]
10005ece:	8173      	strh	r3, [r6, #10]
10005ed0:	b108      	cbz	r0, 10005ed6 <tu_fifo_read_n+0xa6>
10005ed2:	f003 f8e9 	bl	100090a8 <__mutex_exit_veneer>
10005ed6:	4638      	mov	r0, r7
10005ed8:	e8bd 87f0 	ldmia.w	sp!, {r4, r5, r6, r7, r8, r9, sl, pc}
10005edc:	4640      	mov	r0, r8
10005ede:	fb07 f202 	mul.w	r2, r7, r2
10005ee2:	f002 fed5 	bl	10008c90 <memcpy>
10005ee6:	e7e7      	b.n	10005eb8 <tu_fifo_read_n+0x88>
10005ee8:	42ab      	cmp	r3, r5
10005eea:	bf2c      	ite	cs
10005eec:	1b5b      	subcs	r3, r3, r5
10005eee:	195b      	addcc	r3, r3, r5
10005ef0:	b29c      	uxth	r4, r3
10005ef2:	462f      	mov	r7, r5
10005ef4:	8174      	strh	r4, [r6, #10]
10005ef6:	e7b6      	b.n	10005e66 <tu_fifo_read_n+0x36>
10005ef8:	8973      	ldrh	r3, [r6, #10]
10005efa:	b29b      	uxth	r3, r3
10005efc:	ebb3 0f45 	cmp.w	r3, r5, lsl #1
10005f00:	ea4f 0245 	mov.w	r2, r5, lsl #1
10005f04:	dbe2      	blt.n	10005ecc <tu_fifo_read_n+0x9c>
10005f06:	e7df      	b.n	10005ec8 <tu_fifo_read_n+0x98>

10005f08 <tu_fifo_write>:
10005f08:	b5f8      	push	{r3, r4, r5, r6, r7, lr}
10005f0a:	4604      	mov	r4, r0
10005f0c:	68c0      	ldr	r0, [r0, #12]
10005f0e:	460e      	mov	r6, r1
10005f10:	b118      	cbz	r0, 10005f1a <tu_fifo_write+0x12>
10005f12:	f04f 31ff 	mov.w	r1, #4294967295
10005f16:	f003 f8b3 	bl	10009080 <__mutex_enter_timeout_ms_veneer>
10005f1a:	8925      	ldrh	r5, [r4, #8]
10005f1c:	8923      	ldrh	r3, [r4, #8]
10005f1e:	8961      	ldrh	r1, [r4, #10]
10005f20:	b29b      	uxth	r3, r3
10005f22:	b289      	uxth	r1, r1
10005f24:	88a2      	ldrh	r2, [r4, #4]
10005f26:	428b      	cmp	r3, r1
10005f28:	bf36      	itet	cc
10005f2a:	ebc1 0142 	rsbcc	r1, r1, r2, lsl #1
10005f2e:	1a5b      	subcs	r3, r3, r1
10005f30:	185b      	addcc	r3, r3, r1
10005f32:	b29b      	uxth	r3, r3
10005f34:	429a      	cmp	r2, r3
10005f36:	b2ad      	uxth	r5, r5
10005f38:	d808      	bhi.n	10005f4c <tu_fifo_write+0x44>
10005f3a:	79e7      	ldrb	r7, [r4, #7]
10005f3c:	09ff      	lsrs	r7, r7, #7
10005f3e:	d105      	bne.n	10005f4c <tu_fifo_write+0x44>
10005f40:	68e0      	ldr	r0, [r4, #12]
10005f42:	b108      	cbz	r0, 10005f48 <tu_fifo_write+0x40>
10005f44:	f003 f8b0 	bl	100090a8 <__mutex_exit_veneer>
10005f48:	4638      	mov	r0, r7
10005f4a:	bdf8      	pop	{r3, r4, r5, r6, r7, pc}
10005f4c:	4295      	cmp	r5, r2
10005f4e:	bf28      	it	cs
10005f50:	462b      	movcs	r3, r5
10005f52:	d318      	bcc.n	10005f86 <tu_fifo_write+0x7e>
10005f54:	1a9b      	subs	r3, r3, r2
10005f56:	b29b      	uxth	r3, r3
10005f58:	4293      	cmp	r3, r2
10005f5a:	d2fb      	bcs.n	10005f54 <tu_fifo_write+0x4c>
10005f5c:	88e2      	ldrh	r2, [r4, #6]
10005f5e:	6820      	ldr	r0, [r4, #0]
10005f60:	f3c2 020e 	ubfx	r2, r2, #0, #15
10005f64:	fb02 0003 	mla	r0, r2, r3, r0
10005f68:	4631      	mov	r1, r6
10005f6a:	f002 fe91 	bl	10008c90 <memcpy>
10005f6e:	1c6b      	adds	r3, r5, #1
10005f70:	b29b      	uxth	r3, r3
10005f72:	429d      	cmp	r5, r3
10005f74:	88a2      	ldrh	r2, [r4, #4]
10005f76:	d912      	bls.n	10005f9e <tu_fifo_write+0x96>
10005f78:	2300      	movs	r3, #0
10005f7a:	0051      	lsls	r1, r2, #1
10005f7c:	1a5b      	subs	r3, r3, r1
10005f7e:	b29b      	uxth	r3, r3
10005f80:	2701      	movs	r7, #1
10005f82:	8123      	strh	r3, [r4, #8]
10005f84:	e7dc      	b.n	10005f40 <tu_fifo_write+0x38>
10005f86:	88e2      	ldrh	r2, [r4, #6]
10005f88:	6820      	ldr	r0, [r4, #0]
10005f8a:	f3c2 020e 	ubfx	r2, r2, #0, #15
10005f8e:	fb05 0002 	mla	r0, r5, r2, r0
10005f92:	4631      	mov	r1, r6
10005f94:	f002 fe7c 	bl	10008c90 <memcpy>
10005f98:	3501      	adds	r5, #1
10005f9a:	88a2      	ldrh	r2, [r4, #4]
10005f9c:	b2ab      	uxth	r3, r5
10005f9e:	ebb3 0f42 	cmp.w	r3, r2, lsl #1
10005fa2:	ea4f 0142 	mov.w	r1, r2, lsl #1
10005fa6:	dbeb      	blt.n	10005f80 <tu_fifo_write+0x78>
10005fa8:	e7e8      	b.n	10005f7c <tu_fifo_write+0x74>
10005faa:	bf00      	nop

10005fac <tu_fifo_write_n>:
10005fac:	e92d 4ff0 	stmdb	sp!, {r4, r5, r6, r7, r8, r9, sl, fp, lr}
10005fb0:	4617      	mov	r7, r2
10005fb2:	b083      	sub	sp, #12
10005fb4:	2a00      	cmp	r2, #0
10005fb6:	d075      	beq.n	100060a4 <tu_fifo_write_n+0xf8>
10005fb8:	4606      	mov	r6, r0
10005fba:	68c0      	ldr	r0, [r0, #12]
10005fbc:	4689      	mov	r9, r1
10005fbe:	b118      	cbz	r0, 10005fc8 <tu_fifo_write_n+0x1c>
10005fc0:	f04f 31ff 	mov.w	r1, #4294967295
10005fc4:	f003 f85c 	bl	10009080 <__mutex_enter_timeout_ms_veneer>
10005fc8:	79f3      	ldrb	r3, [r6, #7]
10005fca:	f8b6 8008 	ldrh.w	r8, [r6, #8]
10005fce:	8972      	ldrh	r2, [r6, #10]
10005fd0:	09db      	lsrs	r3, r3, #7
10005fd2:	88b5      	ldrh	r5, [r6, #4]
10005fd4:	fa1f f888 	uxth.w	r8, r8
10005fd8:	b292      	uxth	r2, r2
10005fda:	d13c      	bne.n	10006056 <tu_fifo_write_n+0xaa>
10005fdc:	4590      	cmp	r8, r2
10005fde:	bf36      	itet	cc
10005fe0:	ebc2 0245 	rsbcc	r2, r2, r5, lsl #1
10005fe4:	eba8 0202 	subcs.w	r2, r8, r2
10005fe8:	4442      	addcc	r2, r8
10005fea:	b292      	uxth	r2, r2
10005fec:	42aa      	cmp	r2, r5
10005fee:	d25e      	bcs.n	100060ae <tu_fifo_write_n+0x102>
10005ff0:	1aaa      	subs	r2, r5, r2
10005ff2:	b292      	uxth	r2, r2
10005ff4:	42ba      	cmp	r2, r7
10005ff6:	bf28      	it	cs
10005ff8:	463a      	movcs	r2, r7
10005ffa:	f8b6 b006 	ldrh.w	fp, [r6, #6]
10005ffe:	b297      	uxth	r7, r2
10006000:	1b7b      	subs	r3, r7, r5
10006002:	eb08 0a07 	add.w	sl, r8, r7
10006006:	f3cb 0b0e 	ubfx	fp, fp, #0, #15
1000600a:	b29b      	uxth	r3, r3
1000600c:	fa1f fa8a 	uxth.w	sl, sl
10006010:	45a8      	cmp	r8, r5
10006012:	4644      	mov	r4, r8
10006014:	d303      	bcc.n	1000601e <tu_fifo_write_n+0x72>
10006016:	1b64      	subs	r4, r4, r5
10006018:	b2a4      	uxth	r4, r4
1000601a:	42ac      	cmp	r4, r5
1000601c:	d2fb      	bcs.n	10006016 <tu_fifo_write_n+0x6a>
1000601e:	1b2d      	subs	r5, r5, r4
10006020:	6830      	ldr	r0, [r6, #0]
10006022:	b2ad      	uxth	r5, r5
10006024:	42bd      	cmp	r5, r7
10006026:	fb0b 0004 	mla	r0, fp, r4, r0
1000602a:	d357      	bcc.n	100060dc <tu_fifo_write_n+0x130>
1000602c:	4649      	mov	r1, r9
1000602e:	fb0b f207 	mul.w	r2, fp, r7
10006032:	f002 fe2d 	bl	10008c90 <memcpy>
10006036:	88b2      	ldrh	r2, [r6, #4]
10006038:	45d0      	cmp	r8, sl
1000603a:	ea4f 0342 	mov.w	r3, r2, lsl #1
1000603e:	d802      	bhi.n	10006046 <tu_fifo_write_n+0x9a>
10006040:	ebba 0f42 	cmp.w	sl, r2, lsl #1
10006044:	db03      	blt.n	1000604e <tu_fifo_write_n+0xa2>
10006046:	ebaa 0303 	sub.w	r3, sl, r3
1000604a:	fa1f fa83 	uxth.w	sl, r3
1000604e:	463d      	mov	r5, r7
10006050:	f8a6 a008 	strh.w	sl, [r6, #8]
10006054:	e02c      	b.n	100060b0 <tu_fifo_write_n+0x104>
10006056:	f8b6 b006 	ldrh.w	fp, [r6, #6]
1000605a:	42af      	cmp	r7, r5
1000605c:	f3cb 0b0e 	ubfx	fp, fp, #0, #15
10006060:	d22f      	bcs.n	100060c2 <tu_fifo_write_n+0x116>
10006062:	4590      	cmp	r8, r2
10006064:	bf36      	itet	cc
10006066:	ebc2 0145 	rsbcc	r1, r2, r5, lsl #1
1000606a:	eba8 0102 	subcs.w	r1, r8, r2
1000606e:	4441      	addcc	r1, r8
10006070:	b289      	uxth	r1, r1
10006072:	0068      	lsls	r0, r5, #1
10006074:	4439      	add	r1, r7
10006076:	1b7b      	subs	r3, r7, r5
10006078:	4281      	cmp	r1, r0
1000607a:	b29b      	uxth	r3, r3
1000607c:	db0d      	blt.n	1000609a <tu_fifo_write_n+0xee>
1000607e:	eb02 0a05 	add.w	sl, r2, r5
10006082:	fa1f fa8a 	uxth.w	sl, sl
10006086:	ebaa 0807 	sub.w	r8, sl, r7
1000608a:	fa1f f888 	uxth.w	r8, r8
1000608e:	4542      	cmp	r2, r8
10006090:	d937      	bls.n	10006102 <tu_fifo_write_n+0x156>
10006092:	eba8 0000 	sub.w	r0, r8, r0
10006096:	fa1f f880 	uxth.w	r8, r0
1000609a:	eb07 0a08 	add.w	sl, r7, r8
1000609e:	fa1f fa8a 	uxth.w	sl, sl
100060a2:	e7b5      	b.n	10006010 <tu_fifo_write_n+0x64>
100060a4:	4615      	mov	r5, r2
100060a6:	4628      	mov	r0, r5
100060a8:	b003      	add	sp, #12
100060aa:	e8bd 8ff0 	ldmia.w	sp!, {r4, r5, r6, r7, r8, r9, sl, fp, pc}
100060ae:	2500      	movs	r5, #0
100060b0:	68f0      	ldr	r0, [r6, #12]
100060b2:	2800      	cmp	r0, #0
100060b4:	d0f7      	beq.n	100060a6 <tu_fifo_write_n+0xfa>
100060b6:	f002 fff7 	bl	100090a8 <__mutex_exit_veneer>
100060ba:	4628      	mov	r0, r5
100060bc:	b003      	add	sp, #12
100060be:	e8bd 8ff0 	ldmia.w	sp!, {r4, r5, r6, r7, r8, r9, sl, fp, pc}
100060c2:	2d00      	cmp	r5, #0
100060c4:	d0f4      	beq.n	100060b0 <tu_fifo_write_n+0x104>
100060c6:	1b7f      	subs	r7, r7, r5
100060c8:	eb02 0a05 	add.w	sl, r2, r5
100060cc:	fb0b 9907 	mla	r9, fp, r7, r9
100060d0:	4690      	mov	r8, r2
100060d2:	462f      	mov	r7, r5
100060d4:	2300      	movs	r3, #0
100060d6:	fa1f fa8a 	uxth.w	sl, sl
100060da:	e799      	b.n	10006010 <tu_fifo_write_n+0x64>
100060dc:	fb15 f50b 	smulbb	r5, r5, fp
100060e0:	b2ad      	uxth	r5, r5
100060e2:	462a      	mov	r2, r5
100060e4:	4649      	mov	r1, r9
100060e6:	9301      	str	r3, [sp, #4]
100060e8:	f002 fdd2 	bl	10008c90 <memcpy>
100060ec:	9b01      	ldr	r3, [sp, #4]
100060ee:	6830      	ldr	r0, [r6, #0]
100060f0:	18e2      	adds	r2, r4, r3
100060f2:	fb12 f20b 	smulbb	r2, r2, fp
100060f6:	eb09 0105 	add.w	r1, r9, r5
100060fa:	b292      	uxth	r2, r2
100060fc:	f002 fdc8 	bl	10008c90 <memcpy>
10006100:	e799      	b.n	10006036 <tu_fifo_write_n+0x8a>
10006102:	4540      	cmp	r0, r8
10006104:	dc84      	bgt.n	10006010 <tu_fifo_write_n+0x64>
10006106:	e7c4      	b.n	10006092 <tu_fifo_write_n+0xe6>

10006108 <tu_fifo_clear>:
10006108:	b510      	push	{r4, lr}
1000610a:	4604      	mov	r4, r0
1000610c:	68c0      	ldr	r0, [r0, #12]
1000610e:	b118      	cbz	r0, 10006118 <tu_fifo_clear+0x10>
10006110:	f04f 31ff 	mov.w	r1, #4294967295
10006114:	f002 ffb4 	bl	10009080 <__mutex_enter_timeout_ms_veneer>
10006118:	6920      	ldr	r0, [r4, #16]
1000611a:	b118      	cbz	r0, 10006124 <tu_fifo_clear+0x1c>
1000611c:	f04f 31ff 	mov.w	r1, #4294967295
10006120:	f002 ffae 	bl	10009080 <__mutex_enter_timeout_ms_veneer>
10006124:	2300      	movs	r3, #0
10006126:	68e0      	ldr	r0, [r4, #12]
10006128:	8163      	strh	r3, [r4, #10]
1000612a:	8123      	strh	r3, [r4, #8]
1000612c:	b108      	cbz	r0, 10006132 <tu_fifo_clear+0x2a>
1000612e:	f002 ffbb 	bl	100090a8 <__mutex_exit_veneer>
10006132:	6920      	ldr	r0, [r4, #16]
10006134:	b108      	cbz	r0, 1000613a <tu_fifo_clear+0x32>
10006136:	f002 ffb7 	bl	100090a8 <__mutex_exit_veneer>
1000613a:	2001      	movs	r0, #1
1000613c:	bd10      	pop	{r4, pc}
1000613e:	bf00      	nop

10006140 <tu_fifo_set_overwritable>:
10006140:	b538      	push	{r3, r4, r5, lr}
10006142:	4604      	mov	r4, r0
10006144:	68c0      	ldr	r0, [r0, #12]
10006146:	460d      	mov	r5, r1
10006148:	b118      	cbz	r0, 10006152 <tu_fifo_set_overwritable+0x12>
1000614a:	f04f 31ff 	mov.w	r1, #4294967295
1000614e:	f002 ff97 	bl	10009080 <__mutex_enter_timeout_ms_veneer>
10006152:	6920      	ldr	r0, [r4, #16]
10006154:	b118      	cbz	r0, 1000615e <tu_fifo_set_overwritable+0x1e>
10006156:	f04f 31ff 	mov.w	r1, #4294967295
1000615a:	f002 ff91 	bl	10009080 <__mutex_enter_timeout_ms_veneer>
1000615e:	79e3      	ldrb	r3, [r4, #7]
10006160:	68e0      	ldr	r0, [r4, #12]
10006162:	f365 13c7 	bfi	r3, r5, #7, #1
10006166:	71e3      	strb	r3, [r4, #7]
10006168:	b108      	cbz	r0, 1000616e <tu_fifo_set_overwritable+0x2e>
1000616a:	f002 ff9d 	bl	100090a8 <__mutex_exit_veneer>
1000616e:	6920      	ldr	r0, [r4, #16]
10006170:	b108      	cbz	r0, 10006176 <tu_fifo_set_overwritable+0x36>
10006172:	f002 ff99 	bl	100090a8 <__mutex_exit_veneer>
10006176:	2001      	movs	r0, #1
10006178:	bd38      	pop	{r3, r4, r5, pc}
1000617a:	bf00      	nop

1000617c <exception_set_exclusive_handler>:
1000617c:	b5f8      	push	{r3, r4, r5, r6, r7, lr}
1000617e:	4604      	mov	r4, r0
10006180:	460d      	mov	r5, r1
10006182:	f3ef 8710 	mrs	r7, PRIMASK
10006186:	b672      	cpsid	i
10006188:	4b0c      	ldr	r3, [pc, #48]	@ (100061bc <exception_set_exclusive_handler+0x40>)
1000618a:	689b      	ldr	r3, [r3, #8]
1000618c:	f853 6020 	ldr.w	r6, [r3, r0, lsl #2]
10006190:	42b1      	cmp	r1, r6
10006192:	d004      	beq.n	1000619e <exception_set_exclusive_handler+0x22>
10006194:	4b0a      	ldr	r3, [pc, #40]	@ (100061c0 <exception_set_exclusive_handler+0x44>)
10006196:	429e      	cmp	r6, r3
10006198:	d20b      	bcs.n	100061b2 <exception_set_exclusive_handler+0x36>
1000619a:	f7fb fc6f 	bl	10001a7c <hard_assertion_failure>
1000619e:	4b07      	ldr	r3, [pc, #28]	@ (100061bc <exception_set_exclusive_handler+0x40>)
100061a0:	689b      	ldr	r3, [r3, #8]
100061a2:	f843 5024 	str.w	r5, [r3, r4, lsl #2]
100061a6:	f3bf 8f5f 	dmb	sy
100061aa:	f387 8810 	msr	PRIMASK, r7
100061ae:	4630      	mov	r0, r6
100061b0:	bdf8      	pop	{r3, r4, r5, r6, r7, pc}
100061b2:	4b04      	ldr	r3, [pc, #16]	@ (100061c4 <exception_set_exclusive_handler+0x48>)
100061b4:	429e      	cmp	r6, r3
100061b6:	d3f2      	bcc.n	1000619e <exception_set_exclusive_handler+0x22>
100061b8:	e7ef      	b.n	1000619a <exception_set_exclusive_handler+0x1e>
100061ba:	bf00      	nop
100061bc:	e000ed00 	.word	0xe000ed00
100061c0:	10000110 	.word	0x10000110
100061c4:	1000011c 	.word	0x1000011c

100061c8 <i2c_write_blocking_internal.constprop.0>:
100061c8:	e92d 41f0 	stmdb	sp!, {r4, r5, r6, r7, r8, lr}
100061cc:	2700      	movs	r7, #0
100061ce:	2401      	movs	r4, #1
100061d0:	4694      	mov	ip, r2
100061d2:	6802      	ldr	r2, [r0, #0]
100061d4:	4605      	mov	r5, r0
100061d6:	66d7      	str	r7, [r2, #108]	@ 0x6c
100061d8:	6051      	str	r1, [r2, #4]
100061da:	66d4      	str	r4, [r2, #108]	@ 0x6c
100061dc:	1e1c      	subs	r4, r3, #0
100061de:	4638      	mov	r0, r7
100061e0:	f89d 6018 	ldrb.w	r6, [sp, #24]
100061e4:	dd1e      	ble.n	10006224 <i2c_write_blocking_internal.constprop.0+0x5c>
100061e6:	7929      	ldrb	r1, [r5, #4]
100061e8:	f086 0701 	eor.w	r7, r6, #1
100061ec:	0289      	lsls	r1, r1, #10
100061ee:	027f      	lsls	r7, r7, #9
100061f0:	f104 3eff 	add.w	lr, r4, #4294967295
100061f4:	4570      	cmp	r0, lr
100061f6:	bf0c      	ite	eq
100061f8:	46b8      	moveq	r8, r7
100061fa:	f04f 0800 	movne.w	r8, #0
100061fe:	f81c 3b01 	ldrb.w	r3, [ip], #1
10006202:	430b      	orrs	r3, r1
10006204:	ea43 0308 	orr.w	r3, r3, r8
10006208:	6113      	str	r3, [r2, #16]
1000620a:	6b53      	ldr	r3, [r2, #52]	@ 0x34
1000620c:	06d9      	lsls	r1, r3, #27
1000620e:	d5fc      	bpl.n	1000620a <i2c_write_blocking_internal.constprop.0+0x42>
10006210:	f8d2 1080 	ldr.w	r1, [r2, #128]	@ 0x80
10006214:	b949      	cbnz	r1, 1000622a <i2c_write_blocking_internal.constprop.0+0x62>
10006216:	4570      	cmp	r0, lr
10006218:	d01c      	beq.n	10006254 <i2c_write_blocking_internal.constprop.0+0x8c>
1000621a:	3001      	adds	r0, #1
1000621c:	4284      	cmp	r4, r0
1000621e:	f04f 0100 	mov.w	r1, #0
10006222:	d1e7      	bne.n	100061f4 <i2c_write_blocking_internal.constprop.0+0x2c>
10006224:	712e      	strb	r6, [r5, #4]
10006226:	e8bd 81f0 	ldmia.w	sp!, {r4, r5, r6, r7, r8, pc}
1000622a:	f04f 0801 	mov.w	r8, #1
1000622e:	6d53      	ldr	r3, [r2, #84]	@ 0x54
10006230:	6b53      	ldr	r3, [r2, #52]	@ 0x34
10006232:	059b      	lsls	r3, r3, #22
10006234:	d5fc      	bpl.n	10006230 <i2c_write_blocking_internal.constprop.0+0x68>
10006236:	6e13      	ldr	r3, [r2, #96]	@ 0x60
10006238:	f1b8 0f00 	cmp.w	r8, #0
1000623c:	d0ed      	beq.n	1000621a <i2c_write_blocking_internal.constprop.0+0x52>
1000623e:	b169      	cbz	r1, 1000625c <i2c_write_blocking_internal.constprop.0+0x94>
10006240:	07cb      	lsls	r3, r1, #31
10006242:	d40b      	bmi.n	1000625c <i2c_write_blocking_internal.constprop.0+0x94>
10006244:	f011 0f08 	tst.w	r1, #8
10006248:	bf08      	it	eq
1000624a:	f04f 30ff 	moveq.w	r0, #4294967295
1000624e:	712e      	strb	r6, [r5, #4]
10006250:	e8bd 81f0 	ldmia.w	sp!, {r4, r5, r6, r7, r8, pc}
10006254:	2e00      	cmp	r6, #0
10006256:	d1e0      	bne.n	1000621a <i2c_write_blocking_internal.constprop.0+0x52>
10006258:	46b0      	mov	r8, r6
1000625a:	e7e9      	b.n	10006230 <i2c_write_blocking_internal.constprop.0+0x68>
1000625c:	f04f 30ff 	mov.w	r0, #4294967295
10006260:	e7e0      	b.n	10006224 <i2c_write_blocking_internal.constprop.0+0x5c>
10006262:	bf00      	nop

10006264 <i2c_set_baudrate>:
10006264:	b5f8      	push	{r3, r4, r5, r6, r7, lr}
10006266:	4604      	mov	r4, r0
10006268:	2005      	movs	r0, #5
1000626a:	460f      	mov	r7, r1
1000626c:	f7fb fafc 	bl	10001868 <clock_get_hz>
10006270:	eb00 0c57 	add.w	ip, r0, r7, lsr #1
10006274:	fbbc fcf7 	udiv	ip, ip, r7
10006278:	4d20      	ldr	r5, [pc, #128]	@ (100062fc <i2c_set_baudrate+0x98>)
1000627a:	eb0c 024c 	add.w	r2, ip, ip, lsl #1
1000627e:	fba5 6502 	umull	r6, r5, r5, r2
10006282:	491f      	ldr	r1, [pc, #124]	@ (10006300 <i2c_set_baudrate+0x9c>)
10006284:	08ae      	lsrs	r6, r5, #2
10006286:	428f      	cmp	r7, r1
10006288:	eb00 0340 	add.w	r3, r0, r0, lsl #1
1000628c:	ebac 0595 	sub.w	r5, ip, r5, lsr #2
10006290:	d82e      	bhi.n	100062f0 <i2c_set_baudrate+0x8c>
10006292:	f101 41d6 	add.w	r1, r1, #1795162112	@ 0x6b000000
10006296:	f501 01a1 	add.w	r1, r1, #5275648	@ 0x508000
1000629a:	f601 012c 	addw	r1, r1, #2092	@ 0x82c
1000629e:	fba1 1303 	umull	r1, r3, r1, r3
100062a2:	0d9b      	lsrs	r3, r3, #22
100062a4:	3301      	adds	r3, #1
100062a6:	2100      	movs	r1, #0
100062a8:	2a4f      	cmp	r2, #79	@ 0x4f
100062aa:	bf98      	it	ls
100062ac:	2201      	movls	r2, #1
100062ae:	6824      	ldr	r4, [r4, #0]
100062b0:	fbb0 f0fc 	udiv	r0, r0, ip
100062b4:	66e1      	str	r1, [r4, #108]	@ 0x6c
100062b6:	6821      	ldr	r1, [r4, #0]
100062b8:	f504 5780 	add.w	r7, r4, #4096	@ 0x1000
100062bc:	f081 0104 	eor.w	r1, r1, #4
100062c0:	f001 0106 	and.w	r1, r1, #6
100062c4:	6039      	str	r1, [r7, #0]
100062c6:	bf88      	it	hi
100062c8:	490c      	ldrhi	r1, [pc, #48]	@ (100062fc <i2c_set_baudrate+0x98>)
100062ca:	61e5      	str	r5, [r4, #28]
100062cc:	bf84      	itt	hi
100062ce:	fba1 1202 	umullhi	r1, r2, r1, r2
100062d2:	0992      	lsrhi	r2, r2, #6
100062d4:	6226      	str	r6, [r4, #32]
100062d6:	f8c4 20a0 	str.w	r2, [r4, #160]	@ 0xa0
100062da:	4622      	mov	r2, r4
100062dc:	2101      	movs	r1, #1
100062de:	f852 5f7c 	ldr.w	r5, [r2, #124]!
100062e2:	406b      	eors	r3, r5
100062e4:	b29b      	uxth	r3, r3
100062e6:	f502 5280 	add.w	r2, r2, #4096	@ 0x1000
100062ea:	6013      	str	r3, [r2, #0]
100062ec:	66e1      	str	r1, [r4, #108]	@ 0x6c
100062ee:	bdf8      	pop	{r3, r4, r5, r6, r7, pc}
100062f0:	4904      	ldr	r1, [pc, #16]	@ (10006304 <i2c_set_baudrate+0xa0>)
100062f2:	fba1 1303 	umull	r1, r3, r1, r3
100062f6:	0ddb      	lsrs	r3, r3, #23
100062f8:	3301      	adds	r3, #1
100062fa:	e7d4      	b.n	100062a6 <i2c_set_baudrate+0x42>
100062fc:	cccccccd 	.word	0xcccccccd
10006300:	000f423f 	.word	0x000f423f
10006304:	55e63b89 	.word	0x55e63b89

10006308 <i2c_init>:
10006308:	4a0e      	ldr	r2, [pc, #56]	@ (10006344 <i2c_init+0x3c>)
1000630a:	b430      	push	{r4, r5}
1000630c:	4290      	cmp	r0, r2
1000630e:	bf14      	ite	ne
10006310:	2220      	movne	r2, #32
10006312:	2210      	moveq	r2, #16
10006314:	4d0c      	ldr	r5, [pc, #48]	@ (10006348 <i2c_init+0x40>)
10006316:	4b0d      	ldr	r3, [pc, #52]	@ (1000634c <i2c_init+0x44>)
10006318:	4c0d      	ldr	r4, [pc, #52]	@ (10006350 <i2c_init+0x48>)
1000631a:	602a      	str	r2, [r5, #0]
1000631c:	601a      	str	r2, [r3, #0]
1000631e:	68a3      	ldr	r3, [r4, #8]
10006320:	ea32 0303 	bics.w	r3, r2, r3
10006324:	d1fb      	bne.n	1000631e <i2c_init+0x16>
10006326:	f240 1565 	movw	r5, #357	@ 0x165
1000632a:	2403      	movs	r4, #3
1000632c:	6802      	ldr	r2, [r0, #0]
1000632e:	7103      	strb	r3, [r0, #4]
10006330:	66d3      	str	r3, [r2, #108]	@ 0x6c
10006332:	6015      	str	r5, [r2, #0]
10006334:	63d3      	str	r3, [r2, #60]	@ 0x3c
10006336:	6393      	str	r3, [r2, #56]	@ 0x38
10006338:	f8c2 4088 	str.w	r4, [r2, #136]	@ 0x88
1000633c:	bc30      	pop	{r4, r5}
1000633e:	f7ff bf91 	b.w	10006264 <i2c_set_baudrate>
10006342:	bf00      	nop
10006344:	200015a8 	.word	0x200015a8
10006348:	40022000 	.word	0x40022000
1000634c:	40023000 	.word	0x40023000
10006350:	40020000 	.word	0x40020000

10006354 <i2c_write_blocking>:
10006354:	b410      	push	{r4}
10006356:	f89d 4004 	ldrb.w	r4, [sp, #4]
1000635a:	9401      	str	r4, [sp, #4]
1000635c:	f85d 4b04 	ldr.w	r4, [sp], #4
10006360:	f7ff bf32 	b.w	100061c8 <i2c_write_blocking_internal.constprop.0>

10006364 <adc_init>:
10006364:	2301      	movs	r3, #1
10006366:	4807      	ldr	r0, [pc, #28]	@ (10006384 <adc_init+0x20>)
10006368:	4907      	ldr	r1, [pc, #28]	@ (10006388 <adc_init+0x24>)
1000636a:	4a08      	ldr	r2, [pc, #32]	@ (1000638c <adc_init+0x28>)
1000636c:	6003      	str	r3, [r0, #0]
1000636e:	600b      	str	r3, [r1, #0]
10006370:	6893      	ldr	r3, [r2, #8]
10006372:	07d9      	lsls	r1, r3, #31
10006374:	d5fc      	bpl.n	10006370 <adc_init+0xc>
10006376:	2301      	movs	r3, #1
10006378:	4a05      	ldr	r2, [pc, #20]	@ (10006390 <adc_init+0x2c>)
1000637a:	6013      	str	r3, [r2, #0]
1000637c:	6813      	ldr	r3, [r2, #0]
1000637e:	05db      	lsls	r3, r3, #23
10006380:	d5fc      	bpl.n	1000637c <adc_init+0x18>
10006382:	4770      	bx	lr
10006384:	40022000 	.word	0x40022000
10006388:	40023000 	.word	0x40023000
1000638c:	40020000 	.word	0x40020000
10006390:	400a0000 	.word	0x400a0000

10006394 <spi_init>:
10006394:	4b38      	ldr	r3, [pc, #224]	@ (10006478 <spi_init+0xe4>)
10006396:	e92d 47f0 	stmdb	sp!, {r4, r5, r6, r7, r8, r9, sl, lr}
1000639a:	4298      	cmp	r0, r3
1000639c:	bf14      	ite	ne
1000639e:	f44f 2300 	movne.w	r3, #524288	@ 0x80000
100063a2:	f44f 2380 	moveq.w	r3, #262144	@ 0x40000
100063a6:	4607      	mov	r7, r0
100063a8:	460e      	mov	r6, r1
100063aa:	4d34      	ldr	r5, [pc, #208]	@ (1000647c <spi_init+0xe8>)
100063ac:	4c34      	ldr	r4, [pc, #208]	@ (10006480 <spi_init+0xec>)
100063ae:	4a35      	ldr	r2, [pc, #212]	@ (10006484 <spi_init+0xf0>)
100063b0:	602b      	str	r3, [r5, #0]
100063b2:	6023      	str	r3, [r4, #0]
100063b4:	6895      	ldr	r5, [r2, #8]
100063b6:	ea33 0505 	bics.w	r5, r3, r5
100063ba:	d1fb      	bne.n	100063b4 <spi_init+0x20>
100063bc:	2006      	movs	r0, #6
100063be:	f7fb fa53 	bl	10001868 <clock_get_hz>
100063c2:	4639      	mov	r1, r7
100063c4:	f04f 0a02 	mov.w	sl, #2
100063c8:	f851 ef04 	ldr.w	lr, [r1, #4]!
100063cc:	ea4f 59d6 	mov.w	r9, r6, lsr #23
100063d0:	ea4f 2c46 	mov.w	ip, r6, lsl #9
100063d4:	f501 5840 	add.w	r8, r1, #12288	@ 0x3000
100063d8:	4663      	mov	r3, ip
100063da:	464a      	mov	r2, r9
100063dc:	4654      	mov	r4, sl
100063de:	ea0e 0e0a 	and.w	lr, lr, sl
100063e2:	f8c8 a000 	str.w	sl, [r8]
100063e6:	e008      	b.n	100063fa <spi_init+0x66>
100063e8:	eb13 030c 	adds.w	r3, r3, ip
100063ec:	f104 0402 	add.w	r4, r4, #2
100063f0:	eb42 0209 	adc.w	r2, r2, r9
100063f4:	f5b4 7f80 	cmp.w	r4, #256	@ 0x100
100063f8:	d003      	beq.n	10006402 <spi_init+0x6e>
100063fa:	4298      	cmp	r0, r3
100063fc:	eb75 0a02 	sbcs.w	sl, r5, r2
10006400:	d2f2      	bcs.n	100063e8 <spi_init+0x54>
10006402:	f44f 7380 	mov.w	r3, #256	@ 0x100
10006406:	ebc4 2204 	rsb	r2, r4, r4, lsl #8
1000640a:	e001      	b.n	10006410 <spi_init+0x7c>
1000640c:	2b01      	cmp	r3, #1
1000640e:	d030      	beq.n	10006472 <spi_init+0xde>
10006410:	fbb0 fcf2 	udiv	ip, r0, r2
10006414:	4566      	cmp	r6, ip
10006416:	4699      	mov	r9, r3
10006418:	eba2 0204 	sub.w	r2, r2, r4
1000641c:	f103 33ff 	add.w	r3, r3, #4294967295
10006420:	d2f4      	bcs.n	1000640c <spi_init+0x78>
10006422:	fb09 f904 	mul.w	r9, r9, r4
10006426:	021d      	lsls	r5, r3, #8
10006428:	613c      	str	r4, [r7, #16]
1000642a:	2402      	movs	r4, #2
1000642c:	463b      	mov	r3, r7
1000642e:	2603      	movs	r6, #3
10006430:	683a      	ldr	r2, [r7, #0]
10006432:	f501 5100 	add.w	r1, r1, #8192	@ 0x2000
10006436:	406a      	eors	r2, r5
10006438:	f507 5c80 	add.w	ip, r7, #4096	@ 0x1000
1000643c:	f402 427f 	and.w	r2, r2, #65280	@ 0xff00
10006440:	f8cc 2000 	str.w	r2, [ip]
10006444:	f8c1 e000 	str.w	lr, [r1]
10006448:	687d      	ldr	r5, [r7, #4]
1000644a:	f8c8 4000 	str.w	r4, [r8]
1000644e:	f853 2b24 	ldr.w	r2, [r3], #36
10006452:	4025      	ands	r5, r4
10006454:	f082 0207 	eor.w	r2, r2, #7
10006458:	f002 02cf 	and.w	r2, r2, #207	@ 0xcf
1000645c:	f503 5300 	add.w	r3, r3, #8192	@ 0x2000
10006460:	f8cc 2000 	str.w	r2, [ip]
10006464:	fbb0 f0f9 	udiv	r0, r0, r9
10006468:	600d      	str	r5, [r1, #0]
1000646a:	601e      	str	r6, [r3, #0]
1000646c:	600c      	str	r4, [r1, #0]
1000646e:	e8bd 87f0 	ldmia.w	sp!, {r4, r5, r6, r7, r8, r9, sl, pc}
10006472:	46a1      	mov	r9, r4
10006474:	e7d8      	b.n	10006428 <spi_init+0x94>
10006476:	bf00      	nop
10006478:	40080000 	.word	0x40080000
1000647c:	40022000 	.word	0x40022000
10006480:	40023000 	.word	0x40023000
10006484:	40020000 	.word	0x40020000

10006488 <prvCopyDataToQueue>:
10006488:	b570      	push	{r4, r5, r6, lr}
1000648a:	4616      	mov	r6, r2
1000648c:	6c02      	ldr	r2, [r0, #64]	@ 0x40
1000648e:	4604      	mov	r4, r0
10006490:	6b85      	ldr	r5, [r0, #56]	@ 0x38
10006492:	b92a      	cbnz	r2, 100064a0 <prvCopyDataToQueue+0x18>
10006494:	6806      	ldr	r6, [r0, #0]
10006496:	3501      	adds	r5, #1
10006498:	b34e      	cbz	r6, 100064ee <prvCopyDataToQueue+0x66>
1000649a:	4610      	mov	r0, r2
1000649c:	63a5      	str	r5, [r4, #56]	@ 0x38
1000649e:	bd70      	pop	{r4, r5, r6, pc}
100064a0:	b98e      	cbnz	r6, 100064c6 <prvCopyDataToQueue+0x3e>
100064a2:	6840      	ldr	r0, [r0, #4]
100064a4:	f002 fbf4 	bl	10008c90 <memcpy>
100064a8:	6863      	ldr	r3, [r4, #4]
100064aa:	6c21      	ldr	r1, [r4, #64]	@ 0x40
100064ac:	68a2      	ldr	r2, [r4, #8]
100064ae:	440b      	add	r3, r1
100064b0:	4293      	cmp	r3, r2
100064b2:	6063      	str	r3, [r4, #4]
100064b4:	bf28      	it	cs
100064b6:	6823      	ldrcs	r3, [r4, #0]
100064b8:	f105 0501 	add.w	r5, r5, #1
100064bc:	bf28      	it	cs
100064be:	6063      	strcs	r3, [r4, #4]
100064c0:	2000      	movs	r0, #0
100064c2:	63a5      	str	r5, [r4, #56]	@ 0x38
100064c4:	bd70      	pop	{r4, r5, r6, pc}
100064c6:	68c0      	ldr	r0, [r0, #12]
100064c8:	f002 fbe2 	bl	10008c90 <memcpy>
100064cc:	6c22      	ldr	r2, [r4, #64]	@ 0x40
100064ce:	68e3      	ldr	r3, [r4, #12]
100064d0:	4251      	negs	r1, r2
100064d2:	1a9b      	subs	r3, r3, r2
100064d4:	6822      	ldr	r2, [r4, #0]
100064d6:	60e3      	str	r3, [r4, #12]
100064d8:	4293      	cmp	r3, r2
100064da:	d202      	bcs.n	100064e2 <prvCopyDataToQueue+0x5a>
100064dc:	68a3      	ldr	r3, [r4, #8]
100064de:	440b      	add	r3, r1
100064e0:	60e3      	str	r3, [r4, #12]
100064e2:	2e02      	cmp	r6, #2
100064e4:	d008      	beq.n	100064f8 <prvCopyDataToQueue+0x70>
100064e6:	3501      	adds	r5, #1
100064e8:	2000      	movs	r0, #0
100064ea:	63a5      	str	r5, [r4, #56]	@ 0x38
100064ec:	bd70      	pop	{r4, r5, r6, pc}
100064ee:	6880      	ldr	r0, [r0, #8]
100064f0:	f001 faa2 	bl	10007a38 <xTaskPriorityDisinherit>
100064f4:	60a6      	str	r6, [r4, #8]
100064f6:	e7d1      	b.n	1000649c <prvCopyDataToQueue+0x14>
100064f8:	2d01      	cmp	r5, #1
100064fa:	bf38      	it	cc
100064fc:	2501      	movcc	r5, #1
100064fe:	e7df      	b.n	100064c0 <prvCopyDataToQueue+0x38>

10006500 <xQueueGenericCreate>:
10006500:	b570      	push	{r4, r5, r6, lr}
10006502:	b3a0      	cbz	r0, 1000656e <xQueueGenericCreate+0x6e>
10006504:	fba1 2300 	umull	r2, r3, r1, r0
10006508:	4605      	mov	r5, r0
1000650a:	460e      	mov	r6, r1
1000650c:	bb7b      	cbnz	r3, 1000656e <xQueueGenericCreate+0x6e>
1000650e:	fb01 f000 	mul.w	r0, r1, r0
10006512:	f110 0f49 	cmn.w	r0, #73	@ 0x49
10006516:	d82a      	bhi.n	1000656e <xQueueGenericCreate+0x6e>
10006518:	3048      	adds	r0, #72	@ 0x48
1000651a:	f001 fcad 	bl	10007e78 <pvPortMalloc>
1000651e:	4604      	mov	r4, r0
10006520:	b328      	cbz	r0, 1000656e <xQueueGenericCreate+0x6e>
10006522:	b33e      	cbz	r6, 10006574 <xQueueGenericCreate+0x74>
10006524:	f100 0348 	add.w	r3, r0, #72	@ 0x48
10006528:	6023      	str	r3, [r4, #0]
1000652a:	e9c4 560f 	strd	r5, r6, [r4, #60]	@ 0x3c
1000652e:	f001 fcfd 	bl	10007f2c <vPortEnterCritical>
10006532:	2300      	movs	r3, #0
10006534:	20ff      	movs	r0, #255	@ 0xff
10006536:	63a3      	str	r3, [r4, #56]	@ 0x38
10006538:	6c21      	ldr	r1, [r4, #64]	@ 0x40
1000653a:	6be3      	ldr	r3, [r4, #60]	@ 0x3c
1000653c:	6822      	ldr	r2, [r4, #0]
1000653e:	fb01 f303 	mul.w	r3, r1, r3
10006542:	1a59      	subs	r1, r3, r1
10006544:	6062      	str	r2, [r4, #4]
10006546:	4413      	add	r3, r2
10006548:	440a      	add	r2, r1
1000654a:	e9c4 3202 	strd	r3, r2, [r4, #8]
1000654e:	f884 0044 	strb.w	r0, [r4, #68]	@ 0x44
10006552:	f884 0045 	strb.w	r0, [r4, #69]	@ 0x45
10006556:	f104 0010 	add.w	r0, r4, #16
1000655a:	f001 fe5f 	bl	1000821c <vListInitialise>
1000655e:	f104 0024 	add.w	r0, r4, #36	@ 0x24
10006562:	f001 fe5b 	bl	1000821c <vListInitialise>
10006566:	f001 fcef 	bl	10007f48 <vPortExitCritical>
1000656a:	4620      	mov	r0, r4
1000656c:	bd70      	pop	{r4, r5, r6, pc}
1000656e:	2400      	movs	r4, #0
10006570:	4620      	mov	r0, r4
10006572:	bd70      	pop	{r4, r5, r6, pc}
10006574:	4603      	mov	r3, r0
10006576:	e7d7      	b.n	10006528 <xQueueGenericCreate+0x28>

10006578 <xQueueGenericSend>:
10006578:	e92d 43f0 	stmdb	sp!, {r4, r5, r6, r7, r8, r9, lr}
1000657c:	4604      	mov	r4, r0
1000657e:	b085      	sub	sp, #20
10006580:	461f      	mov	r7, r3
10006582:	9201      	str	r2, [sp, #4]
10006584:	4688      	mov	r8, r1
10006586:	f001 fcd1 	bl	10007f2c <vPortEnterCritical>
1000658a:	6ba2      	ldr	r2, [r4, #56]	@ 0x38
1000658c:	6be3      	ldr	r3, [r4, #60]	@ 0x3c
1000658e:	429a      	cmp	r2, r3
10006590:	d379      	bcc.n	10006686 <xQueueGenericSend+0x10e>
10006592:	2f02      	cmp	r7, #2
10006594:	d077      	beq.n	10006686 <xQueueGenericSend+0x10e>
10006596:	2200      	movs	r2, #0
10006598:	f104 0624 	add.w	r6, r4, #36	@ 0x24
1000659c:	9b01      	ldr	r3, [sp, #4]
1000659e:	2b00      	cmp	r3, #0
100065a0:	f000 80d4 	beq.w	1000674c <xQueueGenericSend+0x1d4>
100065a4:	2a00      	cmp	r2, #0
100065a6:	f000 80cd 	beq.w	10006744 <xQueueGenericSend+0x1cc>
100065aa:	f001 fccd 	bl	10007f48 <vPortExitCritical>
100065ae:	f000 ff75 	bl	1000749c <vTaskSuspendAll>
100065b2:	f001 fcbb 	bl	10007f2c <vPortEnterCritical>
100065b6:	f894 3044 	ldrb.w	r3, [r4, #68]	@ 0x44
100065ba:	2bff      	cmp	r3, #255	@ 0xff
100065bc:	bf04      	itt	eq
100065be:	2300      	moveq	r3, #0
100065c0:	f884 3044 	strbeq.w	r3, [r4, #68]	@ 0x44
100065c4:	f894 3045 	ldrb.w	r3, [r4, #69]	@ 0x45
100065c8:	2bff      	cmp	r3, #255	@ 0xff
100065ca:	bf04      	itt	eq
100065cc:	2300      	moveq	r3, #0
100065ce:	f884 3045 	strbeq.w	r3, [r4, #69]	@ 0x45
100065d2:	f001 fcb9 	bl	10007f48 <vPortExitCritical>
100065d6:	a802      	add	r0, sp, #8
100065d8:	a901      	add	r1, sp, #4
100065da:	f001 f9f7 	bl	100079cc <xTaskCheckForTimeOut>
100065de:	2800      	cmp	r0, #0
100065e0:	f040 80ba 	bne.w	10006758 <xQueueGenericSend+0x1e0>
100065e4:	f001 fca2 	bl	10007f2c <vPortEnterCritical>
100065e8:	6ba2      	ldr	r2, [r4, #56]	@ 0x38
100065ea:	6be3      	ldr	r3, [r4, #60]	@ 0x3c
100065ec:	429a      	cmp	r2, r3
100065ee:	d05c      	beq.n	100066aa <xQueueGenericSend+0x132>
100065f0:	f001 fcaa 	bl	10007f48 <vPortExitCritical>
100065f4:	f001 fc9a 	bl	10007f2c <vPortEnterCritical>
100065f8:	f894 2045 	ldrb.w	r2, [r4, #69]	@ 0x45
100065fc:	b255      	sxtb	r5, r2
100065fe:	2d00      	cmp	r5, #0
10006600:	dc04      	bgt.n	1000660c <xQueueGenericSend+0x94>
10006602:	e011      	b.n	10006628 <xQueueGenericSend+0xb0>
10006604:	1e6a      	subs	r2, r5, #1
10006606:	b2d3      	uxtb	r3, r2
10006608:	b255      	sxtb	r5, r2
1000660a:	b16b      	cbz	r3, 10006628 <xQueueGenericSend+0xb0>
1000660c:	6a63      	ldr	r3, [r4, #36]	@ 0x24
1000660e:	b15b      	cbz	r3, 10006628 <xQueueGenericSend+0xb0>
10006610:	4630      	mov	r0, r6
10006612:	f001 f967 	bl	100078e4 <xTaskRemoveFromEventList>
10006616:	2800      	cmp	r0, #0
10006618:	d0f4      	beq.n	10006604 <xQueueGenericSend+0x8c>
1000661a:	f001 fa07 	bl	10007a2c <vTaskMissedYield>
1000661e:	1e6a      	subs	r2, r5, #1
10006620:	b2d3      	uxtb	r3, r2
10006622:	b255      	sxtb	r5, r2
10006624:	2b00      	cmp	r3, #0
10006626:	d1f1      	bne.n	1000660c <xQueueGenericSend+0x94>
10006628:	23ff      	movs	r3, #255	@ 0xff
1000662a:	f884 3045 	strb.w	r3, [r4, #69]	@ 0x45
1000662e:	f001 fc8b 	bl	10007f48 <vPortExitCritical>
10006632:	f001 fc7b 	bl	10007f2c <vPortEnterCritical>
10006636:	f894 2044 	ldrb.w	r2, [r4, #68]	@ 0x44
1000663a:	b255      	sxtb	r5, r2
1000663c:	2d00      	cmp	r5, #0
1000663e:	dd14      	ble.n	1000666a <xQueueGenericSend+0xf2>
10006640:	f104 0910 	add.w	r9, r4, #16
10006644:	e003      	b.n	1000664e <xQueueGenericSend+0xd6>
10006646:	1e6a      	subs	r2, r5, #1
10006648:	b2d3      	uxtb	r3, r2
1000664a:	b255      	sxtb	r5, r2
1000664c:	b16b      	cbz	r3, 1000666a <xQueueGenericSend+0xf2>
1000664e:	6923      	ldr	r3, [r4, #16]
10006650:	b15b      	cbz	r3, 1000666a <xQueueGenericSend+0xf2>
10006652:	4648      	mov	r0, r9
10006654:	f001 f946 	bl	100078e4 <xTaskRemoveFromEventList>
10006658:	2800      	cmp	r0, #0
1000665a:	d0f4      	beq.n	10006646 <xQueueGenericSend+0xce>
1000665c:	f001 f9e6 	bl	10007a2c <vTaskMissedYield>
10006660:	1e6a      	subs	r2, r5, #1
10006662:	b2d3      	uxtb	r3, r2
10006664:	b255      	sxtb	r5, r2
10006666:	2b00      	cmp	r3, #0
10006668:	d1f1      	bne.n	1000664e <xQueueGenericSend+0xd6>
1000666a:	23ff      	movs	r3, #255	@ 0xff
1000666c:	f884 3044 	strb.w	r3, [r4, #68]	@ 0x44
10006670:	f001 fc6a 	bl	10007f48 <vPortExitCritical>
10006674:	f000 ff1a 	bl	100074ac <xTaskResumeAll>
10006678:	f001 fc58 	bl	10007f2c <vPortEnterCritical>
1000667c:	6ba1      	ldr	r1, [r4, #56]	@ 0x38
1000667e:	6be3      	ldr	r3, [r4, #60]	@ 0x3c
10006680:	2201      	movs	r2, #1
10006682:	4299      	cmp	r1, r3
10006684:	d28a      	bcs.n	1000659c <xQueueGenericSend+0x24>
10006686:	463a      	mov	r2, r7
10006688:	4641      	mov	r1, r8
1000668a:	4620      	mov	r0, r4
1000668c:	f7ff fefc 	bl	10006488 <prvCopyDataToQueue>
10006690:	6a63      	ldr	r3, [r4, #36]	@ 0x24
10006692:	2b00      	cmp	r3, #0
10006694:	f040 80a8 	bne.w	100067e8 <xQueueGenericSend+0x270>
10006698:	2800      	cmp	r0, #0
1000669a:	f040 80a2 	bne.w	100067e2 <xQueueGenericSend+0x26a>
1000669e:	f001 fc53 	bl	10007f48 <vPortExitCritical>
100066a2:	2001      	movs	r0, #1
100066a4:	b005      	add	sp, #20
100066a6:	e8bd 83f0 	ldmia.w	sp!, {r4, r5, r6, r7, r8, r9, pc}
100066aa:	f104 0910 	add.w	r9, r4, #16
100066ae:	f001 fc4b 	bl	10007f48 <vPortExitCritical>
100066b2:	4648      	mov	r0, r9
100066b4:	9901      	ldr	r1, [sp, #4]
100066b6:	f001 f863 	bl	10007780 <vTaskPlaceOnEventList>
100066ba:	f001 fc37 	bl	10007f2c <vPortEnterCritical>
100066be:	f894 3045 	ldrb.w	r3, [r4, #69]	@ 0x45
100066c2:	b25d      	sxtb	r5, r3
100066c4:	2d00      	cmp	r5, #0
100066c6:	dc04      	bgt.n	100066d2 <xQueueGenericSend+0x15a>
100066c8:	e011      	b.n	100066ee <xQueueGenericSend+0x176>
100066ca:	1e6b      	subs	r3, r5, #1
100066cc:	b2da      	uxtb	r2, r3
100066ce:	b25d      	sxtb	r5, r3
100066d0:	b16a      	cbz	r2, 100066ee <xQueueGenericSend+0x176>
100066d2:	6a63      	ldr	r3, [r4, #36]	@ 0x24
100066d4:	b15b      	cbz	r3, 100066ee <xQueueGenericSend+0x176>
100066d6:	4630      	mov	r0, r6
100066d8:	f001 f904 	bl	100078e4 <xTaskRemoveFromEventList>
100066dc:	2800      	cmp	r0, #0
100066de:	d0f4      	beq.n	100066ca <xQueueGenericSend+0x152>
100066e0:	f001 f9a4 	bl	10007a2c <vTaskMissedYield>
100066e4:	1e6b      	subs	r3, r5, #1
100066e6:	b2da      	uxtb	r2, r3
100066e8:	b25d      	sxtb	r5, r3
100066ea:	2a00      	cmp	r2, #0
100066ec:	d1f1      	bne.n	100066d2 <xQueueGenericSend+0x15a>
100066ee:	23ff      	movs	r3, #255	@ 0xff
100066f0:	f884 3045 	strb.w	r3, [r4, #69]	@ 0x45
100066f4:	f001 fc28 	bl	10007f48 <vPortExitCritical>
100066f8:	f001 fc18 	bl	10007f2c <vPortEnterCritical>
100066fc:	f894 3044 	ldrb.w	r3, [r4, #68]	@ 0x44
10006700:	b25d      	sxtb	r5, r3
10006702:	2d00      	cmp	r5, #0
10006704:	dc04      	bgt.n	10006710 <xQueueGenericSend+0x198>
10006706:	e011      	b.n	1000672c <xQueueGenericSend+0x1b4>
10006708:	1e6b      	subs	r3, r5, #1
1000670a:	b2da      	uxtb	r2, r3
1000670c:	b25d      	sxtb	r5, r3
1000670e:	b16a      	cbz	r2, 1000672c <xQueueGenericSend+0x1b4>
10006710:	6923      	ldr	r3, [r4, #16]
10006712:	b15b      	cbz	r3, 1000672c <xQueueGenericSend+0x1b4>
10006714:	4648      	mov	r0, r9
10006716:	f001 f8e5 	bl	100078e4 <xTaskRemoveFromEventList>
1000671a:	2800      	cmp	r0, #0
1000671c:	d0f4      	beq.n	10006708 <xQueueGenericSend+0x190>
1000671e:	f001 f985 	bl	10007a2c <vTaskMissedYield>
10006722:	1e6b      	subs	r3, r5, #1
10006724:	b2da      	uxtb	r2, r3
10006726:	b25d      	sxtb	r5, r3
10006728:	2a00      	cmp	r2, #0
1000672a:	d1f1      	bne.n	10006710 <xQueueGenericSend+0x198>
1000672c:	23ff      	movs	r3, #255	@ 0xff
1000672e:	f884 3044 	strb.w	r3, [r4, #68]	@ 0x44
10006732:	f001 fc09 	bl	10007f48 <vPortExitCritical>
10006736:	f000 feb9 	bl	100074ac <xTaskResumeAll>
1000673a:	2800      	cmp	r0, #0
1000673c:	d19c      	bne.n	10006678 <xQueueGenericSend+0x100>
1000673e:	f001 fbe9 	bl	10007f14 <vPortYield>
10006742:	e799      	b.n	10006678 <xQueueGenericSend+0x100>
10006744:	a802      	add	r0, sp, #8
10006746:	f001 f935 	bl	100079b4 <vTaskInternalSetTimeOutState>
1000674a:	e72e      	b.n	100065aa <xQueueGenericSend+0x32>
1000674c:	f001 fbfc 	bl	10007f48 <vPortExitCritical>
10006750:	2000      	movs	r0, #0
10006752:	b005      	add	sp, #20
10006754:	e8bd 83f0 	ldmia.w	sp!, {r4, r5, r6, r7, r8, r9, pc}
10006758:	f001 fbe8 	bl	10007f2c <vPortEnterCritical>
1000675c:	f894 3045 	ldrb.w	r3, [r4, #69]	@ 0x45
10006760:	b25d      	sxtb	r5, r3
10006762:	2d00      	cmp	r5, #0
10006764:	dd14      	ble.n	10006790 <xQueueGenericSend+0x218>
10006766:	f104 0624 	add.w	r6, r4, #36	@ 0x24
1000676a:	e003      	b.n	10006774 <xQueueGenericSend+0x1fc>
1000676c:	1e6b      	subs	r3, r5, #1
1000676e:	b2da      	uxtb	r2, r3
10006770:	b25d      	sxtb	r5, r3
10006772:	b16a      	cbz	r2, 10006790 <xQueueGenericSend+0x218>
10006774:	6a63      	ldr	r3, [r4, #36]	@ 0x24
10006776:	b15b      	cbz	r3, 10006790 <xQueueGenericSend+0x218>
10006778:	4630      	mov	r0, r6
1000677a:	f001 f8b3 	bl	100078e4 <xTaskRemoveFromEventList>
1000677e:	2800      	cmp	r0, #0
10006780:	d0f4      	beq.n	1000676c <xQueueGenericSend+0x1f4>
10006782:	f001 f953 	bl	10007a2c <vTaskMissedYield>
10006786:	1e6b      	subs	r3, r5, #1
10006788:	b2da      	uxtb	r2, r3
1000678a:	b25d      	sxtb	r5, r3
1000678c:	2a00      	cmp	r2, #0
1000678e:	d1f1      	bne.n	10006774 <xQueueGenericSend+0x1fc>
10006790:	23ff      	movs	r3, #255	@ 0xff
10006792:	f884 3045 	strb.w	r3, [r4, #69]	@ 0x45
10006796:	f001 fbd7 	bl	10007f48 <vPortExitCritical>
1000679a:	f001 fbc7 	bl	10007f2c <vPortEnterCritical>
1000679e:	f894 3044 	ldrb.w	r3, [r4, #68]	@ 0x44
100067a2:	b25d      	sxtb	r5, r3
100067a4:	2d00      	cmp	r5, #0
100067a6:	dd14      	ble.n	100067d2 <xQueueGenericSend+0x25a>
100067a8:	f104 0610 	add.w	r6, r4, #16
100067ac:	e003      	b.n	100067b6 <xQueueGenericSend+0x23e>
100067ae:	1e6b      	subs	r3, r5, #1
100067b0:	b2da      	uxtb	r2, r3
100067b2:	b25d      	sxtb	r5, r3
100067b4:	b16a      	cbz	r2, 100067d2 <xQueueGenericSend+0x25a>
100067b6:	6923      	ldr	r3, [r4, #16]
100067b8:	b15b      	cbz	r3, 100067d2 <xQueueGenericSend+0x25a>
100067ba:	4630      	mov	r0, r6
100067bc:	f001 f892 	bl	100078e4 <xTaskRemoveFromEventList>
100067c0:	2800      	cmp	r0, #0
100067c2:	d0f4      	beq.n	100067ae <xQueueGenericSend+0x236>
100067c4:	f001 f932 	bl	10007a2c <vTaskMissedYield>
100067c8:	1e6b      	subs	r3, r5, #1
100067ca:	b2da      	uxtb	r2, r3
100067cc:	b25d      	sxtb	r5, r3
100067ce:	2a00      	cmp	r2, #0
100067d0:	d1f1      	bne.n	100067b6 <xQueueGenericSend+0x23e>
100067d2:	23ff      	movs	r3, #255	@ 0xff
100067d4:	f884 3044 	strb.w	r3, [r4, #68]	@ 0x44
100067d8:	f001 fbb6 	bl	10007f48 <vPortExitCritical>
100067dc:	f000 fe66 	bl	100074ac <xTaskResumeAll>
100067e0:	e7b6      	b.n	10006750 <xQueueGenericSend+0x1d8>
100067e2:	f001 fb97 	bl	10007f14 <vPortYield>
100067e6:	e75a      	b.n	1000669e <xQueueGenericSend+0x126>
100067e8:	f104 0024 	add.w	r0, r4, #36	@ 0x24
100067ec:	f001 f87a 	bl	100078e4 <xTaskRemoveFromEventList>
100067f0:	2800      	cmp	r0, #0
100067f2:	f43f af54 	beq.w	1000669e <xQueueGenericSend+0x126>
100067f6:	e7f4      	b.n	100067e2 <xQueueGenericSend+0x26a>

100067f8 <xQueueReceive>:
100067f8:	e92d 43f0 	stmdb	sp!, {r4, r5, r6, r7, r8, r9, lr}
100067fc:	4604      	mov	r4, r0
100067fe:	b085      	sub	sp, #20
10006800:	4688      	mov	r8, r1
10006802:	9201      	str	r2, [sp, #4]
10006804:	f001 fb92 	bl	10007f2c <vPortEnterCritical>
10006808:	6ba5      	ldr	r5, [r4, #56]	@ 0x38
1000680a:	2d00      	cmp	r5, #0
1000680c:	f040 8117 	bne.w	10006a3e <xQueueReceive+0x246>
10006810:	9b01      	ldr	r3, [sp, #4]
10006812:	2b00      	cmp	r3, #0
10006814:	f000 80c6 	beq.w	100069a4 <xQueueReceive+0x1ac>
10006818:	a802      	add	r0, sp, #8
1000681a:	f001 f8cb 	bl	100079b4 <vTaskInternalSetTimeOutState>
1000681e:	462f      	mov	r7, r5
10006820:	f104 0624 	add.w	r6, r4, #36	@ 0x24
10006824:	f001 fb90 	bl	10007f48 <vPortExitCritical>
10006828:	f000 fe38 	bl	1000749c <vTaskSuspendAll>
1000682c:	f001 fb7e 	bl	10007f2c <vPortEnterCritical>
10006830:	f894 3044 	ldrb.w	r3, [r4, #68]	@ 0x44
10006834:	2bff      	cmp	r3, #255	@ 0xff
10006836:	bf08      	it	eq
10006838:	f884 7044 	strbeq.w	r7, [r4, #68]	@ 0x44
1000683c:	f894 3045 	ldrb.w	r3, [r4, #69]	@ 0x45
10006840:	2bff      	cmp	r3, #255	@ 0xff
10006842:	bf08      	it	eq
10006844:	f884 7045 	strbeq.w	r7, [r4, #69]	@ 0x45
10006848:	f001 fb7e 	bl	10007f48 <vPortExitCritical>
1000684c:	a901      	add	r1, sp, #4
1000684e:	a802      	add	r0, sp, #8
10006850:	f001 f8bc 	bl	100079cc <xTaskCheckForTimeOut>
10006854:	2800      	cmp	r0, #0
10006856:	d154      	bne.n	10006902 <xQueueReceive+0x10a>
10006858:	f001 fb68 	bl	10007f2c <vPortEnterCritical>
1000685c:	6ba3      	ldr	r3, [r4, #56]	@ 0x38
1000685e:	2b00      	cmp	r3, #0
10006860:	f040 80a6 	bne.w	100069b0 <xQueueReceive+0x1b8>
10006864:	f104 0924 	add.w	r9, r4, #36	@ 0x24
10006868:	f001 fb6e 	bl	10007f48 <vPortExitCritical>
1000686c:	4648      	mov	r0, r9
1000686e:	9901      	ldr	r1, [sp, #4]
10006870:	f000 ff86 	bl	10007780 <vTaskPlaceOnEventList>
10006874:	f001 fb5a 	bl	10007f2c <vPortEnterCritical>
10006878:	f894 3045 	ldrb.w	r3, [r4, #69]	@ 0x45
1000687c:	b25d      	sxtb	r5, r3
1000687e:	2d00      	cmp	r5, #0
10006880:	dc04      	bgt.n	1000688c <xQueueReceive+0x94>
10006882:	e011      	b.n	100068a8 <xQueueReceive+0xb0>
10006884:	1e6b      	subs	r3, r5, #1
10006886:	b2da      	uxtb	r2, r3
10006888:	b25d      	sxtb	r5, r3
1000688a:	b16a      	cbz	r2, 100068a8 <xQueueReceive+0xb0>
1000688c:	6a63      	ldr	r3, [r4, #36]	@ 0x24
1000688e:	b15b      	cbz	r3, 100068a8 <xQueueReceive+0xb0>
10006890:	4648      	mov	r0, r9
10006892:	f001 f827 	bl	100078e4 <xTaskRemoveFromEventList>
10006896:	2800      	cmp	r0, #0
10006898:	d0f4      	beq.n	10006884 <xQueueReceive+0x8c>
1000689a:	f001 f8c7 	bl	10007a2c <vTaskMissedYield>
1000689e:	1e6b      	subs	r3, r5, #1
100068a0:	b2da      	uxtb	r2, r3
100068a2:	b25d      	sxtb	r5, r3
100068a4:	2a00      	cmp	r2, #0
100068a6:	d1f1      	bne.n	1000688c <xQueueReceive+0x94>
100068a8:	23ff      	movs	r3, #255	@ 0xff
100068aa:	f884 3045 	strb.w	r3, [r4, #69]	@ 0x45
100068ae:	f001 fb4b 	bl	10007f48 <vPortExitCritical>
100068b2:	f001 fb3b 	bl	10007f2c <vPortEnterCritical>
100068b6:	f894 3044 	ldrb.w	r3, [r4, #68]	@ 0x44
100068ba:	b25d      	sxtb	r5, r3
100068bc:	2d00      	cmp	r5, #0
100068be:	dd14      	ble.n	100068ea <xQueueReceive+0xf2>
100068c0:	f104 0910 	add.w	r9, r4, #16
100068c4:	e003      	b.n	100068ce <xQueueReceive+0xd6>
100068c6:	1e6b      	subs	r3, r5, #1
100068c8:	b2da      	uxtb	r2, r3
100068ca:	b25d      	sxtb	r5, r3
100068cc:	b16a      	cbz	r2, 100068ea <xQueueReceive+0xf2>
100068ce:	6923      	ldr	r3, [r4, #16]
100068d0:	b15b      	cbz	r3, 100068ea <xQueueReceive+0xf2>
100068d2:	4648      	mov	r0, r9
100068d4:	f001 f806 	bl	100078e4 <xTaskRemoveFromEventList>
100068d8:	2800      	cmp	r0, #0
100068da:	d0f4      	beq.n	100068c6 <xQueueReceive+0xce>
100068dc:	f001 f8a6 	bl	10007a2c <vTaskMissedYield>
100068e0:	1e6b      	subs	r3, r5, #1
100068e2:	b2da      	uxtb	r2, r3
100068e4:	b25d      	sxtb	r5, r3
100068e6:	2a00      	cmp	r2, #0
100068e8:	d1f1      	bne.n	100068ce <xQueueReceive+0xd6>
100068ea:	23ff      	movs	r3, #255	@ 0xff
100068ec:	f884 3044 	strb.w	r3, [r4, #68]	@ 0x44
100068f0:	f001 fb2a 	bl	10007f48 <vPortExitCritical>
100068f4:	f000 fdda 	bl	100074ac <xTaskResumeAll>
100068f8:	2800      	cmp	r0, #0
100068fa:	d14a      	bne.n	10006992 <xQueueReceive+0x19a>
100068fc:	f001 fb0a 	bl	10007f14 <vPortYield>
10006900:	e047      	b.n	10006992 <xQueueReceive+0x19a>
10006902:	f001 fb13 	bl	10007f2c <vPortEnterCritical>
10006906:	f894 3045 	ldrb.w	r3, [r4, #69]	@ 0x45
1000690a:	b25d      	sxtb	r5, r3
1000690c:	2d00      	cmp	r5, #0
1000690e:	dc04      	bgt.n	1000691a <xQueueReceive+0x122>
10006910:	e011      	b.n	10006936 <xQueueReceive+0x13e>
10006912:	1e6b      	subs	r3, r5, #1
10006914:	b2da      	uxtb	r2, r3
10006916:	b25d      	sxtb	r5, r3
10006918:	b16a      	cbz	r2, 10006936 <xQueueReceive+0x13e>
1000691a:	6a63      	ldr	r3, [r4, #36]	@ 0x24
1000691c:	b15b      	cbz	r3, 10006936 <xQueueReceive+0x13e>
1000691e:	4630      	mov	r0, r6
10006920:	f000 ffe0 	bl	100078e4 <xTaskRemoveFromEventList>
10006924:	2800      	cmp	r0, #0
10006926:	d0f4      	beq.n	10006912 <xQueueReceive+0x11a>
10006928:	f001 f880 	bl	10007a2c <vTaskMissedYield>
1000692c:	1e6b      	subs	r3, r5, #1
1000692e:	b2da      	uxtb	r2, r3
10006930:	b25d      	sxtb	r5, r3
10006932:	2a00      	cmp	r2, #0
10006934:	d1f1      	bne.n	1000691a <xQueueReceive+0x122>
10006936:	23ff      	movs	r3, #255	@ 0xff
10006938:	f884 3045 	strb.w	r3, [r4, #69]	@ 0x45
1000693c:	f001 fb04 	bl	10007f48 <vPortExitCritical>
10006940:	f001 faf4 	bl	10007f2c <vPortEnterCritical>
10006944:	f894 3044 	ldrb.w	r3, [r4, #68]	@ 0x44
10006948:	b25d      	sxtb	r5, r3
1000694a:	2d00      	cmp	r5, #0
1000694c:	dd14      	ble.n	10006978 <xQueueReceive+0x180>
1000694e:	f104 0910 	add.w	r9, r4, #16
10006952:	e003      	b.n	1000695c <xQueueReceive+0x164>
10006954:	1e6b      	subs	r3, r5, #1
10006956:	b2da      	uxtb	r2, r3
10006958:	b25d      	sxtb	r5, r3
1000695a:	b16a      	cbz	r2, 10006978 <xQueueReceive+0x180>
1000695c:	6923      	ldr	r3, [r4, #16]
1000695e:	b15b      	cbz	r3, 10006978 <xQueueReceive+0x180>
10006960:	4648      	mov	r0, r9
10006962:	f000 ffbf 	bl	100078e4 <xTaskRemoveFromEventList>
10006966:	2800      	cmp	r0, #0
10006968:	d0f4      	beq.n	10006954 <xQueueReceive+0x15c>
1000696a:	f001 f85f 	bl	10007a2c <vTaskMissedYield>
1000696e:	1e6b      	subs	r3, r5, #1
10006970:	b2da      	uxtb	r2, r3
10006972:	b25d      	sxtb	r5, r3
10006974:	2a00      	cmp	r2, #0
10006976:	d1f1      	bne.n	1000695c <xQueueReceive+0x164>
10006978:	23ff      	movs	r3, #255	@ 0xff
1000697a:	f884 3044 	strb.w	r3, [r4, #68]	@ 0x44
1000697e:	f001 fae3 	bl	10007f48 <vPortExitCritical>
10006982:	f000 fd93 	bl	100074ac <xTaskResumeAll>
10006986:	f001 fad1 	bl	10007f2c <vPortEnterCritical>
1000698a:	6ba3      	ldr	r3, [r4, #56]	@ 0x38
1000698c:	b153      	cbz	r3, 100069a4 <xQueueReceive+0x1ac>
1000698e:	f001 fadb 	bl	10007f48 <vPortExitCritical>
10006992:	f001 facb 	bl	10007f2c <vPortEnterCritical>
10006996:	6ba5      	ldr	r5, [r4, #56]	@ 0x38
10006998:	2d00      	cmp	r5, #0
1000699a:	d150      	bne.n	10006a3e <xQueueReceive+0x246>
1000699c:	9b01      	ldr	r3, [sp, #4]
1000699e:	2b00      	cmp	r3, #0
100069a0:	f47f af40 	bne.w	10006824 <xQueueReceive+0x2c>
100069a4:	f001 fad0 	bl	10007f48 <vPortExitCritical>
100069a8:	2000      	movs	r0, #0
100069aa:	b005      	add	sp, #20
100069ac:	e8bd 83f0 	ldmia.w	sp!, {r4, r5, r6, r7, r8, r9, pc}
100069b0:	f001 faca 	bl	10007f48 <vPortExitCritical>
100069b4:	f001 faba 	bl	10007f2c <vPortEnterCritical>
100069b8:	f894 3045 	ldrb.w	r3, [r4, #69]	@ 0x45
100069bc:	b25d      	sxtb	r5, r3
100069be:	2d00      	cmp	r5, #0
100069c0:	dd14      	ble.n	100069ec <xQueueReceive+0x1f4>
100069c2:	f104 0924 	add.w	r9, r4, #36	@ 0x24
100069c6:	e003      	b.n	100069d0 <xQueueReceive+0x1d8>
100069c8:	1e6b      	subs	r3, r5, #1
100069ca:	b2da      	uxtb	r2, r3
100069cc:	b25d      	sxtb	r5, r3
100069ce:	b16a      	cbz	r2, 100069ec <xQueueReceive+0x1f4>
100069d0:	6a63      	ldr	r3, [r4, #36]	@ 0x24
100069d2:	b15b      	cbz	r3, 100069ec <xQueueReceive+0x1f4>
100069d4:	4648      	mov	r0, r9
100069d6:	f000 ff85 	bl	100078e4 <xTaskRemoveFromEventList>
100069da:	2800      	cmp	r0, #0
100069dc:	d0f4      	beq.n	100069c8 <xQueueReceive+0x1d0>
100069de:	f001 f825 	bl	10007a2c <vTaskMissedYield>
100069e2:	1e6b      	subs	r3, r5, #1
100069e4:	b2da      	uxtb	r2, r3
100069e6:	b25d      	sxtb	r5, r3
100069e8:	2a00      	cmp	r2, #0
100069ea:	d1f1      	bne.n	100069d0 <xQueueReceive+0x1d8>
100069ec:	23ff      	movs	r3, #255	@ 0xff
100069ee:	f884 3045 	strb.w	r3, [r4, #69]	@ 0x45
100069f2:	f001 faa9 	bl	10007f48 <vPortExitCritical>
100069f6:	f001 fa99 	bl	10007f2c <vPortEnterCritical>
100069fa:	f894 3044 	ldrb.w	r3, [r4, #68]	@ 0x44
100069fe:	b25d      	sxtb	r5, r3
10006a00:	2d00      	cmp	r5, #0
10006a02:	dd14      	ble.n	10006a2e <xQueueReceive+0x236>
10006a04:	f104 0910 	add.w	r9, r4, #16
10006a08:	e003      	b.n	10006a12 <xQueueReceive+0x21a>
10006a0a:	1e6b      	subs	r3, r5, #1
10006a0c:	b2da      	uxtb	r2, r3
10006a0e:	b25d      	sxtb	r5, r3
10006a10:	b16a      	cbz	r2, 10006a2e <xQueueReceive+0x236>
10006a12:	6923      	ldr	r3, [r4, #16]
10006a14:	b15b      	cbz	r3, 10006a2e <xQueueReceive+0x236>
10006a16:	4648      	mov	r0, r9
10006a18:	f000 ff64 	bl	100078e4 <xTaskRemoveFromEventList>
10006a1c:	2800      	cmp	r0, #0
10006a1e:	d0f4      	beq.n	10006a0a <xQueueReceive+0x212>
10006a20:	f001 f804 	bl	10007a2c <vTaskMissedYield>
10006a24:	1e6b      	subs	r3, r5, #1
10006a26:	b2da      	uxtb	r2, r3
10006a28:	b25d      	sxtb	r5, r3
10006a2a:	2a00      	cmp	r2, #0
10006a2c:	d1f1      	bne.n	10006a12 <xQueueReceive+0x21a>
10006a2e:	23ff      	movs	r3, #255	@ 0xff
10006a30:	f884 3044 	strb.w	r3, [r4, #68]	@ 0x44
10006a34:	f001 fa88 	bl	10007f48 <vPortExitCritical>
10006a38:	f000 fd38 	bl	100074ac <xTaskResumeAll>
10006a3c:	e7a9      	b.n	10006992 <xQueueReceive+0x19a>
10006a3e:	6c22      	ldr	r2, [r4, #64]	@ 0x40
10006a40:	b15a      	cbz	r2, 10006a5a <xQueueReceive+0x262>
10006a42:	68e1      	ldr	r1, [r4, #12]
10006a44:	68a3      	ldr	r3, [r4, #8]
10006a46:	4411      	add	r1, r2
10006a48:	4299      	cmp	r1, r3
10006a4a:	60e1      	str	r1, [r4, #12]
10006a4c:	bf28      	it	cs
10006a4e:	6821      	ldrcs	r1, [r4, #0]
10006a50:	4640      	mov	r0, r8
10006a52:	bf28      	it	cs
10006a54:	60e1      	strcs	r1, [r4, #12]
10006a56:	f002 f91b 	bl	10008c90 <memcpy>
10006a5a:	6923      	ldr	r3, [r4, #16]
10006a5c:	3d01      	subs	r5, #1
10006a5e:	63a5      	str	r5, [r4, #56]	@ 0x38
10006a60:	b92b      	cbnz	r3, 10006a6e <xQueueReceive+0x276>
10006a62:	f001 fa71 	bl	10007f48 <vPortExitCritical>
10006a66:	2001      	movs	r0, #1
10006a68:	b005      	add	sp, #20
10006a6a:	e8bd 83f0 	ldmia.w	sp!, {r4, r5, r6, r7, r8, r9, pc}
10006a6e:	f104 0010 	add.w	r0, r4, #16
10006a72:	f000 ff37 	bl	100078e4 <xTaskRemoveFromEventList>
10006a76:	2800      	cmp	r0, #0
10006a78:	d0f3      	beq.n	10006a62 <xQueueReceive+0x26a>
10006a7a:	f001 fa4b 	bl	10007f14 <vPortYield>
10006a7e:	e7f0      	b.n	10006a62 <xQueueReceive+0x26a>

10006a80 <xQueuePeek>:
10006a80:	e92d 43f0 	stmdb	sp!, {r4, r5, r6, r7, r8, r9, lr}
10006a84:	4604      	mov	r4, r0
10006a86:	b085      	sub	sp, #20
10006a88:	4688      	mov	r8, r1
10006a8a:	9201      	str	r2, [sp, #4]
10006a8c:	f001 fa4e 	bl	10007f2c <vPortEnterCritical>
10006a90:	6ba7      	ldr	r7, [r4, #56]	@ 0x38
10006a92:	2f00      	cmp	r7, #0
10006a94:	f040 8116 	bne.w	10006cc4 <xQueuePeek+0x244>
10006a98:	9b01      	ldr	r3, [sp, #4]
10006a9a:	2b00      	cmp	r3, #0
10006a9c:	f000 80c5 	beq.w	10006c2a <xQueuePeek+0x1aa>
10006aa0:	a802      	add	r0, sp, #8
10006aa2:	f000 ff87 	bl	100079b4 <vTaskInternalSetTimeOutState>
10006aa6:	f104 0624 	add.w	r6, r4, #36	@ 0x24
10006aaa:	f001 fa4d 	bl	10007f48 <vPortExitCritical>
10006aae:	f000 fcf5 	bl	1000749c <vTaskSuspendAll>
10006ab2:	f001 fa3b 	bl	10007f2c <vPortEnterCritical>
10006ab6:	f894 3044 	ldrb.w	r3, [r4, #68]	@ 0x44
10006aba:	2bff      	cmp	r3, #255	@ 0xff
10006abc:	bf08      	it	eq
10006abe:	f884 7044 	strbeq.w	r7, [r4, #68]	@ 0x44
10006ac2:	f894 3045 	ldrb.w	r3, [r4, #69]	@ 0x45
10006ac6:	2bff      	cmp	r3, #255	@ 0xff
10006ac8:	bf08      	it	eq
10006aca:	f884 7045 	strbeq.w	r7, [r4, #69]	@ 0x45
10006ace:	f001 fa3b 	bl	10007f48 <vPortExitCritical>
10006ad2:	a901      	add	r1, sp, #4
10006ad4:	a802      	add	r0, sp, #8
10006ad6:	f000 ff79 	bl	100079cc <xTaskCheckForTimeOut>
10006ada:	2800      	cmp	r0, #0
10006adc:	d154      	bne.n	10006b88 <xQueuePeek+0x108>
10006ade:	f001 fa25 	bl	10007f2c <vPortEnterCritical>
10006ae2:	6ba3      	ldr	r3, [r4, #56]	@ 0x38
10006ae4:	2b00      	cmp	r3, #0
10006ae6:	f040 80a6 	bne.w	10006c36 <xQueuePeek+0x1b6>
10006aea:	f104 0924 	add.w	r9, r4, #36	@ 0x24
10006aee:	f001 fa2b 	bl	10007f48 <vPortExitCritical>
10006af2:	4648      	mov	r0, r9
10006af4:	9901      	ldr	r1, [sp, #4]
10006af6:	f000 fe43 	bl	10007780 <vTaskPlaceOnEventList>
10006afa:	f001 fa17 	bl	10007f2c <vPortEnterCritical>
10006afe:	f894 3045 	ldrb.w	r3, [r4, #69]	@ 0x45
10006b02:	b25d      	sxtb	r5, r3
10006b04:	2d00      	cmp	r5, #0
10006b06:	dc04      	bgt.n	10006b12 <xQueuePeek+0x92>
10006b08:	e011      	b.n	10006b2e <xQueuePeek+0xae>
10006b0a:	1e6b      	subs	r3, r5, #1
10006b0c:	b2da      	uxtb	r2, r3
10006b0e:	b25d      	sxtb	r5, r3
10006b10:	b16a      	cbz	r2, 10006b2e <xQueuePeek+0xae>
10006b12:	6a63      	ldr	r3, [r4, #36]	@ 0x24
10006b14:	b15b      	cbz	r3, 10006b2e <xQueuePeek+0xae>
10006b16:	4648      	mov	r0, r9
10006b18:	f000 fee4 	bl	100078e4 <xTaskRemoveFromEventList>
10006b1c:	2800      	cmp	r0, #0
10006b1e:	d0f4      	beq.n	10006b0a <xQueuePeek+0x8a>
10006b20:	f000 ff84 	bl	10007a2c <vTaskMissedYield>
10006b24:	1e6b      	subs	r3, r5, #1
10006b26:	b2da      	uxtb	r2, r3
10006b28:	b25d      	sxtb	r5, r3
10006b2a:	2a00      	cmp	r2, #0
10006b2c:	d1f1      	bne.n	10006b12 <xQueuePeek+0x92>
10006b2e:	23ff      	movs	r3, #255	@ 0xff
10006b30:	f884 3045 	strb.w	r3, [r4, #69]	@ 0x45
10006b34:	f001 fa08 	bl	10007f48 <vPortExitCritical>
10006b38:	f001 f9f8 	bl	10007f2c <vPortEnterCritical>
10006b3c:	f894 3044 	ldrb.w	r3, [r4, #68]	@ 0x44
10006b40:	b25d      	sxtb	r5, r3
10006b42:	2d00      	cmp	r5, #0
10006b44:	dd14      	ble.n	10006b70 <xQueuePeek+0xf0>
10006b46:	f104 0910 	add.w	r9, r4, #16
10006b4a:	e003      	b.n	10006b54 <xQueuePeek+0xd4>
10006b4c:	1e6b      	subs	r3, r5, #1
10006b4e:	b2da      	uxtb	r2, r3
10006b50:	b25d      	sxtb	r5, r3
10006b52:	b16a      	cbz	r2, 10006b70 <xQueuePeek+0xf0>
10006b54:	6923      	ldr	r3, [r4, #16]
10006b56:	b15b      	cbz	r3, 10006b70 <xQueuePeek+0xf0>
10006b58:	4648      	mov	r0, r9
10006b5a:	f000 fec3 	bl	100078e4 <xTaskRemoveFromEventList>
10006b5e:	2800      	cmp	r0, #0
10006b60:	d0f4      	beq.n	10006b4c <xQueuePeek+0xcc>
10006b62:	f000 ff63 	bl	10007a2c <vTaskMissedYield>
10006b66:	1e6b      	subs	r3, r5, #1
10006b68:	b2da      	uxtb	r2, r3
10006b6a:	b25d      	sxtb	r5, r3
10006b6c:	2a00      	cmp	r2, #0
10006b6e:	d1f1      	bne.n	10006b54 <xQueuePeek+0xd4>
10006b70:	23ff      	movs	r3, #255	@ 0xff
10006b72:	f884 3044 	strb.w	r3, [r4, #68]	@ 0x44
10006b76:	f001 f9e7 	bl	10007f48 <vPortExitCritical>
10006b7a:	f000 fc97 	bl	100074ac <xTaskResumeAll>
10006b7e:	2800      	cmp	r0, #0
10006b80:	d14a      	bne.n	10006c18 <xQueuePeek+0x198>
10006b82:	f001 f9c7 	bl	10007f14 <vPortYield>
10006b86:	e047      	b.n	10006c18 <xQueuePeek+0x198>
10006b88:	f001 f9d0 	bl	10007f2c <vPortEnterCritical>
10006b8c:	f894 3045 	ldrb.w	r3, [r4, #69]	@ 0x45
10006b90:	b25d      	sxtb	r5, r3
10006b92:	2d00      	cmp	r5, #0
10006b94:	dc04      	bgt.n	10006ba0 <xQueuePeek+0x120>
10006b96:	e011      	b.n	10006bbc <xQueuePeek+0x13c>
10006b98:	1e6b      	subs	r3, r5, #1
10006b9a:	b2da      	uxtb	r2, r3
10006b9c:	b25d      	sxtb	r5, r3
10006b9e:	b16a      	cbz	r2, 10006bbc <xQueuePeek+0x13c>
10006ba0:	6a63      	ldr	r3, [r4, #36]	@ 0x24
10006ba2:	b15b      	cbz	r3, 10006bbc <xQueuePeek+0x13c>
10006ba4:	4630      	mov	r0, r6
10006ba6:	f000 fe9d 	bl	100078e4 <xTaskRemoveFromEventList>
10006baa:	2800      	cmp	r0, #0
10006bac:	d0f4      	beq.n	10006b98 <xQueuePeek+0x118>
10006bae:	f000 ff3d 	bl	10007a2c <vTaskMissedYield>
10006bb2:	1e6b      	subs	r3, r5, #1
10006bb4:	b2da      	uxtb	r2, r3
10006bb6:	b25d      	sxtb	r5, r3
10006bb8:	2a00      	cmp	r2, #0
10006bba:	d1f1      	bne.n	10006ba0 <xQueuePeek+0x120>
10006bbc:	23ff      	movs	r3, #255	@ 0xff
10006bbe:	f884 3045 	strb.w	r3, [r4, #69]	@ 0x45
10006bc2:	f001 f9c1 	bl	10007f48 <vPortExitCritical>
10006bc6:	f001 f9b1 	bl	10007f2c <vPortEnterCritical>
10006bca:	f894 3044 	ldrb.w	r3, [r4, #68]	@ 0x44
10006bce:	b25d      	sxtb	r5, r3
10006bd0:	2d00      	cmp	r5, #0
10006bd2:	dd14      	ble.n	10006bfe <xQueuePeek+0x17e>
10006bd4:	f104 0910 	add.w	r9, r4, #16
10006bd8:	e003      	b.n	10006be2 <xQueuePeek+0x162>
10006bda:	1e6b      	subs	r3, r5, #1
10006bdc:	b2da      	uxtb	r2, r3
10006bde:	b25d      	sxtb	r5, r3
10006be0:	b16a      	cbz	r2, 10006bfe <xQueuePeek+0x17e>
10006be2:	6923      	ldr	r3, [r4, #16]
10006be4:	b15b      	cbz	r3, 10006bfe <xQueuePeek+0x17e>
10006be6:	4648      	mov	r0, r9
10006be8:	f000 fe7c 	bl	100078e4 <xTaskRemoveFromEventList>
10006bec:	2800      	cmp	r0, #0
10006bee:	d0f4      	beq.n	10006bda <xQueuePeek+0x15a>
10006bf0:	f000 ff1c 	bl	10007a2c <vTaskMissedYield>
10006bf4:	1e6b      	subs	r3, r5, #1
10006bf6:	b2da      	uxtb	r2, r3
10006bf8:	b25d      	sxtb	r5, r3
10006bfa:	2a00      	cmp	r2, #0
10006bfc:	d1f1      	bne.n	10006be2 <xQueuePeek+0x162>
10006bfe:	23ff      	movs	r3, #255	@ 0xff
10006c00:	f884 3044 	strb.w	r3, [r4, #68]	@ 0x44
10006c04:	f001 f9a0 	bl	10007f48 <vPortExitCritical>
10006c08:	f000 fc50 	bl	100074ac <xTaskResumeAll>
10006c0c:	f001 f98e 	bl	10007f2c <vPortEnterCritical>
10006c10:	6ba3      	ldr	r3, [r4, #56]	@ 0x38
10006c12:	b153      	cbz	r3, 10006c2a <xQueuePeek+0x1aa>
10006c14:	f001 f998 	bl	10007f48 <vPortExitCritical>
10006c18:	f001 f988 	bl	10007f2c <vPortEnterCritical>
10006c1c:	6ba3      	ldr	r3, [r4, #56]	@ 0x38
10006c1e:	2b00      	cmp	r3, #0
10006c20:	d150      	bne.n	10006cc4 <xQueuePeek+0x244>
10006c22:	9b01      	ldr	r3, [sp, #4]
10006c24:	2b00      	cmp	r3, #0
10006c26:	f47f af40 	bne.w	10006aaa <xQueuePeek+0x2a>
10006c2a:	f001 f98d 	bl	10007f48 <vPortExitCritical>
10006c2e:	2000      	movs	r0, #0
10006c30:	b005      	add	sp, #20
10006c32:	e8bd 83f0 	ldmia.w	sp!, {r4, r5, r6, r7, r8, r9, pc}
10006c36:	f001 f987 	bl	10007f48 <vPortExitCritical>
10006c3a:	f001 f977 	bl	10007f2c <vPortEnterCritical>
10006c3e:	f894 3045 	ldrb.w	r3, [r4, #69]	@ 0x45
10006c42:	b25d      	sxtb	r5, r3
10006c44:	2d00      	cmp	r5, #0
10006c46:	dd14      	ble.n	10006c72 <xQueuePeek+0x1f2>
10006c48:	f104 0924 	add.w	r9, r4, #36	@ 0x24
10006c4c:	e003      	b.n	10006c56 <xQueuePeek+0x1d6>
10006c4e:	1e6b      	subs	r3, r5, #1
10006c50:	b2da      	uxtb	r2, r3
10006c52:	b25d      	sxtb	r5, r3
10006c54:	b16a      	cbz	r2, 10006c72 <xQueuePeek+0x1f2>
10006c56:	6a63      	ldr	r3, [r4, #36]	@ 0x24
10006c58:	b15b      	cbz	r3, 10006c72 <xQueuePeek+0x1f2>
10006c5a:	4648      	mov	r0, r9
10006c5c:	f000 fe42 	bl	100078e4 <xTaskRemoveFromEventList>
10006c60:	2800      	cmp	r0, #0
10006c62:	d0f4      	beq.n	10006c4e <xQueuePeek+0x1ce>
10006c64:	f000 fee2 	bl	10007a2c <vTaskMissedYield>
10006c68:	1e6b      	subs	r3, r5, #1
10006c6a:	b2da      	uxtb	r2, r3
10006c6c:	b25d      	sxtb	r5, r3
10006c6e:	2a00      	cmp	r2, #0
10006c70:	d1f1      	bne.n	10006c56 <xQueuePeek+0x1d6>
10006c72:	23ff      	movs	r3, #255	@ 0xff
10006c74:	f884 3045 	strb.w	r3, [r4, #69]	@ 0x45
10006c78:	f001 f966 	bl	10007f48 <vPortExitCritical>
10006c7c:	f001 f956 	bl	10007f2c <vPortEnterCritical>
10006c80:	f894 3044 	ldrb.w	r3, [r4, #68]	@ 0x44
10006c84:	b25d      	sxtb	r5, r3
10006c86:	2d00      	cmp	r5, #0
10006c88:	dd14      	ble.n	10006cb4 <xQueuePeek+0x234>
10006c8a:	f104 0910 	add.w	r9, r4, #16
10006c8e:	e003      	b.n	10006c98 <xQueuePeek+0x218>
10006c90:	1e6b      	subs	r3, r5, #1
10006c92:	b2da      	uxtb	r2, r3
10006c94:	b25d      	sxtb	r5, r3
10006c96:	b16a      	cbz	r2, 10006cb4 <xQueuePeek+0x234>
10006c98:	6923      	ldr	r3, [r4, #16]
10006c9a:	b15b      	cbz	r3, 10006cb4 <xQueuePeek+0x234>
10006c9c:	4648      	mov	r0, r9
10006c9e:	f000 fe21 	bl	100078e4 <xTaskRemoveFromEventList>
10006ca2:	2800      	cmp	r0, #0
10006ca4:	d0f4      	beq.n	10006c90 <xQueuePeek+0x210>
10006ca6:	f000 fec1 	bl	10007a2c <vTaskMissedYield>
10006caa:	1e6b      	subs	r3, r5, #1
10006cac:	b2da      	uxtb	r2, r3
10006cae:	b25d      	sxtb	r5, r3
10006cb0:	2a00      	cmp	r2, #0
10006cb2:	d1f1      	bne.n	10006c98 <xQueuePeek+0x218>
10006cb4:	23ff      	movs	r3, #255	@ 0xff
10006cb6:	f884 3044 	strb.w	r3, [r4, #68]	@ 0x44
10006cba:	f001 f945 	bl	10007f48 <vPortExitCritical>
10006cbe:	f000 fbf5 	bl	100074ac <xTaskResumeAll>
10006cc2:	e7a9      	b.n	10006c18 <xQueuePeek+0x198>
10006cc4:	6c22      	ldr	r2, [r4, #64]	@ 0x40
10006cc6:	68e5      	ldr	r5, [r4, #12]
10006cc8:	b152      	cbz	r2, 10006ce0 <xQueuePeek+0x260>
10006cca:	68a3      	ldr	r3, [r4, #8]
10006ccc:	18a9      	adds	r1, r5, r2
10006cce:	4299      	cmp	r1, r3
10006cd0:	60e1      	str	r1, [r4, #12]
10006cd2:	bf28      	it	cs
10006cd4:	6821      	ldrcs	r1, [r4, #0]
10006cd6:	4640      	mov	r0, r8
10006cd8:	bf28      	it	cs
10006cda:	60e1      	strcs	r1, [r4, #12]
10006cdc:	f001 ffd8 	bl	10008c90 <memcpy>
10006ce0:	6a63      	ldr	r3, [r4, #36]	@ 0x24
10006ce2:	60e5      	str	r5, [r4, #12]
10006ce4:	b92b      	cbnz	r3, 10006cf2 <xQueuePeek+0x272>
10006ce6:	f001 f92f 	bl	10007f48 <vPortExitCritical>
10006cea:	2001      	movs	r0, #1
10006cec:	b005      	add	sp, #20
10006cee:	e8bd 83f0 	ldmia.w	sp!, {r4, r5, r6, r7, r8, r9, pc}
10006cf2:	f104 0024 	add.w	r0, r4, #36	@ 0x24
10006cf6:	f000 fdf5 	bl	100078e4 <xTaskRemoveFromEventList>
10006cfa:	2800      	cmp	r0, #0
10006cfc:	d0f3      	beq.n	10006ce6 <xQueuePeek+0x266>
10006cfe:	f001 f909 	bl	10007f14 <vPortYield>
10006d02:	e7f0      	b.n	10006ce6 <xQueuePeek+0x266>

10006d04 <vQueueAddToRegistry>:
10006d04:	2900      	cmp	r1, #0
10006d06:	d06b      	beq.n	10006de0 <vQueueAddToRegistry+0xdc>
10006d08:	4b56      	ldr	r3, [pc, #344]	@ (10006e64 <vQueueAddToRegistry+0x160>)
10006d0a:	685a      	ldr	r2, [r3, #4]
10006d0c:	4290      	cmp	r0, r2
10006d0e:	f000 808b 	beq.w	10006e28 <vQueueAddToRegistry+0x124>
10006d12:	681a      	ldr	r2, [r3, #0]
10006d14:	b410      	push	{r4}
10006d16:	2a00      	cmp	r2, #0
10006d18:	d03b      	beq.n	10006d92 <vQueueAddToRegistry+0x8e>
10006d1a:	68da      	ldr	r2, [r3, #12]
10006d1c:	4290      	cmp	r0, r2
10006d1e:	f000 809e 	beq.w	10006e5e <vQueueAddToRegistry+0x15a>
10006d22:	689a      	ldr	r2, [r3, #8]
10006d24:	2a00      	cmp	r2, #0
10006d26:	d055      	beq.n	10006dd4 <vQueueAddToRegistry+0xd0>
10006d28:	695a      	ldr	r2, [r3, #20]
10006d2a:	4290      	cmp	r0, r2
10006d2c:	f000 8095 	beq.w	10006e5a <vQueueAddToRegistry+0x156>
10006d30:	691a      	ldr	r2, [r3, #16]
10006d32:	2a00      	cmp	r2, #0
10006d34:	d055      	beq.n	10006de2 <vQueueAddToRegistry+0xde>
10006d36:	69da      	ldr	r2, [r3, #28]
10006d38:	4290      	cmp	r0, r2
10006d3a:	f000 8082 	beq.w	10006e42 <vQueueAddToRegistry+0x13e>
10006d3e:	699a      	ldr	r2, [r3, #24]
10006d40:	2a00      	cmp	r2, #0
10006d42:	d054      	beq.n	10006dee <vQueueAddToRegistry+0xea>
10006d44:	6a5a      	ldr	r2, [r3, #36]	@ 0x24
10006d46:	4290      	cmp	r0, r2
10006d48:	d056      	beq.n	10006df8 <vQueueAddToRegistry+0xf4>
10006d4a:	6a1a      	ldr	r2, [r3, #32]
10006d4c:	2a00      	cmp	r2, #0
10006d4e:	d057      	beq.n	10006e00 <vQueueAddToRegistry+0xfc>
10006d50:	6ada      	ldr	r2, [r3, #44]	@ 0x2c
10006d52:	4290      	cmp	r0, r2
10006d54:	d077      	beq.n	10006e46 <vQueueAddToRegistry+0x142>
10006d56:	6a9a      	ldr	r2, [r3, #40]	@ 0x28
10006d58:	2a00      	cmp	r2, #0
10006d5a:	d056      	beq.n	10006e0a <vQueueAddToRegistry+0x106>
10006d5c:	6b5a      	ldr	r2, [r3, #52]	@ 0x34
10006d5e:	4290      	cmp	r0, r2
10006d60:	d073      	beq.n	10006e4a <vQueueAddToRegistry+0x146>
10006d62:	6b1a      	ldr	r2, [r3, #48]	@ 0x30
10006d64:	2a00      	cmp	r2, #0
10006d66:	d055      	beq.n	10006e14 <vQueueAddToRegistry+0x110>
10006d68:	6bda      	ldr	r2, [r3, #60]	@ 0x3c
10006d6a:	4290      	cmp	r0, r2
10006d6c:	d06f      	beq.n	10006e4e <vQueueAddToRegistry+0x14a>
10006d6e:	6b9a      	ldr	r2, [r3, #56]	@ 0x38
10006d70:	2a00      	cmp	r2, #0
10006d72:	d054      	beq.n	10006e1e <vQueueAddToRegistry+0x11a>
10006d74:	6c5a      	ldr	r2, [r3, #68]	@ 0x44
10006d76:	4290      	cmp	r0, r2
10006d78:	d06b      	beq.n	10006e52 <vQueueAddToRegistry+0x14e>
10006d7a:	6c1a      	ldr	r2, [r3, #64]	@ 0x40
10006d7c:	2a00      	cmp	r2, #0
10006d7e:	d059      	beq.n	10006e34 <vQueueAddToRegistry+0x130>
10006d80:	6cda      	ldr	r2, [r3, #76]	@ 0x4c
10006d82:	4290      	cmp	r0, r2
10006d84:	d067      	beq.n	10006e56 <vQueueAddToRegistry+0x152>
10006d86:	6c9b      	ldr	r3, [r3, #72]	@ 0x48
10006d88:	2b00      	cmp	r3, #0
10006d8a:	d058      	beq.n	10006e3e <vQueueAddToRegistry+0x13a>
10006d8c:	f85d 4b04 	ldr.w	r4, [sp], #4
10006d90:	4770      	bx	lr
10006d92:	68da      	ldr	r2, [r3, #12]
10006d94:	4290      	cmp	r0, r2
10006d96:	d062      	beq.n	10006e5e <vQueueAddToRegistry+0x15a>
10006d98:	695a      	ldr	r2, [r3, #20]
10006d9a:	4290      	cmp	r0, r2
10006d9c:	d05d      	beq.n	10006e5a <vQueueAddToRegistry+0x156>
10006d9e:	461a      	mov	r2, r3
10006da0:	69dc      	ldr	r4, [r3, #28]
10006da2:	42a0      	cmp	r0, r4
10006da4:	d04d      	beq.n	10006e42 <vQueueAddToRegistry+0x13e>
10006da6:	6a5c      	ldr	r4, [r3, #36]	@ 0x24
10006da8:	42a0      	cmp	r0, r4
10006daa:	d025      	beq.n	10006df8 <vQueueAddToRegistry+0xf4>
10006dac:	6adc      	ldr	r4, [r3, #44]	@ 0x2c
10006dae:	42a0      	cmp	r0, r4
10006db0:	d049      	beq.n	10006e46 <vQueueAddToRegistry+0x142>
10006db2:	6b5c      	ldr	r4, [r3, #52]	@ 0x34
10006db4:	42a0      	cmp	r0, r4
10006db6:	d048      	beq.n	10006e4a <vQueueAddToRegistry+0x146>
10006db8:	6bdc      	ldr	r4, [r3, #60]	@ 0x3c
10006dba:	42a0      	cmp	r0, r4
10006dbc:	d047      	beq.n	10006e4e <vQueueAddToRegistry+0x14a>
10006dbe:	6c5c      	ldr	r4, [r3, #68]	@ 0x44
10006dc0:	42a0      	cmp	r0, r4
10006dc2:	d046      	beq.n	10006e52 <vQueueAddToRegistry+0x14e>
10006dc4:	6cdc      	ldr	r4, [r3, #76]	@ 0x4c
10006dc6:	42a0      	cmp	r0, r4
10006dc8:	d045      	beq.n	10006e56 <vQueueAddToRegistry+0x152>
10006dca:	e9c2 1000 	strd	r1, r0, [r2]
10006dce:	f85d 4b04 	ldr.w	r4, [sp], #4
10006dd2:	4770      	bx	lr
10006dd4:	695a      	ldr	r2, [r3, #20]
10006dd6:	4290      	cmp	r0, r2
10006dd8:	d03f      	beq.n	10006e5a <vQueueAddToRegistry+0x156>
10006dda:	f103 0208 	add.w	r2, r3, #8
10006dde:	e7df      	b.n	10006da0 <vQueueAddToRegistry+0x9c>
10006de0:	4770      	bx	lr
10006de2:	69da      	ldr	r2, [r3, #28]
10006de4:	4290      	cmp	r0, r2
10006de6:	d02c      	beq.n	10006e42 <vQueueAddToRegistry+0x13e>
10006de8:	f103 0210 	add.w	r2, r3, #16
10006dec:	e7db      	b.n	10006da6 <vQueueAddToRegistry+0xa2>
10006dee:	6a5a      	ldr	r2, [r3, #36]	@ 0x24
10006df0:	4290      	cmp	r0, r2
10006df2:	d001      	beq.n	10006df8 <vQueueAddToRegistry+0xf4>
10006df4:	4a1c      	ldr	r2, [pc, #112]	@ (10006e68 <vQueueAddToRegistry+0x164>)
10006df6:	e7d9      	b.n	10006dac <vQueueAddToRegistry+0xa8>
10006df8:	2204      	movs	r2, #4
10006dfa:	eb03 02c2 	add.w	r2, r3, r2, lsl #3
10006dfe:	e7e4      	b.n	10006dca <vQueueAddToRegistry+0xc6>
10006e00:	6ada      	ldr	r2, [r3, #44]	@ 0x2c
10006e02:	4290      	cmp	r0, r2
10006e04:	d01f      	beq.n	10006e46 <vQueueAddToRegistry+0x142>
10006e06:	4a19      	ldr	r2, [pc, #100]	@ (10006e6c <vQueueAddToRegistry+0x168>)
10006e08:	e7d3      	b.n	10006db2 <vQueueAddToRegistry+0xae>
10006e0a:	6b5a      	ldr	r2, [r3, #52]	@ 0x34
10006e0c:	4290      	cmp	r0, r2
10006e0e:	d01c      	beq.n	10006e4a <vQueueAddToRegistry+0x146>
10006e10:	4a17      	ldr	r2, [pc, #92]	@ (10006e70 <vQueueAddToRegistry+0x16c>)
10006e12:	e7d1      	b.n	10006db8 <vQueueAddToRegistry+0xb4>
10006e14:	6bda      	ldr	r2, [r3, #60]	@ 0x3c
10006e16:	4290      	cmp	r0, r2
10006e18:	d019      	beq.n	10006e4e <vQueueAddToRegistry+0x14a>
10006e1a:	4a16      	ldr	r2, [pc, #88]	@ (10006e74 <vQueueAddToRegistry+0x170>)
10006e1c:	e7cf      	b.n	10006dbe <vQueueAddToRegistry+0xba>
10006e1e:	6c5a      	ldr	r2, [r3, #68]	@ 0x44
10006e20:	4290      	cmp	r0, r2
10006e22:	d016      	beq.n	10006e52 <vQueueAddToRegistry+0x14e>
10006e24:	4a14      	ldr	r2, [pc, #80]	@ (10006e78 <vQueueAddToRegistry+0x174>)
10006e26:	e7cd      	b.n	10006dc4 <vQueueAddToRegistry+0xc0>
10006e28:	2200      	movs	r2, #0
10006e2a:	eb03 02c2 	add.w	r2, r3, r2, lsl #3
10006e2e:	e9c2 1000 	strd	r1, r0, [r2]
10006e32:	4770      	bx	lr
10006e34:	6cda      	ldr	r2, [r3, #76]	@ 0x4c
10006e36:	4290      	cmp	r0, r2
10006e38:	d00d      	beq.n	10006e56 <vQueueAddToRegistry+0x152>
10006e3a:	4a10      	ldr	r2, [pc, #64]	@ (10006e7c <vQueueAddToRegistry+0x178>)
10006e3c:	e7c5      	b.n	10006dca <vQueueAddToRegistry+0xc6>
10006e3e:	4a10      	ldr	r2, [pc, #64]	@ (10006e80 <vQueueAddToRegistry+0x17c>)
10006e40:	e7c3      	b.n	10006dca <vQueueAddToRegistry+0xc6>
10006e42:	2203      	movs	r2, #3
10006e44:	e7d9      	b.n	10006dfa <vQueueAddToRegistry+0xf6>
10006e46:	2205      	movs	r2, #5
10006e48:	e7d7      	b.n	10006dfa <vQueueAddToRegistry+0xf6>
10006e4a:	2206      	movs	r2, #6
10006e4c:	e7d5      	b.n	10006dfa <vQueueAddToRegistry+0xf6>
10006e4e:	2207      	movs	r2, #7
10006e50:	e7d3      	b.n	10006dfa <vQueueAddToRegistry+0xf6>
10006e52:	2208      	movs	r2, #8
10006e54:	e7d1      	b.n	10006dfa <vQueueAddToRegistry+0xf6>
10006e56:	2209      	movs	r2, #9
10006e58:	e7cf      	b.n	10006dfa <vQueueAddToRegistry+0xf6>
10006e5a:	2202      	movs	r2, #2
10006e5c:	e7cd      	b.n	10006dfa <vQueueAddToRegistry+0xf6>
10006e5e:	2201      	movs	r2, #1
10006e60:	e7cb      	b.n	10006dfa <vQueueAddToRegistry+0xf6>
10006e62:	bf00      	nop
10006e64:	20001ca0 	.word	0x20001ca0
10006e68:	20001cb8 	.word	0x20001cb8
10006e6c:	20001cc0 	.word	0x20001cc0
10006e70:	20001cc8 	.word	0x20001cc8
10006e74:	20001cd0 	.word	0x20001cd0
10006e78:	20001cd8 	.word	0x20001cd8
10006e7c:	20001ce0 	.word	0x20001ce0
10006e80:	20001ce8 	.word	0x20001ce8

10006e84 <vQueueWaitForMessageRestricted>:
10006e84:	b570      	push	{r4, r5, r6, lr}
10006e86:	4605      	mov	r5, r0
10006e88:	460e      	mov	r6, r1
10006e8a:	4614      	mov	r4, r2
10006e8c:	f001 f84e 	bl	10007f2c <vPortEnterCritical>
10006e90:	f895 3044 	ldrb.w	r3, [r5, #68]	@ 0x44
10006e94:	2bff      	cmp	r3, #255	@ 0xff
10006e96:	bf04      	itt	eq
10006e98:	2300      	moveq	r3, #0
10006e9a:	f885 3044 	strbeq.w	r3, [r5, #68]	@ 0x44
10006e9e:	f895 3045 	ldrb.w	r3, [r5, #69]	@ 0x45
10006ea2:	2bff      	cmp	r3, #255	@ 0xff
10006ea4:	bf04      	itt	eq
10006ea6:	2300      	moveq	r3, #0
10006ea8:	f885 3045 	strbeq.w	r3, [r5, #69]	@ 0x45
10006eac:	f001 f84c 	bl	10007f48 <vPortExitCritical>
10006eb0:	6bab      	ldr	r3, [r5, #56]	@ 0x38
10006eb2:	2b00      	cmp	r3, #0
10006eb4:	d043      	beq.n	10006f3e <vQueueWaitForMessageRestricted+0xba>
10006eb6:	f001 f839 	bl	10007f2c <vPortEnterCritical>
10006eba:	f895 3045 	ldrb.w	r3, [r5, #69]	@ 0x45
10006ebe:	b25c      	sxtb	r4, r3
10006ec0:	2c00      	cmp	r4, #0
10006ec2:	dd14      	ble.n	10006eee <vQueueWaitForMessageRestricted+0x6a>
10006ec4:	f105 0624 	add.w	r6, r5, #36	@ 0x24
10006ec8:	e003      	b.n	10006ed2 <vQueueWaitForMessageRestricted+0x4e>
10006eca:	1e63      	subs	r3, r4, #1
10006ecc:	b2da      	uxtb	r2, r3
10006ece:	b25c      	sxtb	r4, r3
10006ed0:	b16a      	cbz	r2, 10006eee <vQueueWaitForMessageRestricted+0x6a>
10006ed2:	6a6b      	ldr	r3, [r5, #36]	@ 0x24
10006ed4:	b15b      	cbz	r3, 10006eee <vQueueWaitForMessageRestricted+0x6a>
10006ed6:	4630      	mov	r0, r6
10006ed8:	f000 fd04 	bl	100078e4 <xTaskRemoveFromEventList>
10006edc:	2800      	cmp	r0, #0
10006ede:	d0f4      	beq.n	10006eca <vQueueWaitForMessageRestricted+0x46>
10006ee0:	f000 fda4 	bl	10007a2c <vTaskMissedYield>
10006ee4:	1e63      	subs	r3, r4, #1
10006ee6:	b2da      	uxtb	r2, r3
10006ee8:	b25c      	sxtb	r4, r3
10006eea:	2a00      	cmp	r2, #0
10006eec:	d1f1      	bne.n	10006ed2 <vQueueWaitForMessageRestricted+0x4e>
10006eee:	23ff      	movs	r3, #255	@ 0xff
10006ef0:	f885 3045 	strb.w	r3, [r5, #69]	@ 0x45
10006ef4:	f001 f828 	bl	10007f48 <vPortExitCritical>
10006ef8:	f001 f818 	bl	10007f2c <vPortEnterCritical>
10006efc:	f895 3044 	ldrb.w	r3, [r5, #68]	@ 0x44
10006f00:	b25c      	sxtb	r4, r3
10006f02:	2c00      	cmp	r4, #0
10006f04:	dd14      	ble.n	10006f30 <vQueueWaitForMessageRestricted+0xac>
10006f06:	f105 0610 	add.w	r6, r5, #16
10006f0a:	e003      	b.n	10006f14 <vQueueWaitForMessageRestricted+0x90>
10006f0c:	1e63      	subs	r3, r4, #1
10006f0e:	b2da      	uxtb	r2, r3
10006f10:	b25c      	sxtb	r4, r3
10006f12:	b16a      	cbz	r2, 10006f30 <vQueueWaitForMessageRestricted+0xac>
10006f14:	692b      	ldr	r3, [r5, #16]
10006f16:	b15b      	cbz	r3, 10006f30 <vQueueWaitForMessageRestricted+0xac>
10006f18:	4630      	mov	r0, r6
10006f1a:	f000 fce3 	bl	100078e4 <xTaskRemoveFromEventList>
10006f1e:	2800      	cmp	r0, #0
10006f20:	d0f4      	beq.n	10006f0c <vQueueWaitForMessageRestricted+0x88>
10006f22:	f000 fd83 	bl	10007a2c <vTaskMissedYield>
10006f26:	1e63      	subs	r3, r4, #1
10006f28:	b2da      	uxtb	r2, r3
10006f2a:	b25c      	sxtb	r4, r3
10006f2c:	2a00      	cmp	r2, #0
10006f2e:	d1f1      	bne.n	10006f14 <vQueueWaitForMessageRestricted+0x90>
10006f30:	23ff      	movs	r3, #255	@ 0xff
10006f32:	f885 3044 	strb.w	r3, [r5, #68]	@ 0x44
10006f36:	e8bd 4070 	ldmia.w	sp!, {r4, r5, r6, lr}
10006f3a:	f001 b805 	b.w	10007f48 <vPortExitCritical>
10006f3e:	4622      	mov	r2, r4
10006f40:	4631      	mov	r1, r6
10006f42:	f105 0024 	add.w	r0, r5, #36	@ 0x24
10006f46:	f000 fc67 	bl	10007818 <vTaskPlaceOnEventListRestricted>
10006f4a:	e7b4      	b.n	10006eb6 <vQueueWaitForMessageRestricted+0x32>

10006f4c <prvAddNewTaskToReadyList>:
10006f4c:	e92d 41f0 	stmdb	sp!, {r4, r5, r6, r7, r8, lr}
10006f50:	4604      	mov	r4, r0
10006f52:	f000 ffeb 	bl	10007f2c <vPortEnterCritical>
10006f56:	4a36      	ldr	r2, [pc, #216]	@ (10007030 <prvAddNewTaskToReadyList+0xe4>)
10006f58:	4e36      	ldr	r6, [pc, #216]	@ (10007034 <prvAddNewTaskToReadyList+0xe8>)
10006f5a:	6813      	ldr	r3, [r2, #0]
10006f5c:	3301      	adds	r3, #1
10006f5e:	6013      	str	r3, [r2, #0]
10006f60:	6833      	ldr	r3, [r6, #0]
10006f62:	2b00      	cmp	r3, #0
10006f64:	d034      	beq.n	10006fd0 <prvAddNewTaskToReadyList+0x84>
10006f66:	4f34      	ldr	r7, [pc, #208]	@ (10007038 <prvAddNewTaskToReadyList+0xec>)
10006f68:	6ae3      	ldr	r3, [r4, #44]	@ 0x2c
10006f6a:	683a      	ldr	r2, [r7, #0]
10006f6c:	b34a      	cbz	r2, 10006fc2 <prvAddNewTaskToReadyList+0x76>
10006f6e:	4d33      	ldr	r5, [pc, #204]	@ (1000703c <prvAddNewTaskToReadyList+0xf0>)
10006f70:	4933      	ldr	r1, [pc, #204]	@ (10007040 <prvAddNewTaskToReadyList+0xf4>)
10006f72:	4834      	ldr	r0, [pc, #208]	@ (10007044 <prvAddNewTaskToReadyList+0xf8>)
10006f74:	680a      	ldr	r2, [r1, #0]
10006f76:	f104 0c04 	add.w	ip, r4, #4
10006f7a:	3201      	adds	r2, #1
10006f7c:	600a      	str	r2, [r1, #0]
10006f7e:	6802      	ldr	r2, [r0, #0]
10006f80:	429a      	cmp	r2, r3
10006f82:	bf38      	it	cc
10006f84:	6003      	strcc	r3, [r0, #0]
10006f86:	eb03 0383 	add.w	r3, r3, r3, lsl #2
10006f8a:	eb05 0083 	add.w	r0, r5, r3, lsl #2
10006f8e:	6841      	ldr	r1, [r0, #4]
10006f90:	009b      	lsls	r3, r3, #2
10006f92:	58ea      	ldr	r2, [r5, r3]
10006f94:	f8d1 e008 	ldr.w	lr, [r1, #8]
10006f98:	60a1      	str	r1, [r4, #8]
10006f9a:	f8c4 e00c 	str.w	lr, [r4, #12]
10006f9e:	3201      	adds	r2, #1
10006fa0:	f8ce c004 	str.w	ip, [lr, #4]
10006fa4:	f8c1 c008 	str.w	ip, [r1, #8]
10006fa8:	6160      	str	r0, [r4, #20]
10006faa:	50ea      	str	r2, [r5, r3]
10006fac:	f000 ffcc 	bl	10007f48 <vPortExitCritical>
10006fb0:	683b      	ldr	r3, [r7, #0]
10006fb2:	b123      	cbz	r3, 10006fbe <prvAddNewTaskToReadyList+0x72>
10006fb4:	6832      	ldr	r2, [r6, #0]
10006fb6:	6ae3      	ldr	r3, [r4, #44]	@ 0x2c
10006fb8:	6ad2      	ldr	r2, [r2, #44]	@ 0x2c
10006fba:	429a      	cmp	r2, r3
10006fbc:	d310      	bcc.n	10006fe0 <prvAddNewTaskToReadyList+0x94>
10006fbe:	e8bd 81f0 	ldmia.w	sp!, {r4, r5, r6, r7, r8, pc}
10006fc2:	6832      	ldr	r2, [r6, #0]
10006fc4:	4d1d      	ldr	r5, [pc, #116]	@ (1000703c <prvAddNewTaskToReadyList+0xf0>)
10006fc6:	6ad2      	ldr	r2, [r2, #44]	@ 0x2c
10006fc8:	429a      	cmp	r2, r3
10006fca:	bf98      	it	ls
10006fcc:	6034      	strls	r4, [r6, #0]
10006fce:	e7cf      	b.n	10006f70 <prvAddNewTaskToReadyList+0x24>
10006fd0:	6034      	str	r4, [r6, #0]
10006fd2:	6813      	ldr	r3, [r2, #0]
10006fd4:	2b01      	cmp	r3, #1
10006fd6:	d007      	beq.n	10006fe8 <prvAddNewTaskToReadyList+0x9c>
10006fd8:	6ae3      	ldr	r3, [r4, #44]	@ 0x2c
10006fda:	4d18      	ldr	r5, [pc, #96]	@ (1000703c <prvAddNewTaskToReadyList+0xf0>)
10006fdc:	4f16      	ldr	r7, [pc, #88]	@ (10007038 <prvAddNewTaskToReadyList+0xec>)
10006fde:	e7c7      	b.n	10006f70 <prvAddNewTaskToReadyList+0x24>
10006fe0:	e8bd 41f0 	ldmia.w	sp!, {r4, r5, r6, r7, r8, lr}
10006fe4:	f000 bf96 	b.w	10007f14 <vPortYield>
10006fe8:	4d14      	ldr	r5, [pc, #80]	@ (1000703c <prvAddNewTaskToReadyList+0xf0>)
10006fea:	462f      	mov	r7, r5
10006fec:	f105 0878 	add.w	r8, r5, #120	@ 0x78
10006ff0:	4638      	mov	r0, r7
10006ff2:	3714      	adds	r7, #20
10006ff4:	f001 f912 	bl	1000821c <vListInitialise>
10006ff8:	4547      	cmp	r7, r8
10006ffa:	d1f9      	bne.n	10006ff0 <prvAddNewTaskToReadyList+0xa4>
10006ffc:	f8df 8060 	ldr.w	r8, [pc, #96]	@ 10007060 <prvAddNewTaskToReadyList+0x114>
10007000:	4f11      	ldr	r7, [pc, #68]	@ (10007048 <prvAddNewTaskToReadyList+0xfc>)
10007002:	4640      	mov	r0, r8
10007004:	f001 f90a 	bl	1000821c <vListInitialise>
10007008:	4638      	mov	r0, r7
1000700a:	f001 f907 	bl	1000821c <vListInitialise>
1000700e:	480f      	ldr	r0, [pc, #60]	@ (1000704c <prvAddNewTaskToReadyList+0x100>)
10007010:	f001 f904 	bl	1000821c <vListInitialise>
10007014:	480e      	ldr	r0, [pc, #56]	@ (10007050 <prvAddNewTaskToReadyList+0x104>)
10007016:	f001 f901 	bl	1000821c <vListInitialise>
1000701a:	480e      	ldr	r0, [pc, #56]	@ (10007054 <prvAddNewTaskToReadyList+0x108>)
1000701c:	f001 f8fe 	bl	1000821c <vListInitialise>
10007020:	4b0d      	ldr	r3, [pc, #52]	@ (10007058 <prvAddNewTaskToReadyList+0x10c>)
10007022:	f8c3 8000 	str.w	r8, [r3]
10007026:	4b0d      	ldr	r3, [pc, #52]	@ (1000705c <prvAddNewTaskToReadyList+0x110>)
10007028:	601f      	str	r7, [r3, #0]
1000702a:	6ae3      	ldr	r3, [r4, #44]	@ 0x2c
1000702c:	4f02      	ldr	r7, [pc, #8]	@ (10007038 <prvAddNewTaskToReadyList+0xec>)
1000702e:	e79f      	b.n	10006f70 <prvAddNewTaskToReadyList+0x24>
10007030:	200029c0 	.word	0x200029c0
10007034:	200028e4 	.word	0x200028e4
10007038:	20002a50 	.word	0x20002a50
1000703c:	200028f8 	.word	0x200028f8
10007040:	200029cc 	.word	0x200029cc
10007044:	200029d0 	.word	0x200029d0
10007048:	20002a10 	.word	0x20002a10
1000704c:	20002a3c 	.word	0x20002a3c
10007050:	20002a68 	.word	0x20002a68
10007054:	20002a54 	.word	0x20002a54
10007058:	200028ec 	.word	0x200028ec
1000705c:	200028f0 	.word	0x200028f0
10007060:	200029fc 	.word	0x200029fc

10007064 <prvIdleTask>:
10007064:	b580      	push	{r7, lr}
10007066:	4d12      	ldr	r5, [pc, #72]	@ (100070b0 <prvIdleTask+0x4c>)
10007068:	4f12      	ldr	r7, [pc, #72]	@ (100070b4 <prvIdleTask+0x50>)
1000706a:	4e13      	ldr	r6, [pc, #76]	@ (100070b8 <prvIdleTask+0x54>)
1000706c:	f8df 804c 	ldr.w	r8, [pc, #76]	@ 100070bc <prvIdleTask+0x58>
10007070:	e014      	b.n	1000709c <prvIdleTask+0x38>
10007072:	f000 ff5b 	bl	10007f2c <vPortEnterCritical>
10007076:	68fb      	ldr	r3, [r7, #12]
10007078:	68dc      	ldr	r4, [r3, #12]
1000707a:	1d20      	adds	r0, r4, #4
1000707c:	f001 f904 	bl	10008288 <uxListRemove>
10007080:	6833      	ldr	r3, [r6, #0]
10007082:	3b01      	subs	r3, #1
10007084:	6033      	str	r3, [r6, #0]
10007086:	682b      	ldr	r3, [r5, #0]
10007088:	3b01      	subs	r3, #1
1000708a:	602b      	str	r3, [r5, #0]
1000708c:	f000 ff5c 	bl	10007f48 <vPortExitCritical>
10007090:	6b20      	ldr	r0, [r4, #48]	@ 0x30
10007092:	f000 fefd 	bl	10007e90 <vPortFree>
10007096:	4620      	mov	r0, r4
10007098:	f000 fefa 	bl	10007e90 <vPortFree>
1000709c:	682b      	ldr	r3, [r5, #0]
1000709e:	2b00      	cmp	r3, #0
100070a0:	d1e7      	bne.n	10007072 <prvIdleTask+0xe>
100070a2:	f8d8 3000 	ldr.w	r3, [r8]
100070a6:	2b01      	cmp	r3, #1
100070a8:	d9f8      	bls.n	1000709c <prvIdleTask+0x38>
100070aa:	f000 ff33 	bl	10007f14 <vPortYield>
100070ae:	e7f5      	b.n	1000709c <prvIdleTask+0x38>
100070b0:	200029c4 	.word	0x200029c4
100070b4:	20002a68 	.word	0x20002a68
100070b8:	200029c0 	.word	0x200029c0
100070bc:	200028f8 	.word	0x200028f8

100070c0 <xTaskIncrementTick.part.0>:
100070c0:	e92d 4ff0 	stmdb	sp!, {r4, r5, r6, r7, r8, r9, sl, fp, lr}
100070c4:	4b4c      	ldr	r3, [pc, #304]	@ (100071f8 <xTaskIncrementTick.part.0+0x138>)
100070c6:	b083      	sub	sp, #12
100070c8:	681d      	ldr	r5, [r3, #0]
100070ca:	3501      	adds	r5, #1
100070cc:	601d      	str	r5, [r3, #0]
100070ce:	2d00      	cmp	r5, #0
100070d0:	d067      	beq.n	100071a2 <xTaskIncrementTick.part.0+0xe2>
100070d2:	494a      	ldr	r1, [pc, #296]	@ (100071fc <xTaskIncrementTick.part.0+0x13c>)
100070d4:	680b      	ldr	r3, [r1, #0]
100070d6:	429d      	cmp	r5, r3
100070d8:	d377      	bcc.n	100071ca <xTaskIncrementTick.part.0+0x10a>
100070da:	4e49      	ldr	r6, [pc, #292]	@ (10007200 <xTaskIncrementTick.part.0+0x140>)
100070dc:	6833      	ldr	r3, [r6, #0]
100070de:	6818      	ldr	r0, [r3, #0]
100070e0:	2800      	cmp	r0, #0
100070e2:	f000 8084 	beq.w	100071ee <xTaskIncrementTick.part.0+0x12e>
100070e6:	2000      	movs	r0, #0
100070e8:	46aa      	mov	sl, r5
100070ea:	4607      	mov	r7, r0
100070ec:	4681      	mov	r9, r0
100070ee:	f8df e128 	ldr.w	lr, [pc, #296]	@ 10007218 <xTaskIncrementTick.part.0+0x158>
100070f2:	4c44      	ldr	r4, [pc, #272]	@ (10007204 <xTaskIncrementTick.part.0+0x144>)
100070f4:	9101      	str	r1, [sp, #4]
100070f6:	e047      	b.n	10007188 <xTaskIncrementTick.part.0+0xc8>
100070f8:	6958      	ldr	r0, [r3, #20]
100070fa:	e9d3 2c02 	ldrd	r2, ip, [r3, #8]
100070fe:	f8c2 c008 	str.w	ip, [r2, #8]
10007102:	f8cc 2004 	str.w	r2, [ip, #4]
10007106:	6842      	ldr	r2, [r0, #4]
10007108:	428a      	cmp	r2, r1
1000710a:	6802      	ldr	r2, [r0, #0]
1000710c:	bf08      	it	eq
1000710e:	f8c0 c004 	streq.w	ip, [r0, #4]
10007112:	3a01      	subs	r2, #1
10007114:	615f      	str	r7, [r3, #20]
10007116:	6002      	str	r2, [r0, #0]
10007118:	6a98      	ldr	r0, [r3, #40]	@ 0x28
1000711a:	b170      	cbz	r0, 1000713a <xTaskIncrementTick.part.0+0x7a>
1000711c:	e9d3 2c07 	ldrd	r2, ip, [r3, #28]
10007120:	f8c2 c008 	str.w	ip, [r2, #8]
10007124:	f8cc 2004 	str.w	r2, [ip, #4]
10007128:	6842      	ldr	r2, [r0, #4]
1000712a:	42aa      	cmp	r2, r5
1000712c:	6802      	ldr	r2, [r0, #0]
1000712e:	bf08      	it	eq
10007130:	f8c0 c004 	streq.w	ip, [r0, #4]
10007134:	3a01      	subs	r2, #1
10007136:	629f      	str	r7, [r3, #40]	@ 0x28
10007138:	6002      	str	r2, [r0, #0]
1000713a:	6ada      	ldr	r2, [r3, #44]	@ 0x2c
1000713c:	f8de 0000 	ldr.w	r0, [lr]
10007140:	eb02 0c82 	add.w	ip, r2, r2, lsl #2
10007144:	eb04 088c 	add.w	r8, r4, ip, lsl #2
10007148:	4282      	cmp	r2, r0
1000714a:	f8d8 0004 	ldr.w	r0, [r8, #4]
1000714e:	f854 502c 	ldr.w	r5, [r4, ip, lsl #2]
10007152:	f8d0 b008 	ldr.w	fp, [r0, #8]
10007156:	6098      	str	r0, [r3, #8]
10007158:	f8c3 b00c 	str.w	fp, [r3, #12]
1000715c:	f8cb 1004 	str.w	r1, [fp, #4]
10007160:	6081      	str	r1, [r0, #8]
10007162:	f8c3 8014 	str.w	r8, [r3, #20]
10007166:	4b28      	ldr	r3, [pc, #160]	@ (10007208 <xTaskIncrementTick.part.0+0x148>)
10007168:	bf88      	it	hi
1000716a:	f8ce 2000 	strhi.w	r2, [lr]
1000716e:	6819      	ldr	r1, [r3, #0]
10007170:	3501      	adds	r5, #1
10007172:	6833      	ldr	r3, [r6, #0]
10007174:	f844 502c 	str.w	r5, [r4, ip, lsl #2]
10007178:	6ac9      	ldr	r1, [r1, #44]	@ 0x2c
1000717a:	681b      	ldr	r3, [r3, #0]
1000717c:	428a      	cmp	r2, r1
1000717e:	bf88      	it	hi
10007180:	f049 0901 	orrhi.w	r9, r9, #1
10007184:	2b00      	cmp	r3, #0
10007186:	d030      	beq.n	100071ea <xTaskIncrementTick.part.0+0x12a>
10007188:	6833      	ldr	r3, [r6, #0]
1000718a:	68db      	ldr	r3, [r3, #12]
1000718c:	68db      	ldr	r3, [r3, #12]
1000718e:	685a      	ldr	r2, [r3, #4]
10007190:	1d19      	adds	r1, r3, #4
10007192:	4592      	cmp	sl, r2
10007194:	f103 0518 	add.w	r5, r3, #24
10007198:	d2ae      	bcs.n	100070f8 <xTaskIncrementTick.part.0+0x38>
1000719a:	9901      	ldr	r1, [sp, #4]
1000719c:	4648      	mov	r0, r9
1000719e:	600a      	str	r2, [r1, #0]
100071a0:	e014      	b.n	100071cc <xTaskIncrementTick.part.0+0x10c>
100071a2:	4b17      	ldr	r3, [pc, #92]	@ (10007200 <xTaskIncrementTick.part.0+0x140>)
100071a4:	4a19      	ldr	r2, [pc, #100]	@ (1000720c <xTaskIncrementTick.part.0+0x14c>)
100071a6:	6818      	ldr	r0, [r3, #0]
100071a8:	6811      	ldr	r1, [r2, #0]
100071aa:	6019      	str	r1, [r3, #0]
100071ac:	4918      	ldr	r1, [pc, #96]	@ (10007210 <xTaskIncrementTick.part.0+0x150>)
100071ae:	6010      	str	r0, [r2, #0]
100071b0:	680a      	ldr	r2, [r1, #0]
100071b2:	3201      	adds	r2, #1
100071b4:	600a      	str	r2, [r1, #0]
100071b6:	681a      	ldr	r2, [r3, #0]
100071b8:	6812      	ldr	r2, [r2, #0]
100071ba:	b982      	cbnz	r2, 100071de <xTaskIncrementTick.part.0+0x11e>
100071bc:	f04f 33ff 	mov.w	r3, #4294967295
100071c0:	490e      	ldr	r1, [pc, #56]	@ (100071fc <xTaskIncrementTick.part.0+0x13c>)
100071c2:	600b      	str	r3, [r1, #0]
100071c4:	680b      	ldr	r3, [r1, #0]
100071c6:	429d      	cmp	r5, r3
100071c8:	d287      	bcs.n	100070da <xTaskIncrementTick.part.0+0x1a>
100071ca:	2000      	movs	r0, #0
100071cc:	4b11      	ldr	r3, [pc, #68]	@ (10007214 <xTaskIncrementTick.part.0+0x154>)
100071ce:	681b      	ldr	r3, [r3, #0]
100071d0:	2b00      	cmp	r3, #0
100071d2:	bf18      	it	ne
100071d4:	f040 0001 	orrne.w	r0, r0, #1
100071d8:	b003      	add	sp, #12
100071da:	e8bd 8ff0 	ldmia.w	sp!, {r4, r5, r6, r7, r8, r9, sl, fp, pc}
100071de:	681b      	ldr	r3, [r3, #0]
100071e0:	4906      	ldr	r1, [pc, #24]	@ (100071fc <xTaskIncrementTick.part.0+0x13c>)
100071e2:	68db      	ldr	r3, [r3, #12]
100071e4:	681b      	ldr	r3, [r3, #0]
100071e6:	600b      	str	r3, [r1, #0]
100071e8:	e774      	b.n	100070d4 <xTaskIncrementTick.part.0+0x14>
100071ea:	4648      	mov	r0, r9
100071ec:	9901      	ldr	r1, [sp, #4]
100071ee:	f04f 33ff 	mov.w	r3, #4294967295
100071f2:	600b      	str	r3, [r1, #0]
100071f4:	e7ea      	b.n	100071cc <xTaskIncrementTick.part.0+0x10c>
100071f6:	bf00      	nop
100071f8:	20002a7c 	.word	0x20002a7c
100071fc:	20002a30 	.word	0x20002a30
10007200:	200028ec 	.word	0x200028ec
10007204:	200028f8 	.word	0x200028f8
10007208:	200028e4 	.word	0x200028e4
1000720c:	200028f0 	.word	0x200028f0
10007210:	20002a34 	.word	0x20002a34
10007214:	20002a88 	.word	0x20002a88
10007218:	200029d0 	.word	0x200029d0

1000721c <xTaskCreate>:
1000721c:	e92d 43f8 	stmdb	sp!, {r3, r4, r5, r6, r7, r8, r9, lr}
10007220:	0095      	lsls	r5, r2, #2
10007222:	4680      	mov	r8, r0
10007224:	4628      	mov	r0, r5
10007226:	460f      	mov	r7, r1
10007228:	4699      	mov	r9, r3
1000722a:	f000 fe25 	bl	10007e78 <pvPortMalloc>
1000722e:	2800      	cmp	r0, #0
10007230:	d072      	beq.n	10007318 <xTaskCreate+0xfc>
10007232:	4606      	mov	r6, r0
10007234:	2070      	movs	r0, #112	@ 0x70
10007236:	f000 fe1f 	bl	10007e78 <pvPortMalloc>
1000723a:	4604      	mov	r4, r0
1000723c:	2800      	cmp	r0, #0
1000723e:	d068      	beq.n	10007312 <xTaskCreate+0xf6>
10007240:	3d04      	subs	r5, #4
10007242:	2270      	movs	r2, #112	@ 0x70
10007244:	2100      	movs	r1, #0
10007246:	4435      	add	r5, r6
10007248:	f001 fcaa 	bl	10008ba0 <memset>
1000724c:	f025 0507 	bic.w	r5, r5, #7
10007250:	6326      	str	r6, [r4, #48]	@ 0x30
10007252:	2f00      	cmp	r7, #0
10007254:	d03b      	beq.n	100072ce <xTaskCreate+0xb2>
10007256:	783b      	ldrb	r3, [r7, #0]
10007258:	f884 3034 	strb.w	r3, [r4, #52]	@ 0x34
1000725c:	2b00      	cmp	r3, #0
1000725e:	d036      	beq.n	100072ce <xTaskCreate+0xb2>
10007260:	787b      	ldrb	r3, [r7, #1]
10007262:	f884 3035 	strb.w	r3, [r4, #53]	@ 0x35
10007266:	b393      	cbz	r3, 100072ce <xTaskCreate+0xb2>
10007268:	78bb      	ldrb	r3, [r7, #2]
1000726a:	f884 3036 	strb.w	r3, [r4, #54]	@ 0x36
1000726e:	b373      	cbz	r3, 100072ce <xTaskCreate+0xb2>
10007270:	78fb      	ldrb	r3, [r7, #3]
10007272:	f884 3037 	strb.w	r3, [r4, #55]	@ 0x37
10007276:	b353      	cbz	r3, 100072ce <xTaskCreate+0xb2>
10007278:	793b      	ldrb	r3, [r7, #4]
1000727a:	f884 3038 	strb.w	r3, [r4, #56]	@ 0x38
1000727e:	b333      	cbz	r3, 100072ce <xTaskCreate+0xb2>
10007280:	797b      	ldrb	r3, [r7, #5]
10007282:	f884 3039 	strb.w	r3, [r4, #57]	@ 0x39
10007286:	b313      	cbz	r3, 100072ce <xTaskCreate+0xb2>
10007288:	79bb      	ldrb	r3, [r7, #6]
1000728a:	f884 303a 	strb.w	r3, [r4, #58]	@ 0x3a
1000728e:	b1f3      	cbz	r3, 100072ce <xTaskCreate+0xb2>
10007290:	79fb      	ldrb	r3, [r7, #7]
10007292:	f884 303b 	strb.w	r3, [r4, #59]	@ 0x3b
10007296:	b1d3      	cbz	r3, 100072ce <xTaskCreate+0xb2>
10007298:	7a3b      	ldrb	r3, [r7, #8]
1000729a:	f884 303c 	strb.w	r3, [r4, #60]	@ 0x3c
1000729e:	b1b3      	cbz	r3, 100072ce <xTaskCreate+0xb2>
100072a0:	7a7b      	ldrb	r3, [r7, #9]
100072a2:	f884 303d 	strb.w	r3, [r4, #61]	@ 0x3d
100072a6:	b193      	cbz	r3, 100072ce <xTaskCreate+0xb2>
100072a8:	7abb      	ldrb	r3, [r7, #10]
100072aa:	f884 303e 	strb.w	r3, [r4, #62]	@ 0x3e
100072ae:	b173      	cbz	r3, 100072ce <xTaskCreate+0xb2>
100072b0:	7afb      	ldrb	r3, [r7, #11]
100072b2:	f884 303f 	strb.w	r3, [r4, #63]	@ 0x3f
100072b6:	b153      	cbz	r3, 100072ce <xTaskCreate+0xb2>
100072b8:	7b3b      	ldrb	r3, [r7, #12]
100072ba:	f884 3040 	strb.w	r3, [r4, #64]	@ 0x40
100072be:	b133      	cbz	r3, 100072ce <xTaskCreate+0xb2>
100072c0:	7b7b      	ldrb	r3, [r7, #13]
100072c2:	f884 3041 	strb.w	r3, [r4, #65]	@ 0x41
100072c6:	b113      	cbz	r3, 100072ce <xTaskCreate+0xb2>
100072c8:	7bbb      	ldrb	r3, [r7, #14]
100072ca:	f884 3042 	strb.w	r3, [r4, #66]	@ 0x42
100072ce:	9f08      	ldr	r7, [sp, #32]
100072d0:	1d20      	adds	r0, r4, #4
100072d2:	2f05      	cmp	r7, #5
100072d4:	bf28      	it	cs
100072d6:	2705      	movcs	r7, #5
100072d8:	62e7      	str	r7, [r4, #44]	@ 0x2c
100072da:	6467      	str	r7, [r4, #68]	@ 0x44
100072dc:	f000 ffaa 	bl	10008234 <vListInitialiseItem>
100072e0:	f1c7 0706 	rsb	r7, r7, #6
100072e4:	f104 0018 	add.w	r0, r4, #24
100072e8:	f000 ffa4 	bl	10008234 <vListInitialiseItem>
100072ec:	464b      	mov	r3, r9
100072ee:	4642      	mov	r2, r8
100072f0:	4628      	mov	r0, r5
100072f2:	6b21      	ldr	r1, [r4, #48]	@ 0x30
100072f4:	61a7      	str	r7, [r4, #24]
100072f6:	6124      	str	r4, [r4, #16]
100072f8:	6264      	str	r4, [r4, #36]	@ 0x24
100072fa:	f000 fe47 	bl	10007f8c <pxPortInitialiseStack>
100072fe:	9b09      	ldr	r3, [sp, #36]	@ 0x24
10007300:	6020      	str	r0, [r4, #0]
10007302:	b103      	cbz	r3, 10007306 <xTaskCreate+0xea>
10007304:	601c      	str	r4, [r3, #0]
10007306:	4620      	mov	r0, r4
10007308:	f7ff fe20 	bl	10006f4c <prvAddNewTaskToReadyList>
1000730c:	2001      	movs	r0, #1
1000730e:	e8bd 83f8 	ldmia.w	sp!, {r3, r4, r5, r6, r7, r8, r9, pc}
10007312:	4630      	mov	r0, r6
10007314:	f000 fdbc 	bl	10007e90 <vPortFree>
10007318:	f04f 30ff 	mov.w	r0, #4294967295
1000731c:	e8bd 83f8 	ldmia.w	sp!, {r3, r4, r5, r6, r7, r8, r9, pc}

10007320 <vTaskDelete>:
10007320:	b5f8      	push	{r3, r4, r5, r6, r7, lr}
10007322:	4604      	mov	r4, r0
10007324:	4e25      	ldr	r6, [pc, #148]	@ (100073bc <vTaskDelete+0x9c>)
10007326:	f000 fe01 	bl	10007f2c <vPortEnterCritical>
1000732a:	2c00      	cmp	r4, #0
1000732c:	d03f      	beq.n	100073ae <vTaskDelete+0x8e>
1000732e:	1d27      	adds	r7, r4, #4
10007330:	4638      	mov	r0, r7
10007332:	f000 ffa9 	bl	10008288 <uxListRemove>
10007336:	6aa3      	ldr	r3, [r4, #40]	@ 0x28
10007338:	b11b      	cbz	r3, 10007342 <vTaskDelete+0x22>
1000733a:	f104 0018 	add.w	r0, r4, #24
1000733e:	f000 ffa3 	bl	10008288 <uxListRemove>
10007342:	4a1f      	ldr	r2, [pc, #124]	@ (100073c0 <vTaskDelete+0xa0>)
10007344:	4d1f      	ldr	r5, [pc, #124]	@ (100073c4 <vTaskDelete+0xa4>)
10007346:	6813      	ldr	r3, [r2, #0]
10007348:	3301      	adds	r3, #1
1000734a:	6013      	str	r3, [r2, #0]
1000734c:	6833      	ldr	r3, [r6, #0]
1000734e:	42a3      	cmp	r3, r4
10007350:	682b      	ldr	r3, [r5, #0]
10007352:	d01f      	beq.n	10007394 <vTaskDelete+0x74>
10007354:	4a1c      	ldr	r2, [pc, #112]	@ (100073c8 <vTaskDelete+0xa8>)
10007356:	6813      	ldr	r3, [r2, #0]
10007358:	3b01      	subs	r3, #1
1000735a:	6013      	str	r3, [r2, #0]
1000735c:	4b1b      	ldr	r3, [pc, #108]	@ (100073cc <vTaskDelete+0xac>)
1000735e:	681a      	ldr	r2, [r3, #0]
10007360:	6812      	ldr	r2, [r2, #0]
10007362:	b192      	cbz	r2, 1000738a <vTaskDelete+0x6a>
10007364:	681a      	ldr	r2, [r3, #0]
10007366:	4b1a      	ldr	r3, [pc, #104]	@ (100073d0 <vTaskDelete+0xb0>)
10007368:	68d2      	ldr	r2, [r2, #12]
1000736a:	6812      	ldr	r2, [r2, #0]
1000736c:	601a      	str	r2, [r3, #0]
1000736e:	f000 fdeb 	bl	10007f48 <vPortExitCritical>
10007372:	6b20      	ldr	r0, [r4, #48]	@ 0x30
10007374:	f000 fd8c 	bl	10007e90 <vPortFree>
10007378:	4620      	mov	r0, r4
1000737a:	f000 fd89 	bl	10007e90 <vPortFree>
1000737e:	682b      	ldr	r3, [r5, #0]
10007380:	b113      	cbz	r3, 10007388 <vTaskDelete+0x68>
10007382:	6833      	ldr	r3, [r6, #0]
10007384:	42a3      	cmp	r3, r4
10007386:	d014      	beq.n	100073b2 <vTaskDelete+0x92>
10007388:	bdf8      	pop	{r3, r4, r5, r6, r7, pc}
1000738a:	f04f 32ff 	mov.w	r2, #4294967295
1000738e:	4b10      	ldr	r3, [pc, #64]	@ (100073d0 <vTaskDelete+0xb0>)
10007390:	601a      	str	r2, [r3, #0]
10007392:	e7ec      	b.n	1000736e <vTaskDelete+0x4e>
10007394:	2b00      	cmp	r3, #0
10007396:	d0dd      	beq.n	10007354 <vTaskDelete+0x34>
10007398:	4639      	mov	r1, r7
1000739a:	480e      	ldr	r0, [pc, #56]	@ (100073d4 <vTaskDelete+0xb4>)
1000739c:	f000 ff4e 	bl	1000823c <vListInsertEnd>
100073a0:	4a0d      	ldr	r2, [pc, #52]	@ (100073d8 <vTaskDelete+0xb8>)
100073a2:	6813      	ldr	r3, [r2, #0]
100073a4:	3301      	adds	r3, #1
100073a6:	6013      	str	r3, [r2, #0]
100073a8:	f000 fdce 	bl	10007f48 <vPortExitCritical>
100073ac:	e7e7      	b.n	1000737e <vTaskDelete+0x5e>
100073ae:	6834      	ldr	r4, [r6, #0]
100073b0:	e7bd      	b.n	1000732e <vTaskDelete+0xe>
100073b2:	e8bd 40f8 	ldmia.w	sp!, {r3, r4, r5, r6, r7, lr}
100073b6:	f000 bdad 	b.w	10007f14 <vPortYield>
100073ba:	bf00      	nop
100073bc:	200028e4 	.word	0x200028e4
100073c0:	200029cc 	.word	0x200029cc
100073c4:	20002a50 	.word	0x20002a50
100073c8:	200029c0 	.word	0x200029c0
100073cc:	200028ec 	.word	0x200028ec
100073d0:	20002a30 	.word	0x20002a30
100073d4:	20002a68 	.word	0x20002a68
100073d8:	200029c4 	.word	0x200029c4

100073dc <vTaskStartScheduler>:
100073dc:	e92d 43f8 	stmdb	sp!, {r3, r4, r5, r6, r7, r8, r9, lr}
100073e0:	f44f 7000 	mov.w	r0, #512	@ 0x200
100073e4:	f000 fd48 	bl	10007e78 <pvPortMalloc>
100073e8:	b388      	cbz	r0, 1000744e <vTaskStartScheduler+0x72>
100073ea:	4606      	mov	r6, r0
100073ec:	2070      	movs	r0, #112	@ 0x70
100073ee:	f000 fd43 	bl	10007e78 <pvPortMalloc>
100073f2:	4604      	mov	r4, r0
100073f4:	b378      	cbz	r0, 10007456 <vTaskStartScheduler+0x7a>
100073f6:	2700      	movs	r7, #0
100073f8:	f8df 9098 	ldr.w	r9, [pc, #152]	@ 10007494 <vTaskStartScheduler+0xb8>
100073fc:	4639      	mov	r1, r7
100073fe:	2270      	movs	r2, #112	@ 0x70
10007400:	f001 fbce 	bl	10008ba0 <memset>
10007404:	f506 75fe 	add.w	r5, r6, #508	@ 0x1fc
10007408:	e9c4 690c 	strd	r6, r9, [r4, #48]	@ 0x30
1000740c:	2606      	movs	r6, #6
1000740e:	1d20      	adds	r0, r4, #4
10007410:	f000 ff10 	bl	10008234 <vListInitialiseItem>
10007414:	f025 0507 	bic.w	r5, r5, #7
10007418:	f104 0018 	add.w	r0, r4, #24
1000741c:	f000 ff0a 	bl	10008234 <vListInitialiseItem>
10007420:	463b      	mov	r3, r7
10007422:	4a17      	ldr	r2, [pc, #92]	@ (10007480 <vTaskStartScheduler+0xa4>)
10007424:	6b21      	ldr	r1, [r4, #48]	@ 0x30
10007426:	4628      	mov	r0, r5
10007428:	6124      	str	r4, [r4, #16]
1000742a:	61a6      	str	r6, [r4, #24]
1000742c:	6264      	str	r4, [r4, #36]	@ 0x24
1000742e:	f000 fdad 	bl	10007f8c <pxPortInitialiseStack>
10007432:	4603      	mov	r3, r0
10007434:	f8df 8060 	ldr.w	r8, [pc, #96]	@ 10007498 <vTaskStartScheduler+0xbc>
10007438:	6023      	str	r3, [r4, #0]
1000743a:	4620      	mov	r0, r4
1000743c:	2701      	movs	r7, #1
1000743e:	f8c8 4000 	str.w	r4, [r8]
10007442:	f7ff fd83 	bl	10006f4c <prvAddNewTaskToReadyList>
10007446:	f000 fcd5 	bl	10007df4 <xTimerCreateTimerTask>
1000744a:	42b8      	cmp	r0, r7
1000744c:	d00a      	beq.n	10007464 <vTaskStartScheduler+0x88>
1000744e:	4b0d      	ldr	r3, [pc, #52]	@ (10007484 <vTaskStartScheduler+0xa8>)
10007450:	681b      	ldr	r3, [r3, #0]
10007452:	e8bd 83f8 	ldmia.w	sp!, {r3, r4, r5, r6, r7, r8, r9, pc}
10007456:	4630      	mov	r0, r6
10007458:	f000 fd1a 	bl	10007e90 <vPortFree>
1000745c:	4b09      	ldr	r3, [pc, #36]	@ (10007484 <vTaskStartScheduler+0xa8>)
1000745e:	681b      	ldr	r3, [r3, #0]
10007460:	e8bd 83f8 	ldmia.w	sp!, {r3, r4, r5, r6, r7, r8, r9, pc}
10007464:	f000 fe6c 	bl	10008140 <ulSetInterruptMask>
10007468:	f04f 34ff 	mov.w	r4, #4294967295
1000746c:	2200      	movs	r2, #0
1000746e:	4906      	ldr	r1, [pc, #24]	@ (10007488 <vTaskStartScheduler+0xac>)
10007470:	4b06      	ldr	r3, [pc, #24]	@ (1000748c <vTaskStartScheduler+0xb0>)
10007472:	4807      	ldr	r0, [pc, #28]	@ (10007490 <vTaskStartScheduler+0xb4>)
10007474:	6004      	str	r4, [r0, #0]
10007476:	600f      	str	r7, [r1, #0]
10007478:	601a      	str	r2, [r3, #0]
1000747a:	f000 fdc3 	bl	10008004 <xPortStartScheduler>
1000747e:	e7e6      	b.n	1000744e <vTaskStartScheduler+0x72>
10007480:	10007065 	.word	0x10007065
10007484:	10009794 	.word	0x10009794
10007488:	20002a50 	.word	0x20002a50
1000748c:	20002a7c 	.word	0x20002a7c
10007490:	20002a30 	.word	0x20002a30
10007494:	454c4449 	.word	0x454c4449
10007498:	20002a28 	.word	0x20002a28

1000749c <vTaskSuspendAll>:
1000749c:	4a02      	ldr	r2, [pc, #8]	@ (100074a8 <vTaskSuspendAll+0xc>)
1000749e:	6813      	ldr	r3, [r2, #0]
100074a0:	3301      	adds	r3, #1
100074a2:	6013      	str	r3, [r2, #0]
100074a4:	4770      	bx	lr
100074a6:	bf00      	nop
100074a8:	200029c8 	.word	0x200029c8

100074ac <xTaskResumeAll>:
100074ac:	e92d 4ff0 	stmdb	sp!, {r4, r5, r6, r7, r8, r9, sl, fp, lr}
100074b0:	f8df 816c 	ldr.w	r8, [pc, #364]	@ 10007620 <xTaskResumeAll+0x174>
100074b4:	b083      	sub	sp, #12
100074b6:	f000 fd39 	bl	10007f2c <vPortEnterCritical>
100074ba:	f8d8 3000 	ldr.w	r3, [r8]
100074be:	3b01      	subs	r3, #1
100074c0:	f8c8 3000 	str.w	r3, [r8]
100074c4:	f8d8 e000 	ldr.w	lr, [r8]
100074c8:	f1be 0f00 	cmp.w	lr, #0
100074cc:	f040 8081 	bne.w	100075d2 <xTaskResumeAll+0x126>
100074d0:	4b4c      	ldr	r3, [pc, #304]	@ (10007604 <xTaskResumeAll+0x158>)
100074d2:	681b      	ldr	r3, [r3, #0]
100074d4:	2b00      	cmp	r3, #0
100074d6:	d07c      	beq.n	100075d2 <xTaskResumeAll+0x126>
100074d8:	f8df c148 	ldr.w	ip, [pc, #328]	@ 10007624 <xTaskResumeAll+0x178>
100074dc:	f8dc 3000 	ldr.w	r3, [ip]
100074e0:	2b00      	cmp	r3, #0
100074e2:	f000 808b 	beq.w	100075fc <xTaskResumeAll+0x150>
100074e6:	4b48      	ldr	r3, [pc, #288]	@ (10007608 <xTaskResumeAll+0x15c>)
100074e8:	f8df 913c 	ldr.w	r9, [pc, #316]	@ 10007628 <xTaskResumeAll+0x17c>
100074ec:	4e47      	ldr	r6, [pc, #284]	@ (1000760c <xTaskResumeAll+0x160>)
100074ee:	9301      	str	r3, [sp, #4]
100074f0:	f8dc 300c 	ldr.w	r3, [ip, #12]
100074f4:	68db      	ldr	r3, [r3, #12]
100074f6:	6a9a      	ldr	r2, [r3, #40]	@ 0x28
100074f8:	e9d3 0107 	ldrd	r0, r1, [r3, #28]
100074fc:	6854      	ldr	r4, [r2, #4]
100074fe:	6081      	str	r1, [r0, #8]
10007500:	6048      	str	r0, [r1, #4]
10007502:	f103 0018 	add.w	r0, r3, #24
10007506:	4284      	cmp	r4, r0
10007508:	bf08      	it	eq
1000750a:	6051      	streq	r1, [r2, #4]
1000750c:	6811      	ldr	r1, [r2, #0]
1000750e:	f8c3 e028 	str.w	lr, [r3, #40]	@ 0x28
10007512:	3901      	subs	r1, #1
10007514:	6011      	str	r1, [r2, #0]
10007516:	695a      	ldr	r2, [r3, #20]
10007518:	e9d3 4102 	ldrd	r4, r1, [r3, #8]
1000751c:	60a1      	str	r1, [r4, #8]
1000751e:	604c      	str	r4, [r1, #4]
10007520:	6854      	ldr	r4, [r2, #4]
10007522:	1d1d      	adds	r5, r3, #4
10007524:	42ac      	cmp	r4, r5
10007526:	bf08      	it	eq
10007528:	6051      	streq	r1, [r2, #4]
1000752a:	6811      	ldr	r1, [r2, #0]
1000752c:	f8d9 0000 	ldr.w	r0, [r9]
10007530:	3901      	subs	r1, #1
10007532:	6011      	str	r1, [r2, #0]
10007534:	6ada      	ldr	r2, [r3, #44]	@ 0x2c
10007536:	4282      	cmp	r2, r0
10007538:	4835      	ldr	r0, [pc, #212]	@ (10007610 <xTaskResumeAll+0x164>)
1000753a:	eb02 0182 	add.w	r1, r2, r2, lsl #2
1000753e:	bf88      	it	hi
10007540:	f8c9 2000 	strhi.w	r2, [r9]
10007544:	6800      	ldr	r0, [r0, #0]
10007546:	eb06 0781 	add.w	r7, r6, r1, lsl #2
1000754a:	687c      	ldr	r4, [r7, #4]
1000754c:	f8d0 a02c 	ldr.w	sl, [r0, #44]	@ 0x2c
10007550:	f856 0021 	ldr.w	r0, [r6, r1, lsl #2]
10007554:	f8d4 b008 	ldr.w	fp, [r4, #8]
10007558:	3001      	adds	r0, #1
1000755a:	4552      	cmp	r2, sl
1000755c:	609c      	str	r4, [r3, #8]
1000755e:	f8c3 b00c 	str.w	fp, [r3, #12]
10007562:	f8cb 5004 	str.w	r5, [fp, #4]
10007566:	60a5      	str	r5, [r4, #8]
10007568:	615f      	str	r7, [r3, #20]
1000756a:	f846 0021 	str.w	r0, [r6, r1, lsl #2]
1000756e:	d937      	bls.n	100075e0 <xTaskResumeAll+0x134>
10007570:	2201      	movs	r2, #1
10007572:	9b01      	ldr	r3, [sp, #4]
10007574:	601a      	str	r2, [r3, #0]
10007576:	f8dc 3000 	ldr.w	r3, [ip]
1000757a:	2b00      	cmp	r3, #0
1000757c:	d1b8      	bne.n	100074f0 <xTaskResumeAll+0x44>
1000757e:	4b25      	ldr	r3, [pc, #148]	@ (10007614 <xTaskResumeAll+0x168>)
10007580:	681a      	ldr	r2, [r3, #0]
10007582:	6812      	ldr	r2, [r2, #0]
10007584:	2a00      	cmp	r2, #0
10007586:	d034      	beq.n	100075f2 <xTaskResumeAll+0x146>
10007588:	681a      	ldr	r2, [r3, #0]
1000758a:	4b23      	ldr	r3, [pc, #140]	@ (10007618 <xTaskResumeAll+0x16c>)
1000758c:	68d2      	ldr	r2, [r2, #12]
1000758e:	6812      	ldr	r2, [r2, #0]
10007590:	601a      	str	r2, [r3, #0]
10007592:	4d22      	ldr	r5, [pc, #136]	@ (1000761c <xTaskResumeAll+0x170>)
10007594:	682c      	ldr	r4, [r5, #0]
10007596:	b19c      	cbz	r4, 100075c0 <xTaskResumeAll+0x114>
10007598:	2601      	movs	r6, #1
1000759a:	9f01      	ldr	r7, [sp, #4]
1000759c:	e005      	b.n	100075aa <xTaskResumeAll+0xfe>
1000759e:	f7ff fd8f 	bl	100070c0 <xTaskIncrementTick.part.0>
100075a2:	b100      	cbz	r0, 100075a6 <xTaskResumeAll+0xfa>
100075a4:	603e      	str	r6, [r7, #0]
100075a6:	3c01      	subs	r4, #1
100075a8:	d009      	beq.n	100075be <xTaskResumeAll+0x112>
100075aa:	f8d8 3000 	ldr.w	r3, [r8]
100075ae:	2b00      	cmp	r3, #0
100075b0:	d0f5      	beq.n	1000759e <xTaskResumeAll+0xf2>
100075b2:	682b      	ldr	r3, [r5, #0]
100075b4:	3c01      	subs	r4, #1
100075b6:	f103 0301 	add.w	r3, r3, #1
100075ba:	602b      	str	r3, [r5, #0]
100075bc:	d1f5      	bne.n	100075aa <xTaskResumeAll+0xfe>
100075be:	602c      	str	r4, [r5, #0]
100075c0:	9b01      	ldr	r3, [sp, #4]
100075c2:	681b      	ldr	r3, [r3, #0]
100075c4:	b12b      	cbz	r3, 100075d2 <xTaskResumeAll+0x126>
100075c6:	4b12      	ldr	r3, [pc, #72]	@ (10007610 <xTaskResumeAll+0x164>)
100075c8:	2401      	movs	r4, #1
100075ca:	681b      	ldr	r3, [r3, #0]
100075cc:	f000 fca2 	bl	10007f14 <vPortYield>
100075d0:	e000      	b.n	100075d4 <xTaskResumeAll+0x128>
100075d2:	2400      	movs	r4, #0
100075d4:	f000 fcb8 	bl	10007f48 <vPortExitCritical>
100075d8:	4620      	mov	r0, r4
100075da:	b003      	add	sp, #12
100075dc:	e8bd 8ff0 	ldmia.w	sp!, {r4, r5, r6, r7, r8, r9, sl, fp, pc}
100075e0:	f8dc 3000 	ldr.w	r3, [ip]
100075e4:	2b00      	cmp	r3, #0
100075e6:	d183      	bne.n	100074f0 <xTaskResumeAll+0x44>
100075e8:	4b0a      	ldr	r3, [pc, #40]	@ (10007614 <xTaskResumeAll+0x168>)
100075ea:	681a      	ldr	r2, [r3, #0]
100075ec:	6812      	ldr	r2, [r2, #0]
100075ee:	2a00      	cmp	r2, #0
100075f0:	d1ca      	bne.n	10007588 <xTaskResumeAll+0xdc>
100075f2:	f04f 32ff 	mov.w	r2, #4294967295
100075f6:	4b08      	ldr	r3, [pc, #32]	@ (10007618 <xTaskResumeAll+0x16c>)
100075f8:	601a      	str	r2, [r3, #0]
100075fa:	e7ca      	b.n	10007592 <xTaskResumeAll+0xe6>
100075fc:	4b02      	ldr	r3, [pc, #8]	@ (10007608 <xTaskResumeAll+0x15c>)
100075fe:	9301      	str	r3, [sp, #4]
10007600:	e7c7      	b.n	10007592 <xTaskResumeAll+0xe6>
10007602:	bf00      	nop
10007604:	200029c0 	.word	0x200029c0
10007608:	20002a88 	.word	0x20002a88
1000760c:	200028f8 	.word	0x200028f8
10007610:	200028e4 	.word	0x200028e4
10007614:	200028ec 	.word	0x200028ec
10007618:	20002a30 	.word	0x20002a30
1000761c:	20002a38 	.word	0x20002a38
10007620:	200029c8 	.word	0x200029c8
10007624:	20002a3c 	.word	0x20002a3c
10007628:	200029d0 	.word	0x200029d0

1000762c <vTaskDelay>:
1000762c:	b908      	cbnz	r0, 10007632 <vTaskDelay+0x6>
1000762e:	f000 bc71 	b.w	10007f14 <vPortYield>
10007632:	4a19      	ldr	r2, [pc, #100]	@ (10007698 <vTaskDelay+0x6c>)
10007634:	e92d 41f0 	stmdb	sp!, {r4, r5, r6, r7, r8, lr}
10007638:	6813      	ldr	r3, [r2, #0]
1000763a:	4604      	mov	r4, r0
1000763c:	3301      	adds	r3, #1
1000763e:	6013      	str	r3, [r2, #0]
10007640:	4916      	ldr	r1, [pc, #88]	@ (1000769c <vTaskDelay+0x70>)
10007642:	4b17      	ldr	r3, [pc, #92]	@ (100076a0 <vTaskDelay+0x74>)
10007644:	4d17      	ldr	r5, [pc, #92]	@ (100076a4 <vTaskDelay+0x78>)
10007646:	4a18      	ldr	r2, [pc, #96]	@ (100076a8 <vTaskDelay+0x7c>)
10007648:	680e      	ldr	r6, [r1, #0]
1000764a:	6817      	ldr	r7, [r2, #0]
1000764c:	f8d3 8000 	ldr.w	r8, [r3]
10007650:	6828      	ldr	r0, [r5, #0]
10007652:	3004      	adds	r0, #4
10007654:	f000 fe18 	bl	10008288 <uxListRemove>
10007658:	682b      	ldr	r3, [r5, #0]
1000765a:	19a4      	adds	r4, r4, r6
1000765c:	6829      	ldr	r1, [r5, #0]
1000765e:	605c      	str	r4, [r3, #4]
10007660:	d20d      	bcs.n	1000767e <vTaskDelay+0x52>
10007662:	4638      	mov	r0, r7
10007664:	3104      	adds	r1, #4
10007666:	f000 fdf7 	bl	10008258 <vListInsert>
1000766a:	4b10      	ldr	r3, [pc, #64]	@ (100076ac <vTaskDelay+0x80>)
1000766c:	681a      	ldr	r2, [r3, #0]
1000766e:	4294      	cmp	r4, r2
10007670:	bf38      	it	cc
10007672:	601c      	strcc	r4, [r3, #0]
10007674:	f7ff ff1a 	bl	100074ac <xTaskResumeAll>
10007678:	b148      	cbz	r0, 1000768e <vTaskDelay+0x62>
1000767a:	e8bd 81f0 	ldmia.w	sp!, {r4, r5, r6, r7, r8, pc}
1000767e:	4640      	mov	r0, r8
10007680:	3104      	adds	r1, #4
10007682:	f000 fde9 	bl	10008258 <vListInsert>
10007686:	f7ff ff11 	bl	100074ac <xTaskResumeAll>
1000768a:	2800      	cmp	r0, #0
1000768c:	d1f5      	bne.n	1000767a <vTaskDelay+0x4e>
1000768e:	e8bd 41f0 	ldmia.w	sp!, {r4, r5, r6, r7, r8, lr}
10007692:	f000 bc3f 	b.w	10007f14 <vPortYield>
10007696:	bf00      	nop
10007698:	200029c8 	.word	0x200029c8
1000769c:	20002a7c 	.word	0x20002a7c
100076a0:	200028f0 	.word	0x200028f0
100076a4:	200028e4 	.word	0x200028e4
100076a8:	200028ec 	.word	0x200028ec
100076ac:	20002a30 	.word	0x20002a30

100076b0 <xTaskGetTickCount>:
100076b0:	4b01      	ldr	r3, [pc, #4]	@ (100076b8 <xTaskGetTickCount+0x8>)
100076b2:	6818      	ldr	r0, [r3, #0]
100076b4:	4770      	bx	lr
100076b6:	bf00      	nop
100076b8:	20002a7c 	.word	0x20002a7c

100076bc <xTaskIncrementTick>:
100076bc:	4b05      	ldr	r3, [pc, #20]	@ (100076d4 <xTaskIncrementTick+0x18>)
100076be:	681b      	ldr	r3, [r3, #0]
100076c0:	b90b      	cbnz	r3, 100076c6 <xTaskIncrementTick+0xa>
100076c2:	f7ff bcfd 	b.w	100070c0 <xTaskIncrementTick.part.0>
100076c6:	4a04      	ldr	r2, [pc, #16]	@ (100076d8 <xTaskIncrementTick+0x1c>)
100076c8:	2000      	movs	r0, #0
100076ca:	6813      	ldr	r3, [r2, #0]
100076cc:	3301      	adds	r3, #1
100076ce:	6013      	str	r3, [r2, #0]
100076d0:	4770      	bx	lr
100076d2:	bf00      	nop
100076d4:	200029c8 	.word	0x200029c8
100076d8:	20002a38 	.word	0x20002a38

100076dc <vTaskSwitchContext>:
100076dc:	4b23      	ldr	r3, [pc, #140]	@ (1000776c <vTaskSwitchContext+0x90>)
100076de:	681b      	ldr	r3, [r3, #0]
100076e0:	b11b      	cbz	r3, 100076ea <vTaskSwitchContext+0xe>
100076e2:	2201      	movs	r2, #1
100076e4:	4b22      	ldr	r3, [pc, #136]	@ (10007770 <vTaskSwitchContext+0x94>)
100076e6:	601a      	str	r2, [r3, #0]
100076e8:	4770      	bx	lr
100076ea:	4a21      	ldr	r2, [pc, #132]	@ (10007770 <vTaskSwitchContext+0x94>)
100076ec:	b430      	push	{r4, r5}
100076ee:	4c21      	ldr	r4, [pc, #132]	@ (10007774 <vTaskSwitchContext+0x98>)
100076f0:	6013      	str	r3, [r2, #0]
100076f2:	6820      	ldr	r0, [r4, #0]
100076f4:	4a20      	ldr	r2, [pc, #128]	@ (10007778 <vTaskSwitchContext+0x9c>)
100076f6:	eb00 0380 	add.w	r3, r0, r0, lsl #2
100076fa:	f852 3023 	ldr.w	r3, [r2, r3, lsl #2]
100076fe:	0081      	lsls	r1, r0, #2
10007700:	bb8b      	cbnz	r3, 10007766 <vTaskSwitchContext+0x8a>
10007702:	1e43      	subs	r3, r0, #1
10007704:	eb03 0583 	add.w	r5, r3, r3, lsl #2
10007708:	f852 5025 	ldr.w	r5, [r2, r5, lsl #2]
1000770c:	0099      	lsls	r1, r3, #2
1000770e:	b9b5      	cbnz	r5, 1000773e <vTaskSwitchContext+0x62>
10007710:	1e83      	subs	r3, r0, #2
10007712:	eb03 0583 	add.w	r5, r3, r3, lsl #2
10007716:	f852 5025 	ldr.w	r5, [r2, r5, lsl #2]
1000771a:	0099      	lsls	r1, r3, #2
1000771c:	b97d      	cbnz	r5, 1000773e <vTaskSwitchContext+0x62>
1000771e:	1ec3      	subs	r3, r0, #3
10007720:	eb03 0583 	add.w	r5, r3, r3, lsl #2
10007724:	f852 5025 	ldr.w	r5, [r2, r5, lsl #2]
10007728:	0099      	lsls	r1, r3, #2
1000772a:	b945      	cbnz	r5, 1000773e <vTaskSwitchContext+0x62>
1000772c:	1f03      	subs	r3, r0, #4
1000772e:	eb03 0583 	add.w	r5, r3, r3, lsl #2
10007732:	f852 5025 	ldr.w	r5, [r2, r5, lsl #2]
10007736:	0099      	lsls	r1, r3, #2
10007738:	b90d      	cbnz	r5, 1000773e <vTaskSwitchContext+0x62>
1000773a:	1f43      	subs	r3, r0, #5
1000773c:	0099      	lsls	r1, r3, #2
1000773e:	4419      	add	r1, r3
10007740:	eb02 0081 	add.w	r0, r2, r1, lsl #2
10007744:	4602      	mov	r2, r0
10007746:	6841      	ldr	r1, [r0, #4]
10007748:	3208      	adds	r2, #8
1000774a:	6849      	ldr	r1, [r1, #4]
1000774c:	4291      	cmp	r1, r2
1000774e:	6041      	str	r1, [r0, #4]
10007750:	bf08      	it	eq
10007752:	68c1      	ldreq	r1, [r0, #12]
10007754:	4a09      	ldr	r2, [pc, #36]	@ (1000777c <vTaskSwitchContext+0xa0>)
10007756:	bf08      	it	eq
10007758:	6041      	streq	r1, [r0, #4]
1000775a:	68c9      	ldr	r1, [r1, #12]
1000775c:	6011      	str	r1, [r2, #0]
1000775e:	6023      	str	r3, [r4, #0]
10007760:	6813      	ldr	r3, [r2, #0]
10007762:	bc30      	pop	{r4, r5}
10007764:	4770      	bx	lr
10007766:	4603      	mov	r3, r0
10007768:	e7e9      	b.n	1000773e <vTaskSwitchContext+0x62>
1000776a:	bf00      	nop
1000776c:	200029c8 	.word	0x200029c8
10007770:	20002a88 	.word	0x20002a88
10007774:	200029d0 	.word	0x200029d0
10007778:	200028f8 	.word	0x200028f8
1000777c:	200028e4 	.word	0x200028e4

10007780 <vTaskPlaceOnEventList>:
10007780:	e92d 41f0 	stmdb	sp!, {r4, r5, r6, r7, r8, lr}
10007784:	460c      	mov	r4, r1
10007786:	4d1e      	ldr	r5, [pc, #120]	@ (10007800 <vTaskPlaceOnEventList+0x80>)
10007788:	6829      	ldr	r1, [r5, #0]
1000778a:	3118      	adds	r1, #24
1000778c:	f000 fd64 	bl	10008258 <vListInsert>
10007790:	4b1c      	ldr	r3, [pc, #112]	@ (10007804 <vTaskPlaceOnEventList+0x84>)
10007792:	491d      	ldr	r1, [pc, #116]	@ (10007808 <vTaskPlaceOnEventList+0x88>)
10007794:	4a1d      	ldr	r2, [pc, #116]	@ (1000780c <vTaskPlaceOnEventList+0x8c>)
10007796:	680e      	ldr	r6, [r1, #0]
10007798:	6817      	ldr	r7, [r2, #0]
1000779a:	f8d3 8000 	ldr.w	r8, [r3]
1000779e:	6828      	ldr	r0, [r5, #0]
100077a0:	3004      	adds	r0, #4
100077a2:	f000 fd71 	bl	10008288 <uxListRemove>
100077a6:	1c63      	adds	r3, r4, #1
100077a8:	d015      	beq.n	100077d6 <vTaskPlaceOnEventList+0x56>
100077aa:	682b      	ldr	r3, [r5, #0]
100077ac:	19a4      	adds	r4, r4, r6
100077ae:	6829      	ldr	r1, [r5, #0]
100077b0:	605c      	str	r4, [r3, #4]
100077b2:	d20a      	bcs.n	100077ca <vTaskPlaceOnEventList+0x4a>
100077b4:	4638      	mov	r0, r7
100077b6:	3104      	adds	r1, #4
100077b8:	f000 fd4e 	bl	10008258 <vListInsert>
100077bc:	4b14      	ldr	r3, [pc, #80]	@ (10007810 <vTaskPlaceOnEventList+0x90>)
100077be:	681a      	ldr	r2, [r3, #0]
100077c0:	4294      	cmp	r4, r2
100077c2:	bf38      	it	cc
100077c4:	601c      	strcc	r4, [r3, #0]
100077c6:	e8bd 81f0 	ldmia.w	sp!, {r4, r5, r6, r7, r8, pc}
100077ca:	4640      	mov	r0, r8
100077cc:	e8bd 41f0 	ldmia.w	sp!, {r4, r5, r6, r7, r8, lr}
100077d0:	3104      	adds	r1, #4
100077d2:	f000 bd41 	b.w	10008258 <vListInsert>
100077d6:	4b0f      	ldr	r3, [pc, #60]	@ (10007814 <vTaskPlaceOnEventList+0x94>)
100077d8:	6829      	ldr	r1, [r5, #0]
100077da:	685a      	ldr	r2, [r3, #4]
100077dc:	681c      	ldr	r4, [r3, #0]
100077de:	608a      	str	r2, [r1, #8]
100077e0:	682e      	ldr	r6, [r5, #0]
100077e2:	3401      	adds	r4, #1
100077e4:	6828      	ldr	r0, [r5, #0]
100077e6:	6829      	ldr	r1, [r5, #0]
100077e8:	601c      	str	r4, [r3, #0]
100077ea:	682d      	ldr	r5, [r5, #0]
100077ec:	6894      	ldr	r4, [r2, #8]
100077ee:	3004      	adds	r0, #4
100077f0:	3104      	adds	r1, #4
100077f2:	60f4      	str	r4, [r6, #12]
100077f4:	6060      	str	r0, [r4, #4]
100077f6:	6091      	str	r1, [r2, #8]
100077f8:	616b      	str	r3, [r5, #20]
100077fa:	e8bd 81f0 	ldmia.w	sp!, {r4, r5, r6, r7, r8, pc}
100077fe:	bf00      	nop
10007800:	200028e4 	.word	0x200028e4
10007804:	200028f0 	.word	0x200028f0
10007808:	20002a7c 	.word	0x20002a7c
1000780c:	200028ec 	.word	0x200028ec
10007810:	20002a30 	.word	0x20002a30
10007814:	20002a54 	.word	0x20002a54

10007818 <vTaskPlaceOnEventListRestricted>:
10007818:	4694      	mov	ip, r2
1000781a:	e92d 41f0 	stmdb	sp!, {r4, r5, r6, r7, r8, lr}
1000781e:	4c2b      	ldr	r4, [pc, #172]	@ (100078cc <vTaskPlaceOnEventListRestricted+0xb4>)
10007820:	460d      	mov	r5, r1
10007822:	6823      	ldr	r3, [r4, #0]
10007824:	6841      	ldr	r1, [r0, #4]
10007826:	f8d4 8000 	ldr.w	r8, [r4]
1000782a:	61d9      	str	r1, [r3, #28]
1000782c:	6827      	ldr	r7, [r4, #0]
1000782e:	6803      	ldr	r3, [r0, #0]
10007830:	6826      	ldr	r6, [r4, #0]
10007832:	688a      	ldr	r2, [r1, #8]
10007834:	f8d4 e000 	ldr.w	lr, [r4]
10007838:	3301      	adds	r3, #1
1000783a:	3718      	adds	r7, #24
1000783c:	3618      	adds	r6, #24
1000783e:	f8c8 2020 	str.w	r2, [r8, #32]
10007842:	6057      	str	r7, [r2, #4]
10007844:	608e      	str	r6, [r1, #8]
10007846:	4a22      	ldr	r2, [pc, #136]	@ (100078d0 <vTaskPlaceOnEventListRestricted+0xb8>)
10007848:	f8ce 0028 	str.w	r0, [lr, #40]	@ 0x28
1000784c:	4921      	ldr	r1, [pc, #132]	@ (100078d4 <vTaskPlaceOnEventListRestricted+0xbc>)
1000784e:	6003      	str	r3, [r0, #0]
10007850:	4b21      	ldr	r3, [pc, #132]	@ (100078d8 <vTaskPlaceOnEventListRestricted+0xc0>)
10007852:	f1bc 0f00 	cmp.w	ip, #0
10007856:	d01a      	beq.n	1000788e <vTaskPlaceOnEventListRestricted+0x76>
10007858:	6809      	ldr	r1, [r1, #0]
1000785a:	6812      	ldr	r2, [r2, #0]
1000785c:	681b      	ldr	r3, [r3, #0]
1000785e:	6820      	ldr	r0, [r4, #0]
10007860:	3004      	adds	r0, #4
10007862:	f000 fd11 	bl	10008288 <uxListRemove>
10007866:	4b1d      	ldr	r3, [pc, #116]	@ (100078dc <vTaskPlaceOnEventListRestricted+0xc4>)
10007868:	6819      	ldr	r1, [r3, #0]
1000786a:	685a      	ldr	r2, [r3, #4]
1000786c:	3101      	adds	r1, #1
1000786e:	6019      	str	r1, [r3, #0]
10007870:	6821      	ldr	r1, [r4, #0]
10007872:	6890      	ldr	r0, [r2, #8]
10007874:	608a      	str	r2, [r1, #8]
10007876:	6821      	ldr	r1, [r4, #0]
10007878:	60c8      	str	r0, [r1, #12]
1000787a:	6821      	ldr	r1, [r4, #0]
1000787c:	3104      	adds	r1, #4
1000787e:	6041      	str	r1, [r0, #4]
10007880:	6821      	ldr	r1, [r4, #0]
10007882:	6820      	ldr	r0, [r4, #0]
10007884:	3104      	adds	r1, #4
10007886:	6091      	str	r1, [r2, #8]
10007888:	6143      	str	r3, [r0, #20]
1000788a:	e8bd 81f0 	ldmia.w	sp!, {r4, r5, r6, r7, r8, pc}
1000788e:	680e      	ldr	r6, [r1, #0]
10007890:	6817      	ldr	r7, [r2, #0]
10007892:	f8d3 8000 	ldr.w	r8, [r3]
10007896:	6820      	ldr	r0, [r4, #0]
10007898:	3004      	adds	r0, #4
1000789a:	f000 fcf5 	bl	10008288 <uxListRemove>
1000789e:	6823      	ldr	r3, [r4, #0]
100078a0:	19ad      	adds	r5, r5, r6
100078a2:	6821      	ldr	r1, [r4, #0]
100078a4:	605d      	str	r5, [r3, #4]
100078a6:	d305      	bcc.n	100078b4 <vTaskPlaceOnEventListRestricted+0x9c>
100078a8:	4640      	mov	r0, r8
100078aa:	e8bd 41f0 	ldmia.w	sp!, {r4, r5, r6, r7, r8, lr}
100078ae:	3104      	adds	r1, #4
100078b0:	f000 bcd2 	b.w	10008258 <vListInsert>
100078b4:	4638      	mov	r0, r7
100078b6:	3104      	adds	r1, #4
100078b8:	f000 fcce 	bl	10008258 <vListInsert>
100078bc:	4b08      	ldr	r3, [pc, #32]	@ (100078e0 <vTaskPlaceOnEventListRestricted+0xc8>)
100078be:	681a      	ldr	r2, [r3, #0]
100078c0:	4295      	cmp	r5, r2
100078c2:	bf38      	it	cc
100078c4:	601d      	strcc	r5, [r3, #0]
100078c6:	e8bd 81f0 	ldmia.w	sp!, {r4, r5, r6, r7, r8, pc}
100078ca:	bf00      	nop
100078cc:	200028e4 	.word	0x200028e4
100078d0:	200028ec 	.word	0x200028ec
100078d4:	20002a7c 	.word	0x20002a7c
100078d8:	200028f0 	.word	0x200028f0
100078dc:	20002a54 	.word	0x20002a54
100078e0:	20002a30 	.word	0x20002a30

100078e4 <xTaskRemoveFromEventList>:
100078e4:	b4f0      	push	{r4, r5, r6, r7}
100078e6:	2600      	movs	r6, #0
100078e8:	68c3      	ldr	r3, [r0, #12]
100078ea:	68db      	ldr	r3, [r3, #12]
100078ec:	6a9a      	ldr	r2, [r3, #40]	@ 0x28
100078ee:	e9d3 0107 	ldrd	r0, r1, [r3, #28]
100078f2:	6081      	str	r1, [r0, #8]
100078f4:	6048      	str	r0, [r1, #4]
100078f6:	6850      	ldr	r0, [r2, #4]
100078f8:	f103 0418 	add.w	r4, r3, #24
100078fc:	42a0      	cmp	r0, r4
100078fe:	4827      	ldr	r0, [pc, #156]	@ (1000799c <xTaskRemoveFromEventList+0xb8>)
10007900:	bf08      	it	eq
10007902:	6051      	streq	r1, [r2, #4]
10007904:	6811      	ldr	r1, [r2, #0]
10007906:	6805      	ldr	r5, [r0, #0]
10007908:	3901      	subs	r1, #1
1000790a:	6ad8      	ldr	r0, [r3, #44]	@ 0x2c
1000790c:	629e      	str	r6, [r3, #40]	@ 0x28
1000790e:	6011      	str	r1, [r2, #0]
10007910:	2d00      	cmp	r5, #0
10007912:	d12f      	bne.n	10007974 <xTaskRemoveFromEventList+0x90>
10007914:	e9d3 4102 	ldrd	r4, r1, [r3, #8]
10007918:	695a      	ldr	r2, [r3, #20]
1000791a:	60a1      	str	r1, [r4, #8]
1000791c:	604c      	str	r4, [r1, #4]
1000791e:	6854      	ldr	r4, [r2, #4]
10007920:	1d1e      	adds	r6, r3, #4
10007922:	42b4      	cmp	r4, r6
10007924:	bf08      	it	eq
10007926:	6051      	streq	r1, [r2, #4]
10007928:	6811      	ldr	r1, [r2, #0]
1000792a:	3901      	subs	r1, #1
1000792c:	6011      	str	r1, [r2, #0]
1000792e:	4a1c      	ldr	r2, [pc, #112]	@ (100079a0 <xTaskRemoveFromEventList+0xbc>)
10007930:	6811      	ldr	r1, [r2, #0]
10007932:	4281      	cmp	r1, r0
10007934:	491b      	ldr	r1, [pc, #108]	@ (100079a4 <xTaskRemoveFromEventList+0xc0>)
10007936:	bf38      	it	cc
10007938:	6010      	strcc	r0, [r2, #0]
1000793a:	eb00 0280 	add.w	r2, r0, r0, lsl #2
1000793e:	eb01 0782 	add.w	r7, r1, r2, lsl #2
10007942:	687d      	ldr	r5, [r7, #4]
10007944:	0092      	lsls	r2, r2, #2
10007946:	f8d5 c008 	ldr.w	ip, [r5, #8]
1000794a:	588c      	ldr	r4, [r1, r2]
1000794c:	609d      	str	r5, [r3, #8]
1000794e:	f8c3 c00c 	str.w	ip, [r3, #12]
10007952:	f8cc 6004 	str.w	r6, [ip, #4]
10007956:	60ae      	str	r6, [r5, #8]
10007958:	615f      	str	r7, [r3, #20]
1000795a:	4b13      	ldr	r3, [pc, #76]	@ (100079a8 <xTaskRemoveFromEventList+0xc4>)
1000795c:	3401      	adds	r4, #1
1000795e:	681b      	ldr	r3, [r3, #0]
10007960:	508c      	str	r4, [r1, r2]
10007962:	6adb      	ldr	r3, [r3, #44]	@ 0x2c
10007964:	4283      	cmp	r3, r0
10007966:	d215      	bcs.n	10007994 <xTaskRemoveFromEventList+0xb0>
10007968:	bcf0      	pop	{r4, r5, r6, r7}
1000796a:	2301      	movs	r3, #1
1000796c:	4a0f      	ldr	r2, [pc, #60]	@ (100079ac <xTaskRemoveFromEventList+0xc8>)
1000796e:	4618      	mov	r0, r3
10007970:	6013      	str	r3, [r2, #0]
10007972:	4770      	bx	lr
10007974:	4a0e      	ldr	r2, [pc, #56]	@ (100079b0 <xTaskRemoveFromEventList+0xcc>)
10007976:	6815      	ldr	r5, [r2, #0]
10007978:	6851      	ldr	r1, [r2, #4]
1000797a:	3501      	adds	r5, #1
1000797c:	6015      	str	r5, [r2, #0]
1000797e:	688d      	ldr	r5, [r1, #8]
10007980:	61d9      	str	r1, [r3, #28]
10007982:	621d      	str	r5, [r3, #32]
10007984:	606c      	str	r4, [r5, #4]
10007986:	608c      	str	r4, [r1, #8]
10007988:	629a      	str	r2, [r3, #40]	@ 0x28
1000798a:	4b07      	ldr	r3, [pc, #28]	@ (100079a8 <xTaskRemoveFromEventList+0xc4>)
1000798c:	681b      	ldr	r3, [r3, #0]
1000798e:	6adb      	ldr	r3, [r3, #44]	@ 0x2c
10007990:	4283      	cmp	r3, r0
10007992:	d3e9      	bcc.n	10007968 <xTaskRemoveFromEventList+0x84>
10007994:	bcf0      	pop	{r4, r5, r6, r7}
10007996:	2000      	movs	r0, #0
10007998:	4770      	bx	lr
1000799a:	bf00      	nop
1000799c:	200029c8 	.word	0x200029c8
100079a0:	200029d0 	.word	0x200029d0
100079a4:	200028f8 	.word	0x200028f8
100079a8:	200028e4 	.word	0x200028e4
100079ac:	20002a88 	.word	0x20002a88
100079b0:	20002a3c 	.word	0x20002a3c

100079b4 <vTaskInternalSetTimeOutState>:
100079b4:	4a03      	ldr	r2, [pc, #12]	@ (100079c4 <vTaskInternalSetTimeOutState+0x10>)
100079b6:	4b04      	ldr	r3, [pc, #16]	@ (100079c8 <vTaskInternalSetTimeOutState+0x14>)
100079b8:	6812      	ldr	r2, [r2, #0]
100079ba:	681b      	ldr	r3, [r3, #0]
100079bc:	e9c0 2300 	strd	r2, r3, [r0]
100079c0:	4770      	bx	lr
100079c2:	bf00      	nop
100079c4:	20002a34 	.word	0x20002a34
100079c8:	20002a7c 	.word	0x20002a7c

100079cc <xTaskCheckForTimeOut>:
100079cc:	b5f8      	push	{r3, r4, r5, r6, r7, lr}
100079ce:	460d      	mov	r5, r1
100079d0:	4604      	mov	r4, r0
100079d2:	f000 faab 	bl	10007f2c <vPortEnterCritical>
100079d6:	682b      	ldr	r3, [r5, #0]
100079d8:	4a12      	ldr	r2, [pc, #72]	@ (10007a24 <xTaskCheckForTimeOut+0x58>)
100079da:	1c58      	adds	r0, r3, #1
100079dc:	6811      	ldr	r1, [r2, #0]
100079de:	d01b      	beq.n	10007a18 <xTaskCheckForTimeOut+0x4c>
100079e0:	e9d4 6000 	ldrd	r6, r0, [r4]
100079e4:	f8df c040 	ldr.w	ip, [pc, #64]	@ 10007a28 <xTaskCheckForTimeOut+0x5c>
100079e8:	f8dc 7000 	ldr.w	r7, [ip]
100079ec:	42be      	cmp	r6, r7
100079ee:	d008      	beq.n	10007a02 <xTaskCheckForTimeOut+0x36>
100079f0:	4288      	cmp	r0, r1
100079f2:	d806      	bhi.n	10007a02 <xTaskCheckForTimeOut+0x36>
100079f4:	2300      	movs	r3, #0
100079f6:	2401      	movs	r4, #1
100079f8:	602b      	str	r3, [r5, #0]
100079fa:	f000 faa5 	bl	10007f48 <vPortExitCritical>
100079fe:	4620      	mov	r0, r4
10007a00:	bdf8      	pop	{r3, r4, r5, r6, r7, pc}
10007a02:	1a0f      	subs	r7, r1, r0
10007a04:	42bb      	cmp	r3, r7
10007a06:	d9f5      	bls.n	100079f4 <xTaskCheckForTimeOut+0x28>
10007a08:	1a5b      	subs	r3, r3, r1
10007a0a:	f8dc 1000 	ldr.w	r1, [ip]
10007a0e:	6812      	ldr	r2, [r2, #0]
10007a10:	4403      	add	r3, r0
10007a12:	602b      	str	r3, [r5, #0]
10007a14:	e9c4 1200 	strd	r1, r2, [r4]
10007a18:	2400      	movs	r4, #0
10007a1a:	f000 fa95 	bl	10007f48 <vPortExitCritical>
10007a1e:	4620      	mov	r0, r4
10007a20:	bdf8      	pop	{r3, r4, r5, r6, r7, pc}
10007a22:	bf00      	nop
10007a24:	20002a7c 	.word	0x20002a7c
10007a28:	20002a34 	.word	0x20002a34

10007a2c <vTaskMissedYield>:
10007a2c:	2201      	movs	r2, #1
10007a2e:	4b01      	ldr	r3, [pc, #4]	@ (10007a34 <vTaskMissedYield+0x8>)
10007a30:	601a      	str	r2, [r3, #0]
10007a32:	4770      	bx	lr
10007a34:	20002a88 	.word	0x20002a88

10007a38 <xTaskPriorityDisinherit>:
10007a38:	b158      	cbz	r0, 10007a52 <xTaskPriorityDisinherit+0x1a>
10007a3a:	b5f8      	push	{r3, r4, r5, r6, r7, lr}
10007a3c:	6ac1      	ldr	r1, [r0, #44]	@ 0x2c
10007a3e:	6c83      	ldr	r3, [r0, #72]	@ 0x48
10007a40:	6c42      	ldr	r2, [r0, #68]	@ 0x44
10007a42:	3b01      	subs	r3, #1
10007a44:	4291      	cmp	r1, r2
10007a46:	4604      	mov	r4, r0
10007a48:	6483      	str	r3, [r0, #72]	@ 0x48
10007a4a:	d000      	beq.n	10007a4e <xTaskPriorityDisinherit+0x16>
10007a4c:	b11b      	cbz	r3, 10007a56 <xTaskPriorityDisinherit+0x1e>
10007a4e:	2000      	movs	r0, #0
10007a50:	bdf8      	pop	{r3, r4, r5, r6, r7, pc}
10007a52:	2000      	movs	r0, #0
10007a54:	4770      	bx	lr
10007a56:	1d06      	adds	r6, r0, #4
10007a58:	4630      	mov	r0, r6
10007a5a:	f000 fc15 	bl	10008288 <uxListRemove>
10007a5e:	6c63      	ldr	r3, [r4, #68]	@ 0x44
10007a60:	4a0e      	ldr	r2, [pc, #56]	@ (10007a9c <xTaskPriorityDisinherit+0x64>)
10007a62:	f1c3 0006 	rsb	r0, r3, #6
10007a66:	61a0      	str	r0, [r4, #24]
10007a68:	2001      	movs	r0, #1
10007a6a:	6811      	ldr	r1, [r2, #0]
10007a6c:	62e3      	str	r3, [r4, #44]	@ 0x2c
10007a6e:	428b      	cmp	r3, r1
10007a70:	bf88      	it	hi
10007a72:	6013      	strhi	r3, [r2, #0]
10007a74:	4a0a      	ldr	r2, [pc, #40]	@ (10007aa0 <xTaskPriorityDisinherit+0x68>)
10007a76:	eb03 0383 	add.w	r3, r3, r3, lsl #2
10007a7a:	ea4f 0c83 	mov.w	ip, r3, lsl #2
10007a7e:	eb02 0383 	add.w	r3, r2, r3, lsl #2
10007a82:	685d      	ldr	r5, [r3, #4]
10007a84:	f852 100c 	ldr.w	r1, [r2, ip]
10007a88:	68af      	ldr	r7, [r5, #8]
10007a8a:	4401      	add	r1, r0
10007a8c:	60a5      	str	r5, [r4, #8]
10007a8e:	60e7      	str	r7, [r4, #12]
10007a90:	607e      	str	r6, [r7, #4]
10007a92:	60ae      	str	r6, [r5, #8]
10007a94:	6163      	str	r3, [r4, #20]
10007a96:	f842 100c 	str.w	r1, [r2, ip]
10007a9a:	bdf8      	pop	{r3, r4, r5, r6, r7, pc}
10007a9c:	200029d0 	.word	0x200029d0
10007aa0:	200028f8 	.word	0x200028f8

10007aa4 <prvTimerTask>:
10007aa4:	e92d 4ff0 	stmdb	sp!, {r4, r5, r6, r7, r8, r9, sl, fp, lr}
10007aa8:	4fb7      	ldr	r7, [pc, #732]	@ (10007d88 <prvTimerTask+0x2e4>)
10007aaa:	f8df b2e4 	ldr.w	fp, [pc, #740]	@ 10007d90 <prvTimerTask+0x2ec>
10007aae:	f8df 82e4 	ldr.w	r8, [pc, #740]	@ 10007d94 <prvTimerTask+0x2f0>
10007ab2:	4db6      	ldr	r5, [pc, #728]	@ (10007d8c <prvTimerTask+0x2e8>)
10007ab4:	b087      	sub	sp, #28
10007ab6:	683b      	ldr	r3, [r7, #0]
10007ab8:	681c      	ldr	r4, [r3, #0]
10007aba:	2c00      	cmp	r4, #0
10007abc:	f040 811d 	bne.w	10007cfa <prvTimerTask+0x256>
10007ac0:	f7ff fcec 	bl	1000749c <vTaskSuspendAll>
10007ac4:	f7ff fdf4 	bl	100076b0 <xTaskGetTickCount>
10007ac8:	f8db 3000 	ldr.w	r3, [fp]
10007acc:	4681      	mov	r9, r0
10007ace:	4283      	cmp	r3, r0
10007ad0:	d848      	bhi.n	10007b64 <prvTimerTask+0xc0>
10007ad2:	f8d8 3000 	ldr.w	r3, [r8]
10007ad6:	f8cb 0000 	str.w	r0, [fp]
10007ada:	681a      	ldr	r2, [r3, #0]
10007adc:	fab2 f282 	clz	r2, r2
10007ae0:	0952      	lsrs	r2, r2, #5
10007ae2:	6828      	ldr	r0, [r5, #0]
10007ae4:	eba4 0109 	sub.w	r1, r4, r9
10007ae8:	f7ff f9cc 	bl	10006e84 <vQueueWaitForMessageRestricted>
10007aec:	f7ff fcde 	bl	100074ac <xTaskResumeAll>
10007af0:	2800      	cmp	r0, #0
10007af2:	f000 8124 	beq.w	10007d3e <prvTimerTask+0x29a>
10007af6:	2300      	movs	r3, #0
10007af8:	e9cd 3302 	strd	r3, r3, [sp, #8]
10007afc:	e9cd 3304 	strd	r3, r3, [sp, #16]
10007b00:	2200      	movs	r2, #0
10007b02:	6828      	ldr	r0, [r5, #0]
10007b04:	a902      	add	r1, sp, #8
10007b06:	f7fe fe77 	bl	100067f8 <xQueueReceive>
10007b0a:	2800      	cmp	r0, #0
10007b0c:	d0d3      	beq.n	10007ab6 <prvTimerTask+0x12>
10007b0e:	9b02      	ldr	r3, [sp, #8]
10007b10:	9804      	ldr	r0, [sp, #16]
10007b12:	2b00      	cmp	r3, #0
10007b14:	f2c0 80e9 	blt.w	10007cea <prvTimerTask+0x246>
10007b18:	f8dd a010 	ldr.w	sl, [sp, #16]
10007b1c:	f8da 3014 	ldr.w	r3, [sl, #20]
10007b20:	b11b      	cbz	r3, 10007b2a <prvTimerTask+0x86>
10007b22:	f10a 0004 	add.w	r0, sl, #4
10007b26:	f000 fbaf 	bl	10008288 <uxListRemove>
10007b2a:	f7ff fdc1 	bl	100076b0 <xTaskGetTickCount>
10007b2e:	f8db 3000 	ldr.w	r3, [fp]
10007b32:	9001      	str	r0, [sp, #4]
10007b34:	4298      	cmp	r0, r3
10007b36:	d343      	bcc.n	10007bc0 <prvTimerTask+0x11c>
10007b38:	e9dd 2301 	ldrd	r2, r3, [sp, #4]
10007b3c:	3b01      	subs	r3, #1
10007b3e:	f8cb 2000 	str.w	r2, [fp]
10007b42:	2b08      	cmp	r3, #8
10007b44:	d8dc      	bhi.n	10007b00 <prvTimerTask+0x5c>
10007b46:	e8df f003 	tbb	[pc, r3]
10007b4a:	6161      	.short	0x6161
10007b4c:	61c7a5c0 	.word	0x61c7a5c0
10007b50:	c061      	.short	0xc061
10007b52:	a5          	.byte	0xa5
10007b53:	00          	.byte	0x00
10007b54:	f022 0201 	bic.w	r2, r2, #1
10007b58:	f88a 2024 	strb.w	r2, [sl, #36]	@ 0x24
10007b5c:	4650      	mov	r0, sl
10007b5e:	f8da 3020 	ldr.w	r3, [sl, #32]
10007b62:	4798      	blx	r3
10007b64:	683b      	ldr	r3, [r7, #0]
10007b66:	681a      	ldr	r2, [r3, #0]
10007b68:	2a00      	cmp	r2, #0
10007b6a:	f000 80d8 	beq.w	10007d1e <prvTimerTask+0x27a>
10007b6e:	68da      	ldr	r2, [r3, #12]
10007b70:	f8d2 a00c 	ldr.w	sl, [r2, #12]
10007b74:	6814      	ldr	r4, [r2, #0]
10007b76:	f10a 0604 	add.w	r6, sl, #4
10007b7a:	4630      	mov	r0, r6
10007b7c:	f000 fb84 	bl	10008288 <uxListRemove>
10007b80:	f89a 2024 	ldrb.w	r2, [sl, #36]	@ 0x24
10007b84:	0751      	lsls	r1, r2, #29
10007b86:	d5e5      	bpl.n	10007b54 <prvTimerTask+0xb0>
10007b88:	e003      	b.n	10007b92 <prvTimerTask+0xee>
10007b8a:	4650      	mov	r0, sl
10007b8c:	f8da 2020 	ldr.w	r2, [sl, #32]
10007b90:	4790      	blx	r2
10007b92:	f8da 2018 	ldr.w	r2, [sl, #24]
10007b96:	f8ca a010 	str.w	sl, [sl, #16]
10007b9a:	1911      	adds	r1, r2, r4
10007b9c:	18a4      	adds	r4, r4, r2
10007b9e:	f8ca 1004 	str.w	r1, [sl, #4]
10007ba2:	d3f2      	bcc.n	10007b8a <prvTimerTask+0xe6>
10007ba4:	4631      	mov	r1, r6
10007ba6:	f8d8 0000 	ldr.w	r0, [r8]
10007baa:	f000 fb55 	bl	10008258 <vListInsert>
10007bae:	e7d5      	b.n	10007b5c <prvTimerTask+0xb8>
10007bb0:	f021 0101 	bic.w	r1, r1, #1
10007bb4:	f889 1024 	strb.w	r1, [r9, #36]	@ 0x24
10007bb8:	4648      	mov	r0, r9
10007bba:	f8d9 3020 	ldr.w	r3, [r9, #32]
10007bbe:	4798      	blx	r3
10007bc0:	683b      	ldr	r3, [r7, #0]
10007bc2:	6819      	ldr	r1, [r3, #0]
10007bc4:	2900      	cmp	r1, #0
10007bc6:	f000 80b4 	beq.w	10007d32 <prvTimerTask+0x28e>
10007bca:	68d9      	ldr	r1, [r3, #12]
10007bcc:	f8d1 900c 	ldr.w	r9, [r1, #12]
10007bd0:	680c      	ldr	r4, [r1, #0]
10007bd2:	f109 0604 	add.w	r6, r9, #4
10007bd6:	4630      	mov	r0, r6
10007bd8:	f000 fb56 	bl	10008288 <uxListRemove>
10007bdc:	f899 1024 	ldrb.w	r1, [r9, #36]	@ 0x24
10007be0:	0748      	lsls	r0, r1, #29
10007be2:	d5e5      	bpl.n	10007bb0 <prvTimerTask+0x10c>
10007be4:	e003      	b.n	10007bee <prvTimerTask+0x14a>
10007be6:	4648      	mov	r0, r9
10007be8:	f8d9 1020 	ldr.w	r1, [r9, #32]
10007bec:	4788      	blx	r1
10007bee:	f8d9 1018 	ldr.w	r1, [r9, #24]
10007bf2:	f8c9 9010 	str.w	r9, [r9, #16]
10007bf6:	1908      	adds	r0, r1, r4
10007bf8:	1864      	adds	r4, r4, r1
10007bfa:	f8c9 0004 	str.w	r0, [r9, #4]
10007bfe:	d3f2      	bcc.n	10007be6 <prvTimerTask+0x142>
10007c00:	4631      	mov	r1, r6
10007c02:	f8d8 0000 	ldr.w	r0, [r8]
10007c06:	f000 fb27 	bl	10008258 <vListInsert>
10007c0a:	e7d5      	b.n	10007bb8 <prvTimerTask+0x114>
10007c0c:	f89a 0024 	ldrb.w	r0, [sl, #36]	@ 0x24
10007c10:	9903      	ldr	r1, [sp, #12]
10007c12:	f8da 4018 	ldr.w	r4, [sl, #24]
10007c16:	9a01      	ldr	r2, [sp, #4]
10007c18:	190b      	adds	r3, r1, r4
10007c1a:	f040 0601 	orr.w	r6, r0, #1
10007c1e:	f88a 6024 	strb.w	r6, [sl, #36]	@ 0x24
10007c22:	bf2c      	ite	cs
10007c24:	2601      	movcs	r6, #1
10007c26:	2600      	movcc	r6, #0
10007c28:	4293      	cmp	r3, r2
10007c2a:	f8ca 3004 	str.w	r3, [sl, #4]
10007c2e:	f8ca a010 	str.w	sl, [sl, #16]
10007c32:	f200 8087 	bhi.w	10007d44 <prvTimerTask+0x2a0>
10007c36:	1a51      	subs	r1, r2, r1
10007c38:	428c      	cmp	r4, r1
10007c3a:	d83f      	bhi.n	10007cbc <prvTimerTask+0x218>
10007c3c:	0741      	lsls	r1, r0, #29
10007c3e:	d412      	bmi.n	10007c66 <prvTimerTask+0x1c2>
10007c40:	f020 0001 	bic.w	r0, r0, #1
10007c44:	f88a 0024 	strb.w	r0, [sl, #36]	@ 0x24
10007c48:	4650      	mov	r0, sl
10007c4a:	f8da 3020 	ldr.w	r3, [sl, #32]
10007c4e:	4798      	blx	r3
10007c50:	e756      	b.n	10007b00 <prvTimerTask+0x5c>
10007c52:	428c      	cmp	r4, r1
10007c54:	f200 80c6 	bhi.w	10007de4 <prvTimerTask+0x340>
10007c58:	f8da 3020 	ldr.w	r3, [sl, #32]
10007c5c:	4650      	mov	r0, sl
10007c5e:	4798      	blx	r3
10007c60:	4633      	mov	r3, r6
10007c62:	f8da 4018 	ldr.w	r4, [sl, #24]
10007c66:	9a01      	ldr	r2, [sp, #4]
10007c68:	18e6      	adds	r6, r4, r3
10007c6a:	bf2c      	ite	cs
10007c6c:	2001      	movcs	r0, #1
10007c6e:	2000      	movcc	r0, #0
10007c70:	42b2      	cmp	r2, r6
10007c72:	eba2 0103 	sub.w	r1, r2, r3
10007c76:	f8ca 6004 	str.w	r6, [sl, #4]
10007c7a:	f8ca a010 	str.w	sl, [sl, #16]
10007c7e:	d2e8      	bcs.n	10007c52 <prvTimerTask+0x1ae>
10007c80:	429a      	cmp	r2, r3
10007c82:	d201      	bcs.n	10007c88 <prvTimerTask+0x1e4>
10007c84:	2800      	cmp	r0, #0
10007c86:	d0e7      	beq.n	10007c58 <prvTimerTask+0x1b4>
10007c88:	6838      	ldr	r0, [r7, #0]
10007c8a:	f10a 0104 	add.w	r1, sl, #4
10007c8e:	f000 fae3 	bl	10008258 <vListInsert>
10007c92:	e7d9      	b.n	10007c48 <prvTimerTask+0x1a4>
10007c94:	9903      	ldr	r1, [sp, #12]
10007c96:	9a01      	ldr	r2, [sp, #4]
10007c98:	f89a 3024 	ldrb.w	r3, [sl, #36]	@ 0x24
10007c9c:	1888      	adds	r0, r1, r2
10007c9e:	f043 0301 	orr.w	r3, r3, #1
10007ca2:	4290      	cmp	r0, r2
10007ca4:	f88a 3024 	strb.w	r3, [sl, #36]	@ 0x24
10007ca8:	f8ca 1018 	str.w	r1, [sl, #24]
10007cac:	f8ca 0004 	str.w	r0, [sl, #4]
10007cb0:	f8ca a010 	str.w	sl, [sl, #16]
10007cb4:	d84b      	bhi.n	10007d4e <prvTimerTask+0x2aa>
10007cb6:	2900      	cmp	r1, #0
10007cb8:	f43f af22 	beq.w	10007b00 <prvTimerTask+0x5c>
10007cbc:	f8d8 0000 	ldr.w	r0, [r8]
10007cc0:	f10a 0104 	add.w	r1, sl, #4
10007cc4:	f000 fac8 	bl	10008258 <vListInsert>
10007cc8:	e71a      	b.n	10007b00 <prvTimerTask+0x5c>
10007cca:	f89a 3024 	ldrb.w	r3, [sl, #36]	@ 0x24
10007cce:	f023 0301 	bic.w	r3, r3, #1
10007cd2:	f88a 3024 	strb.w	r3, [sl, #36]	@ 0x24
10007cd6:	e713      	b.n	10007b00 <prvTimerTask+0x5c>
10007cd8:	f89a 3024 	ldrb.w	r3, [sl, #36]	@ 0x24
10007cdc:	079a      	lsls	r2, r3, #30
10007cde:	d577      	bpl.n	10007dd0 <prvTimerTask+0x32c>
10007ce0:	f023 0301 	bic.w	r3, r3, #1
10007ce4:	f88a 3024 	strb.w	r3, [sl, #36]	@ 0x24
10007ce8:	e70a      	b.n	10007b00 <prvTimerTask+0x5c>
10007cea:	9b03      	ldr	r3, [sp, #12]
10007cec:	9905      	ldr	r1, [sp, #20]
10007cee:	4798      	blx	r3
10007cf0:	9b02      	ldr	r3, [sp, #8]
10007cf2:	2b00      	cmp	r3, #0
10007cf4:	f6ff af04 	blt.w	10007b00 <prvTimerTask+0x5c>
10007cf8:	e70e      	b.n	10007b18 <prvTimerTask+0x74>
10007cfa:	68db      	ldr	r3, [r3, #12]
10007cfc:	681c      	ldr	r4, [r3, #0]
10007cfe:	f7ff fbcd 	bl	1000749c <vTaskSuspendAll>
10007d02:	f7ff fcd5 	bl	100076b0 <xTaskGetTickCount>
10007d06:	f8db 3000 	ldr.w	r3, [fp]
10007d0a:	4681      	mov	r9, r0
10007d0c:	4283      	cmp	r3, r0
10007d0e:	f63f af29 	bhi.w	10007b64 <prvTimerTask+0xc0>
10007d12:	4284      	cmp	r4, r0
10007d14:	f8cb 0000 	str.w	r0, [fp]
10007d18:	d91f      	bls.n	10007d5a <prvTimerTask+0x2b6>
10007d1a:	2200      	movs	r2, #0
10007d1c:	e6e1      	b.n	10007ae2 <prvTimerTask+0x3e>
10007d1e:	f8d8 2000 	ldr.w	r2, [r8]
10007d22:	f8cb 9000 	str.w	r9, [fp]
10007d26:	603a      	str	r2, [r7, #0]
10007d28:	f8c8 3000 	str.w	r3, [r8]
10007d2c:	f7ff fbbe 	bl	100074ac <xTaskResumeAll>
10007d30:	e6e1      	b.n	10007af6 <prvTimerTask+0x52>
10007d32:	f8d8 1000 	ldr.w	r1, [r8]
10007d36:	f8c8 3000 	str.w	r3, [r8]
10007d3a:	6039      	str	r1, [r7, #0]
10007d3c:	e6fc      	b.n	10007b38 <prvTimerTask+0x94>
10007d3e:	f000 f8e9 	bl	10007f14 <vPortYield>
10007d42:	e6d8      	b.n	10007af6 <prvTimerTask+0x52>
10007d44:	4291      	cmp	r1, r2
10007d46:	d902      	bls.n	10007d4e <prvTimerTask+0x2aa>
10007d48:	2e00      	cmp	r6, #0
10007d4a:	f43f af77 	beq.w	10007c3c <prvTimerTask+0x198>
10007d4e:	6838      	ldr	r0, [r7, #0]
10007d50:	f10a 0104 	add.w	r1, sl, #4
10007d54:	f000 fa80 	bl	10008258 <vListInsert>
10007d58:	e6d2      	b.n	10007b00 <prvTimerTask+0x5c>
10007d5a:	f7ff fba7 	bl	100074ac <xTaskResumeAll>
10007d5e:	683b      	ldr	r3, [r7, #0]
10007d60:	68db      	ldr	r3, [r3, #12]
10007d62:	68de      	ldr	r6, [r3, #12]
10007d64:	1d33      	adds	r3, r6, #4
10007d66:	4618      	mov	r0, r3
10007d68:	9301      	str	r3, [sp, #4]
10007d6a:	f000 fa8d 	bl	10008288 <uxListRemove>
10007d6e:	f896 2024 	ldrb.w	r2, [r6, #36]	@ 0x24
10007d72:	0753      	lsls	r3, r2, #29
10007d74:	d416      	bmi.n	10007da4 <prvTimerTask+0x300>
10007d76:	f022 0201 	bic.w	r2, r2, #1
10007d7a:	f886 2024 	strb.w	r2, [r6, #36]	@ 0x24
10007d7e:	4630      	mov	r0, r6
10007d80:	6a33      	ldr	r3, [r6, #32]
10007d82:	4798      	blx	r3
10007d84:	e6b7      	b.n	10007af6 <prvTimerTask+0x52>
10007d86:	bf00      	nop
10007d88:	200028e8 	.word	0x200028e8
10007d8c:	20002a80 	.word	0x20002a80
10007d90:	20002a2c 	.word	0x20002a2c
10007d94:	200028f4 	.word	0x200028f4
10007d98:	4281      	cmp	r1, r0
10007d9a:	d81d      	bhi.n	10007dd8 <prvTimerTask+0x334>
10007d9c:	4630      	mov	r0, r6
10007d9e:	6a31      	ldr	r1, [r6, #32]
10007da0:	4788      	blx	r1
10007da2:	4654      	mov	r4, sl
10007da4:	69b1      	ldr	r1, [r6, #24]
10007da6:	eba9 0004 	sub.w	r0, r9, r4
10007daa:	eb14 0a01 	adds.w	sl, r4, r1
10007dae:	bf2c      	ite	cs
10007db0:	2301      	movcs	r3, #1
10007db2:	2300      	movcc	r3, #0
10007db4:	45ca      	cmp	sl, r9
10007db6:	f8c6 a004 	str.w	sl, [r6, #4]
10007dba:	6136      	str	r6, [r6, #16]
10007dbc:	d9ec      	bls.n	10007d98 <prvTimerTask+0x2f4>
10007dbe:	454c      	cmp	r4, r9
10007dc0:	d901      	bls.n	10007dc6 <prvTimerTask+0x322>
10007dc2:	2b00      	cmp	r3, #0
10007dc4:	d0ea      	beq.n	10007d9c <prvTimerTask+0x2f8>
10007dc6:	9901      	ldr	r1, [sp, #4]
10007dc8:	6838      	ldr	r0, [r7, #0]
10007dca:	f000 fa45 	bl	10008258 <vListInsert>
10007dce:	e7d6      	b.n	10007d7e <prvTimerTask+0x2da>
10007dd0:	4650      	mov	r0, sl
10007dd2:	f000 f85d 	bl	10007e90 <vPortFree>
10007dd6:	e693      	b.n	10007b00 <prvTimerTask+0x5c>
10007dd8:	9901      	ldr	r1, [sp, #4]
10007dda:	f8d8 0000 	ldr.w	r0, [r8]
10007dde:	f000 fa3b 	bl	10008258 <vListInsert>
10007de2:	e7cc      	b.n	10007d7e <prvTimerTask+0x2da>
10007de4:	f8d8 0000 	ldr.w	r0, [r8]
10007de8:	f10a 0104 	add.w	r1, sl, #4
10007dec:	f000 fa34 	bl	10008258 <vListInsert>
10007df0:	e72a      	b.n	10007c48 <prvTimerTask+0x1a4>
10007df2:	bf00      	nop

10007df4 <xTimerCreateTimerTask>:
10007df4:	b5f0      	push	{r4, r5, r6, r7, lr}
10007df6:	4c17      	ldr	r4, [pc, #92]	@ (10007e54 <xTimerCreateTimerTask+0x60>)
10007df8:	b083      	sub	sp, #12
10007dfa:	f000 f897 	bl	10007f2c <vPortEnterCritical>
10007dfe:	6825      	ldr	r5, [r4, #0]
10007e00:	b17d      	cbz	r5, 10007e22 <xTimerCreateTimerTask+0x2e>
10007e02:	f000 f8a1 	bl	10007f48 <vPortExitCritical>
10007e06:	6820      	ldr	r0, [r4, #0]
10007e08:	b148      	cbz	r0, 10007e1e <xTimerCreateTimerTask+0x2a>
10007e0a:	2403      	movs	r4, #3
10007e0c:	4812      	ldr	r0, [pc, #72]	@ (10007e58 <xTimerCreateTimerTask+0x64>)
10007e0e:	2300      	movs	r3, #0
10007e10:	9001      	str	r0, [sp, #4]
10007e12:	2280      	movs	r2, #128	@ 0x80
10007e14:	4911      	ldr	r1, [pc, #68]	@ (10007e5c <xTimerCreateTimerTask+0x68>)
10007e16:	4812      	ldr	r0, [pc, #72]	@ (10007e60 <xTimerCreateTimerTask+0x6c>)
10007e18:	9400      	str	r4, [sp, #0]
10007e1a:	f7ff f9ff 	bl	1000721c <xTaskCreate>
10007e1e:	b003      	add	sp, #12
10007e20:	bdf0      	pop	{r4, r5, r6, r7, pc}
10007e22:	4e10      	ldr	r6, [pc, #64]	@ (10007e64 <xTimerCreateTimerTask+0x70>)
10007e24:	4f10      	ldr	r7, [pc, #64]	@ (10007e68 <xTimerCreateTimerTask+0x74>)
10007e26:	4630      	mov	r0, r6
10007e28:	f000 f9f8 	bl	1000821c <vListInitialise>
10007e2c:	4638      	mov	r0, r7
10007e2e:	f000 f9f5 	bl	1000821c <vListInitialise>
10007e32:	4a0e      	ldr	r2, [pc, #56]	@ (10007e6c <xTimerCreateTimerTask+0x78>)
10007e34:	4b0e      	ldr	r3, [pc, #56]	@ (10007e70 <xTimerCreateTimerTask+0x7c>)
10007e36:	6017      	str	r7, [r2, #0]
10007e38:	2110      	movs	r1, #16
10007e3a:	462a      	mov	r2, r5
10007e3c:	200a      	movs	r0, #10
10007e3e:	601e      	str	r6, [r3, #0]
10007e40:	f7fe fb5e 	bl	10006500 <xQueueGenericCreate>
10007e44:	6020      	str	r0, [r4, #0]
10007e46:	2800      	cmp	r0, #0
10007e48:	d0db      	beq.n	10007e02 <xTimerCreateTimerTask+0xe>
10007e4a:	490a      	ldr	r1, [pc, #40]	@ (10007e74 <xTimerCreateTimerTask+0x80>)
10007e4c:	f7fe ff5a 	bl	10006d04 <vQueueAddToRegistry>
10007e50:	e7d7      	b.n	10007e02 <xTimerCreateTimerTask+0xe>
10007e52:	bf00      	nop
10007e54:	20002a80 	.word	0x20002a80
10007e58:	20002a84 	.word	0x20002a84
10007e5c:	1000951c 	.word	0x1000951c
10007e60:	10007aa5 	.word	0x10007aa5
10007e64:	200029d4 	.word	0x200029d4
10007e68:	200029e8 	.word	0x200029e8
10007e6c:	200028f4 	.word	0x200028f4
10007e70:	200028e8 	.word	0x200028e8
10007e74:	10009514 	.word	0x10009514

10007e78 <pvPortMalloc>:
10007e78:	b510      	push	{r4, lr}
10007e7a:	4604      	mov	r4, r0
10007e7c:	f7ff fb0e 	bl	1000749c <vTaskSuspendAll>
10007e80:	4620      	mov	r0, r4
10007e82:	f7fa f85d 	bl	10001f40 <__wrap_malloc>
10007e86:	4604      	mov	r4, r0
10007e88:	f7ff fb10 	bl	100074ac <xTaskResumeAll>
10007e8c:	4620      	mov	r0, r4
10007e8e:	bd10      	pop	{r4, pc}

10007e90 <vPortFree>:
10007e90:	b150      	cbz	r0, 10007ea8 <vPortFree+0x18>
10007e92:	b510      	push	{r4, lr}
10007e94:	4604      	mov	r4, r0
10007e96:	f7ff fb01 	bl	1000749c <vTaskSuspendAll>
10007e9a:	4620      	mov	r0, r4
10007e9c:	f7fa f862 	bl	10001f64 <__wrap_free>
10007ea0:	e8bd 4010 	ldmia.w	sp!, {r4, lr}
10007ea4:	f7ff bb02 	b.w	100074ac <xTaskResumeAll>
10007ea8:	4770      	bx	lr
10007eaa:	bf00      	nop

10007eac <prvTaskExitError>:
10007eac:	2300      	movs	r3, #0
10007eae:	b500      	push	{lr}
10007eb0:	b083      	sub	sp, #12
10007eb2:	9301      	str	r3, [sp, #4]
10007eb4:	f000 f944 	bl	10008140 <ulSetInterruptMask>
10007eb8:	9b01      	ldr	r3, [sp, #4]
10007eba:	2b00      	cmp	r3, #0
10007ebc:	d0fc      	beq.n	10007eb8 <prvTaskExitError+0xc>
10007ebe:	b003      	add	sp, #12
10007ec0:	f85d fb04 	ldr.w	pc, [sp], #4

10007ec4 <isr_systick>:
10007ec4:	b510      	push	{r4, lr}
10007ec6:	f000 f93b 	bl	10008140 <ulSetInterruptMask>
10007eca:	4604      	mov	r4, r0
10007ecc:	f7ff fbf6 	bl	100076bc <xTaskIncrementTick>
10007ed0:	b128      	cbz	r0, 10007ede <isr_systick+0x1a>
10007ed2:	f04f 23e0 	mov.w	r3, #3758153728	@ 0xe000e000
10007ed6:	f04f 5280 	mov.w	r2, #268435456	@ 0x10000000
10007eda:	f8c3 2d04 	str.w	r2, [r3, #3332]	@ 0xd04
10007ede:	4620      	mov	r0, r4
10007ee0:	e8bd 4010 	ldmia.w	sp!, {r4, lr}
10007ee4:	f000 b938 	b.w	10008158 <vClearInterruptMask>

10007ee8 <vPortSetupTimerInterrupt>:
10007ee8:	b510      	push	{r4, lr}
10007eea:	2204      	movs	r2, #4
10007eec:	f04f 24e0 	mov.w	r4, #3758153728	@ 0xe000e000
10007ef0:	2300      	movs	r3, #0
10007ef2:	6122      	str	r2, [r4, #16]
10007ef4:	2005      	movs	r0, #5
10007ef6:	61a3      	str	r3, [r4, #24]
10007ef8:	f7f9 fcb6 	bl	10001868 <clock_get_hz>
10007efc:	2107      	movs	r1, #7
10007efe:	4b04      	ldr	r3, [pc, #16]	@ (10007f10 <vPortSetupTimerInterrupt+0x28>)
10007f00:	fba3 2300 	umull	r2, r3, r3, r0
10007f04:	099b      	lsrs	r3, r3, #6
10007f06:	3b01      	subs	r3, #1
10007f08:	6163      	str	r3, [r4, #20]
10007f0a:	6121      	str	r1, [r4, #16]
10007f0c:	bd10      	pop	{r4, pc}
10007f0e:	bf00      	nop
10007f10:	10624dd3 	.word	0x10624dd3

10007f14 <vPortYield>:
10007f14:	f04f 23e0 	mov.w	r3, #3758153728	@ 0xe000e000
10007f18:	f04f 5280 	mov.w	r2, #268435456	@ 0x10000000
10007f1c:	f8c3 2d04 	str.w	r2, [r3, #3332]	@ 0xd04
10007f20:	f3bf 8f4f 	dsb	sy
10007f24:	f3bf 8f6f 	isb	sy
10007f28:	4770      	bx	lr
10007f2a:	bf00      	nop

10007f2c <vPortEnterCritical>:
10007f2c:	b508      	push	{r3, lr}
10007f2e:	f000 f907 	bl	10008140 <ulSetInterruptMask>
10007f32:	4a04      	ldr	r2, [pc, #16]	@ (10007f44 <vPortEnterCritical+0x18>)
10007f34:	6813      	ldr	r3, [r2, #0]
10007f36:	3301      	adds	r3, #1
10007f38:	6013      	str	r3, [r2, #0]
10007f3a:	f3bf 8f4f 	dsb	sy
10007f3e:	f3bf 8f6f 	isb	sy
10007f42:	bd08      	pop	{r3, pc}
10007f44:	200015b4 	.word	0x200015b4

10007f48 <vPortExitCritical>:
10007f48:	4b04      	ldr	r3, [pc, #16]	@ (10007f5c <vPortExitCritical+0x14>)
10007f4a:	681a      	ldr	r2, [r3, #0]
10007f4c:	3a01      	subs	r2, #1
10007f4e:	601a      	str	r2, [r3, #0]
10007f50:	6818      	ldr	r0, [r3, #0]
10007f52:	b100      	cbz	r0, 10007f56 <vPortExitCritical+0xe>
10007f54:	4770      	bx	lr
10007f56:	f000 b8ff 	b.w	10008158 <vClearInterruptMask>
10007f5a:	bf00      	nop
10007f5c:	200015b4 	.word	0x200015b4

10007f60 <vPortSVCHandler_C>:
10007f60:	6983      	ldr	r3, [r0, #24]
10007f62:	f813 3c02 	ldrb.w	r3, [r3, #-2]
10007f66:	2b66      	cmp	r3, #102	@ 0x66
10007f68:	d000      	beq.n	10007f6c <vPortSVCHandler_C+0xc>
10007f6a:	4770      	bx	lr
10007f6c:	f04f 23e0 	mov.w	r3, #3758153728	@ 0xe000e000
10007f70:	f8d3 2d88 	ldr.w	r2, [r3, #3464]	@ 0xd88
10007f74:	f442 0270 	orr.w	r2, r2, #15728640	@ 0xf00000
10007f78:	f8c3 2d88 	str.w	r2, [r3, #3464]	@ 0xd88
10007f7c:	f8d3 2f34 	ldr.w	r2, [r3, #3892]	@ 0xf34
10007f80:	f042 4240 	orr.w	r2, r2, #3221225472	@ 0xc0000000
10007f84:	f8c3 2f34 	str.w	r2, [r3, #3892]	@ 0xf34
10007f88:	f000 b8bc 	b.w	10008104 <vRestoreContextOfFirstTask>

10007f8c <pxPortInitialiseStack>:
10007f8c:	e92d 4ff0 	stmdb	sp!, {r4, r5, r6, r7, r8, r9, sl, fp, lr}
10007f90:	f04f 3e11 	mov.w	lr, #286331153	@ 0x11111111
10007f94:	f04f 7480 	mov.w	r4, #16777216	@ 0x1000000
10007f98:	e940 e309 	strd	lr, r3, [r0, #-36]	@ 0x24
10007f9c:	f04f 3307 	mov.w	r3, #117901063	@ 0x7070707
10007fa0:	f840 4c04 	str.w	r4, [r0, #-4]
10007fa4:	4c16      	ldr	r4, [pc, #88]	@ (10008000 <pxPortInitialiseStack+0x74>)
10007fa6:	f840 3c34 	str.w	r3, [r0, #-52]
10007faa:	e940 4203 	strd	r4, r2, [r0, #-12]
10007fae:	f04f 3305 	mov.w	r3, #84215045	@ 0x5050505
10007fb2:	f04f 3206 	mov.w	r2, #101058054	@ 0x6060606
10007fb6:	f04f 3b12 	mov.w	fp, #303174162	@ 0x12121212
10007fba:	e940 320f 	strd	r3, r2, [r0, #-60]	@ 0x3c
10007fbe:	f04f 3a03 	mov.w	sl, #50529027	@ 0x3030303
10007fc2:	f04f 3902 	mov.w	r9, #33686018	@ 0x2020202
10007fc6:	f04f 3801 	mov.w	r8, #16843009	@ 0x1010101
10007fca:	f04f 3710 	mov.w	r7, #269488144	@ 0x10101010
10007fce:	f04f 3609 	mov.w	r6, #151587081	@ 0x9090909
10007fd2:	f04f 3508 	mov.w	r5, #134744072	@ 0x8080808
10007fd6:	f04f 3404 	mov.w	r4, #67372036	@ 0x4040404
10007fda:	f06f 0302 	mvn.w	r3, #2
10007fde:	e940 ab05 	strd	sl, fp, [r0, #-20]
10007fe2:	e940 8907 	strd	r8, r9, [r0, #-28]
10007fe6:	e940 670b 	strd	r6, r7, [r0, #-44]	@ 0x2c
10007fea:	f840 5c30 	str.w	r5, [r0, #-48]
10007fee:	f840 4c40 	str.w	r4, [r0, #-64]
10007ff2:	f840 3c44 	str.w	r3, [r0, #-68]
10007ff6:	f840 1d48 	str.w	r1, [r0, #-72]!
10007ffa:	e8bd 8ff0 	ldmia.w	sp!, {r4, r5, r6, r7, r8, r9, sl, fp, pc}
10007ffe:	bf00      	nop
10008000:	10007ead 	.word	0x10007ead

10008004 <xPortStartScheduler>:
10008004:	f04f 23e0 	mov.w	r3, #3758153728	@ 0xe000e000
10008008:	f04f 427f 	mov.w	r2, #4278190080	@ 0xff000000
1000800c:	2100      	movs	r1, #0
1000800e:	b510      	push	{r4, lr}
10008010:	b084      	sub	sp, #16
10008012:	9102      	str	r1, [sp, #8]
10008014:	f8c3 2d1c 	str.w	r2, [r3, #3356]	@ 0xd1c
10008018:	f8d3 3d1c 	ldr.w	r3, [r3, #3356]	@ 0xd1c
1000801c:	0e1b      	lsrs	r3, r3, #24
1000801e:	f88d 3007 	strb.w	r3, [sp, #7]
10008022:	f89d 3007 	ldrb.w	r3, [sp, #7]
10008026:	f89d 3007 	ldrb.w	r3, [sp, #7]
1000802a:	061a      	lsls	r2, r3, #24
1000802c:	d50c      	bpl.n	10008048 <xPortStartScheduler+0x44>
1000802e:	9b02      	ldr	r3, [sp, #8]
10008030:	3301      	adds	r3, #1
10008032:	9302      	str	r3, [sp, #8]
10008034:	f89d 3007 	ldrb.w	r3, [sp, #7]
10008038:	005b      	lsls	r3, r3, #1
1000803a:	b2db      	uxtb	r3, r3
1000803c:	f88d 3007 	strb.w	r3, [sp, #7]
10008040:	f89d 3007 	ldrb.w	r3, [sp, #7]
10008044:	061b      	lsls	r3, r3, #24
10008046:	d4f2      	bmi.n	1000802e <xPortStartScheduler+0x2a>
10008048:	9b02      	ldr	r3, [sp, #8]
1000804a:	2b08      	cmp	r3, #8
1000804c:	d03a      	beq.n	100080c4 <xPortStartScheduler+0xc0>
1000804e:	9a02      	ldr	r2, [sp, #8]
10008050:	f1c2 0207 	rsb	r2, r2, #7
10008054:	0212      	lsls	r2, r2, #8
10008056:	f402 62e0 	and.w	r2, r2, #1792	@ 0x700
1000805a:	f04f 23e0 	mov.w	r3, #3758153728	@ 0xe000e000
1000805e:	2400      	movs	r4, #0
10008060:	4919      	ldr	r1, [pc, #100]	@ (100080c8 <xPortStartScheduler+0xc4>)
10008062:	200e      	movs	r0, #14
10008064:	600a      	str	r2, [r1, #0]
10008066:	f8d3 2d20 	ldr.w	r2, [r3, #3360]	@ 0xd20
1000806a:	4918      	ldr	r1, [pc, #96]	@ (100080cc <xPortStartScheduler+0xc8>)
1000806c:	f442 027f 	orr.w	r2, r2, #16711680	@ 0xff0000
10008070:	f8c3 2d20 	str.w	r2, [r3, #3360]	@ 0xd20
10008074:	f8d3 2d20 	ldr.w	r2, [r3, #3360]	@ 0xd20
10008078:	f042 427f 	orr.w	r2, r2, #4278190080	@ 0xff000000
1000807c:	f8c3 2d20 	str.w	r2, [r3, #3360]	@ 0xd20
10008080:	f8c3 4d1c 	str.w	r4, [r3, #3356]	@ 0xd1c
10008084:	f7fe f87a 	bl	1000617c <exception_set_exclusive_handler>
10008088:	4911      	ldr	r1, [pc, #68]	@ (100080d0 <xPortStartScheduler+0xcc>)
1000808a:	200f      	movs	r0, #15
1000808c:	f7fe f876 	bl	1000617c <exception_set_exclusive_handler>
10008090:	4910      	ldr	r1, [pc, #64]	@ (100080d4 <xPortStartScheduler+0xd0>)
10008092:	200b      	movs	r0, #11
10008094:	f7fe f872 	bl	1000617c <exception_set_exclusive_handler>
10008098:	f7ff ff26 	bl	10007ee8 <vPortSetupTimerInterrupt>
1000809c:	f04f 4250 	mov.w	r2, #3489660928	@ 0xd0000000
100080a0:	490d      	ldr	r1, [pc, #52]	@ (100080d8 <xPortStartScheduler+0xd4>)
100080a2:	4b0e      	ldr	r3, [pc, #56]	@ (100080dc <xPortStartScheduler+0xd8>)
100080a4:	600c      	str	r4, [r1, #0]
100080a6:	6812      	ldr	r2, [r2, #0]
100080a8:	701a      	strb	r2, [r3, #0]
100080aa:	f000 f841 	bl	10008130 <vStartFirstTask>
100080ae:	f7ff fb15 	bl	100076dc <vTaskSwitchContext>
100080b2:	9403      	str	r4, [sp, #12]
100080b4:	f000 f844 	bl	10008140 <ulSetInterruptMask>
100080b8:	9b03      	ldr	r3, [sp, #12]
100080ba:	2b00      	cmp	r3, #0
100080bc:	d0fc      	beq.n	100080b8 <xPortStartScheduler+0xb4>
100080be:	2000      	movs	r0, #0
100080c0:	b004      	add	sp, #16
100080c2:	bd10      	pop	{r4, pc}
100080c4:	2200      	movs	r2, #0
100080c6:	e7c8      	b.n	1000805a <xPortStartScheduler+0x56>
100080c8:	200029a8 	.word	0x200029a8
100080cc:	10008169 	.word	0x10008169
100080d0:	10007ec5 	.word	0x10007ec5
100080d4:	100081e9 	.word	0x100081e9
100080d8:	200015b4 	.word	0x200015b4
100080dc:	200015b0 	.word	0x200015b0

100080e0 <prvRuntimeInitializer>:
100080e0:	b508      	push	{r3, lr}
100080e2:	f7f8 fca7 	bl	10000a34 <next_striped_spin_lock_num>
100080e6:	4b04      	ldr	r3, [pc, #16]	@ (100080f8 <prvRuntimeInitializer+0x18>)
100080e8:	4a04      	ldr	r2, [pc, #16]	@ (100080fc <prvRuntimeInitializer+0x1c>)
100080ea:	4403      	add	r3, r0
100080ec:	6013      	str	r3, [r2, #0]
100080ee:	f000 f887 	bl	10008200 <xEventGroupCreate>
100080f2:	4b03      	ldr	r3, [pc, #12]	@ (10008100 <prvRuntimeInitializer+0x20>)
100080f4:	6018      	str	r0, [r3, #0]
100080f6:	bd08      	pop	{r3, pc}
100080f8:	20002004 	.word	0x20002004
100080fc:	200028e0 	.word	0x200028e0
10008100:	20002a24 	.word	0x20002a24

10008104 <vRestoreContextOfFirstTask>:
10008104:	4a09      	ldr	r2, [pc, #36]	@ (1000812c <vRestoreContextOfFirstTask+0x28>)
10008106:	6811      	ldr	r1, [r2, #0]
10008108:	6808      	ldr	r0, [r1, #0]
1000810a:	c806      	ldmia	r0!, {r1, r2}
1000810c:	f381 880b 	msr	PSPLIM, r1
10008110:	2102      	movs	r1, #2
10008112:	f381 8814 	msr	CONTROL, r1
10008116:	3020      	adds	r0, #32
10008118:	f380 8809 	msr	PSP, r0
1000811c:	f3bf 8f6f 	isb	sy
10008120:	f04f 0000 	mov.w	r0, #0
10008124:	f380 8811 	msr	BASEPRI, r0
10008128:	4710      	bx	r2
1000812a:	0000      	.short	0x0000
1000812c:	200028e4 	.word	0x200028e4

10008130 <vStartFirstTask>:
10008130:	b662      	cpsie	i
10008132:	b661      	cpsie	f
10008134:	f3bf 8f4f 	dsb	sy
10008138:	f3bf 8f6f 	isb	sy
1000813c:	df66      	svc	102	@ 0x66
1000813e:	bf00      	nop

10008140 <ulSetInterruptMask>:
10008140:	f3ef 8011 	mrs	r0, BASEPRI
10008144:	f04f 0110 	mov.w	r1, #16
10008148:	f381 8811 	msr	BASEPRI, r1
1000814c:	f3bf 8f4f 	dsb	sy
10008150:	f3bf 8f6f 	isb	sy
10008154:	4770      	bx	lr
10008156:	bf00      	nop

10008158 <vClearInterruptMask>:
10008158:	f380 8811 	msr	BASEPRI, r0
1000815c:	f3bf 8f4f 	dsb	sy
10008160:	f3bf 8f6f 	isb	sy
10008164:	4770      	bx	lr
10008166:	bf00      	nop

10008168 <isr_pendsv>:
10008168:	f3ef 8109 	mrs	r1, PSP
1000816c:	f01e 0f10 	tst.w	lr, #16
10008170:	bf08      	it	eq
10008172:	ed21 8a10 	vstmdbeq	r1!, {s16-s31}
10008176:	f3ef 820b 	mrs	r2, PSPLIM
1000817a:	4673      	mov	r3, lr
1000817c:	e921 0ffc 	stmdb	r1!, {r2, r3, r4, r5, r6, r7, r8, r9, sl, fp}
10008180:	fc55 4408 	dcp_pxmd r4, r5
10008184:	fc57 6409 	dcp_pymd r6, r7
10008188:	fc59 840a 	dcp_pefd r8, r9
1000818c:	e901 03f0 	stmdb	r1, {r4, r5, r6, r7, r8, r9}
10008190:	4a14      	ldr	r2, [pc, #80]	@ (100081e4 <isr_pendsv+0x7c>)
10008192:	6813      	ldr	r3, [r2, #0]
10008194:	6019      	str	r1, [r3, #0]
10008196:	f04f 0110 	mov.w	r1, #16
1000819a:	f381 8811 	msr	BASEPRI, r1
1000819e:	f3bf 8f4f 	dsb	sy
100081a2:	f3bf 8f6f 	isb	sy
100081a6:	f7ff fa99 	bl	100076dc <vTaskSwitchContext>
100081aa:	f04f 0000 	mov.w	r0, #0
100081ae:	f380 8811 	msr	BASEPRI, r0
100081b2:	4a0c      	ldr	r2, [pc, #48]	@ (100081e4 <isr_pendsv+0x7c>)
100081b4:	6811      	ldr	r1, [r2, #0]
100081b6:	6808      	ldr	r0, [r1, #0]
100081b8:	3818      	subs	r0, #24
100081ba:	e8b0 03f0 	ldmia.w	r0!, {r4, r5, r6, r7, r8, r9}
100081be:	ec45 4400 	dcp_wxmd r4, r5
100081c2:	ec47 6401 	dcp_wymd r6, r7
100081c6:	ec49 8402 	dcp_wefd r8, r9
100081ca:	e8b0 0ffc 	ldmia.w	r0!, {r2, r3, r4, r5, r6, r7, r8, r9, sl, fp}
100081ce:	f013 0f10 	tst.w	r3, #16
100081d2:	bf08      	it	eq
100081d4:	ecb0 8a10 	vldmiaeq	r0!, {s16-s31}
100081d8:	f382 880b 	msr	PSPLIM, r2
100081dc:	f380 8809 	msr	PSP, r0
100081e0:	4718      	bx	r3
100081e2:	0000      	.short	0x0000
100081e4:	200028e4 	.word	0x200028e4

100081e8 <isr_svcall>:
100081e8:	f01e 0f04 	tst.w	lr, #4
100081ec:	bf0c      	ite	eq
100081ee:	f3ef 8008 	mrseq	r0, MSP
100081f2:	f3ef 8009 	mrsne	r0, PSP
100081f6:	4901      	ldr	r1, [pc, #4]	@ (100081fc <isr_svcall+0x14>)
100081f8:	4708      	bx	r1
100081fa:	0000      	.short	0x0000
100081fc:	10007f61 	.word	0x10007f61

10008200 <xEventGroupCreate>:
10008200:	b510      	push	{r4, lr}
10008202:	2018      	movs	r0, #24
10008204:	f7ff fe38 	bl	10007e78 <pvPortMalloc>
10008208:	4604      	mov	r4, r0
1000820a:	b120      	cbz	r0, 10008216 <xEventGroupCreate+0x16>
1000820c:	2300      	movs	r3, #0
1000820e:	f840 3b04 	str.w	r3, [r0], #4
10008212:	f000 f803 	bl	1000821c <vListInitialise>
10008216:	4620      	mov	r0, r4
10008218:	bd10      	pop	{r4, pc}
1000821a:	bf00      	nop

1000821c <vListInitialise>:
1000821c:	f04f 31ff 	mov.w	r1, #4294967295
10008220:	2200      	movs	r2, #0
10008222:	f100 0308 	add.w	r3, r0, #8
10008226:	e9c0 3101 	strd	r3, r1, [r0, #4]
1000822a:	e9c0 3303 	strd	r3, r3, [r0, #12]
1000822e:	6002      	str	r2, [r0, #0]
10008230:	4770      	bx	lr
10008232:	bf00      	nop

10008234 <vListInitialiseItem>:
10008234:	2300      	movs	r3, #0
10008236:	6103      	str	r3, [r0, #16]
10008238:	4770      	bx	lr
1000823a:	bf00      	nop

1000823c <vListInsertEnd>:
1000823c:	b410      	push	{r4}
1000823e:	e9d0 3200 	ldrd	r3, r2, [r0]
10008242:	6894      	ldr	r4, [r2, #8]
10008244:	3301      	adds	r3, #1
10008246:	e9c1 2401 	strd	r2, r4, [r1, #4]
1000824a:	6061      	str	r1, [r4, #4]
1000824c:	6091      	str	r1, [r2, #8]
1000824e:	f85d 4b04 	ldr.w	r4, [sp], #4
10008252:	6108      	str	r0, [r1, #16]
10008254:	6003      	str	r3, [r0, #0]
10008256:	4770      	bx	lr

10008258 <vListInsert>:
10008258:	b430      	push	{r4, r5}
1000825a:	680d      	ldr	r5, [r1, #0]
1000825c:	1c6b      	adds	r3, r5, #1
1000825e:	d010      	beq.n	10008282 <vListInsert+0x2a>
10008260:	f100 0308 	add.w	r3, r0, #8
10008264:	461c      	mov	r4, r3
10008266:	685b      	ldr	r3, [r3, #4]
10008268:	681a      	ldr	r2, [r3, #0]
1000826a:	42aa      	cmp	r2, r5
1000826c:	d9fa      	bls.n	10008264 <vListInsert+0xc>
1000826e:	6802      	ldr	r2, [r0, #0]
10008270:	604b      	str	r3, [r1, #4]
10008272:	3201      	adds	r2, #1
10008274:	6099      	str	r1, [r3, #8]
10008276:	608c      	str	r4, [r1, #8]
10008278:	6061      	str	r1, [r4, #4]
1000827a:	6108      	str	r0, [r1, #16]
1000827c:	bc30      	pop	{r4, r5}
1000827e:	6002      	str	r2, [r0, #0]
10008280:	4770      	bx	lr
10008282:	6904      	ldr	r4, [r0, #16]
10008284:	6863      	ldr	r3, [r4, #4]
10008286:	e7f2      	b.n	1000826e <vListInsert+0x16>

10008288 <uxListRemove>:
10008288:	4603      	mov	r3, r0
1000828a:	6902      	ldr	r2, [r0, #16]
1000828c:	b410      	push	{r4}
1000828e:	6854      	ldr	r4, [r2, #4]
10008290:	6840      	ldr	r0, [r0, #4]
10008292:	6899      	ldr	r1, [r3, #8]
10008294:	429c      	cmp	r4, r3
10008296:	6081      	str	r1, [r0, #8]
10008298:	6048      	str	r0, [r1, #4]
1000829a:	bf08      	it	eq
1000829c:	6051      	streq	r1, [r2, #4]
1000829e:	2100      	movs	r1, #0
100082a0:	6810      	ldr	r0, [r2, #0]
100082a2:	f85d 4b04 	ldr.w	r4, [sp], #4
100082a6:	3801      	subs	r0, #1
100082a8:	6119      	str	r1, [r3, #16]
100082aa:	6010      	str	r0, [r2, #0]
100082ac:	4770      	bx	lr
100082ae:	bf00      	nop

100082b0 <pwm_init_config>:
100082b0:	2800      	cmp	r0, #0
100082b2:	d03b      	beq.n	1000832c <pwm_init_config+0x7c>
100082b4:	b538      	push	{r3, r4, r5, lr}
100082b6:	4604      	mov	r4, r0
100082b8:	6800      	ldr	r0, [r0, #0]
100082ba:	281d      	cmp	r0, #29
100082bc:	d900      	bls.n	100082c0 <pwm_init_config+0x10>
100082be:	bd38      	pop	{r3, r4, r5, pc}
100082c0:	2104      	movs	r1, #4
100082c2:	f7f8 facd 	bl	10000860 <gpio_set_function>
100082c6:	edd4 7a04 	vldr	s15, [r4, #16]
100082ca:	eddf 6a19 	vldr	s13, [pc, #100]	@ 10008330 <pwm_init_config+0x80>
100082ce:	eef8 7a67 	vcvt.f32.u32	s15, s15
100082d2:	eeb3 7a00 	vmov.f32	s14, #48	@ 0x41800000  16.0
100082d6:	ee77 7aa6 	vadd.f32	s15, s15, s13
100082da:	ee67 7a87 	vmul.f32	s15, s15, s14
100082de:	2000      	movs	r0, #0
100082e0:	eefc 7ae7 	vcvt.u32.f32	s15, s15
100082e4:	6821      	ldr	r1, [r4, #0]
100082e6:	89a5      	ldrh	r5, [r4, #12]
100082e8:	084a      	lsrs	r2, r1, #1
100082ea:	291f      	cmp	r1, #31
100082ec:	bf8a      	itet	hi
100082ee:	f002 0203 	andhi.w	r2, r2, #3
100082f2:	f002 0207 	andls.w	r2, r2, #7
100082f6:	3208      	addhi	r2, #8
100082f8:	eb02 0382 	add.w	r3, r2, r2, lsl #2
100082fc:	009b      	lsls	r3, r3, #2
100082fe:	f001 0101 	and.w	r1, r1, #1
10008302:	e9c4 2101 	strd	r2, r1, [r4, #4]
10008306:	f103 4280 	add.w	r2, r3, #1073741824	@ 0x40000000
1000830a:	f502 2128 	add.w	r1, r2, #688128	@ 0xa8000
1000830e:	6008      	str	r0, [r1, #0]
10008310:	6088      	str	r0, [r1, #8]
10008312:	60c8      	str	r0, [r1, #12]
10008314:	610d      	str	r5, [r1, #16]
10008316:	edc1 7a01 	vstr	s15, [r1, #4]
1000831a:	6008      	str	r0, [r1, #0]
1000831c:	680b      	ldr	r3, [r1, #0]
1000831e:	f502 2229 	add.w	r2, r2, #692224	@ 0xa9000
10008322:	43db      	mvns	r3, r3
10008324:	f003 0301 	and.w	r3, r3, #1
10008328:	6013      	str	r3, [r2, #0]
1000832a:	bd38      	pop	{r3, r4, r5, pc}
1000832c:	4770      	bx	lr
1000832e:	bf00      	nop
10008330:	3d000000 	.word	0x3d000000

10008334 <lcd_send_byte>:
10008334:	e92d 47f0 	stmdb	sp!, {r4, r5, r6, r7, r8, r9, sl, lr}
10008338:	4684      	mov	ip, r0
1000833a:	460c      	mov	r4, r1
1000833c:	2500      	movs	r5, #0
1000833e:	f02c 080f 	bic.w	r8, ip, #15
10008342:	b264      	sxtb	r4, r4
10008344:	ea44 0808 	orr.w	r8, r4, r8
10008348:	4f38      	ldr	r7, [pc, #224]	@ (1000842c <lcd_send_byte+0xf8>)
1000834a:	4e39      	ldr	r6, [pc, #228]	@ (10008430 <lcd_send_byte+0xfc>)
1000834c:	fa4f f888 	sxtb.w	r8, r8
10008350:	b084      	sub	sp, #16
10008352:	f048 0a08 	orr.w	sl, r8, #8
10008356:	7839      	ldrb	r1, [r7, #0]
10008358:	f10d 020f 	add.w	r2, sp, #15
1000835c:	2301      	movs	r3, #1
1000835e:	6830      	ldr	r0, [r6, #0]
10008360:	fa5f fa8a 	uxtb.w	sl, sl
10008364:	9500      	str	r5, [sp, #0]
10008366:	ea44 140c 	orr.w	r4, r4, ip, lsl #4
1000836a:	f88d a00f 	strb.w	sl, [sp, #15]
1000836e:	f7fd fff1 	bl	10006354 <i2c_write_blocking>
10008372:	f44f 7016 	mov.w	r0, #600	@ 0x258
10008376:	2100      	movs	r1, #0
10008378:	f7f9 f902 	bl	10001580 <sleep_us>
1000837c:	9500      	str	r5, [sp, #0]
1000837e:	f10d 020f 	add.w	r2, sp, #15
10008382:	2301      	movs	r3, #1
10008384:	7839      	ldrb	r1, [r7, #0]
10008386:	6830      	ldr	r0, [r6, #0]
10008388:	f048 080c 	orr.w	r8, r8, #12
1000838c:	f88d 800f 	strb.w	r8, [sp, #15]
10008390:	f7fd ffe0 	bl	10006354 <i2c_write_blocking>
10008394:	f44f 7016 	mov.w	r0, #600	@ 0x258
10008398:	2100      	movs	r1, #0
1000839a:	f7f9 f8f1 	bl	10001580 <sleep_us>
1000839e:	9500      	str	r5, [sp, #0]
100083a0:	f10d 020f 	add.w	r2, sp, #15
100083a4:	2301      	movs	r3, #1
100083a6:	7839      	ldrb	r1, [r7, #0]
100083a8:	6830      	ldr	r0, [r6, #0]
100083aa:	b264      	sxtb	r4, r4
100083ac:	f88d a00f 	strb.w	sl, [sp, #15]
100083b0:	f7fd ffd0 	bl	10006354 <i2c_write_blocking>
100083b4:	f44f 7016 	mov.w	r0, #600	@ 0x258
100083b8:	2100      	movs	r1, #0
100083ba:	f7f9 f8e1 	bl	10001580 <sleep_us>
100083be:	f044 0908 	orr.w	r9, r4, #8
100083c2:	9500      	str	r5, [sp, #0]
100083c4:	f10d 020f 	add.w	r2, sp, #15
100083c8:	2301      	movs	r3, #1
100083ca:	7839      	ldrb	r1, [r7, #0]
100083cc:	fa5f f989 	uxtb.w	r9, r9
100083d0:	6830      	ldr	r0, [r6, #0]
100083d2:	f88d 900f 	strb.w	r9, [sp, #15]
100083d6:	f7fd ffbd 	bl	10006354 <i2c_write_blocking>
100083da:	f44f 7016 	mov.w	r0, #600	@ 0x258
100083de:	2100      	movs	r1, #0
100083e0:	f7f9 f8ce 	bl	10001580 <sleep_us>
100083e4:	9500      	str	r5, [sp, #0]
100083e6:	f10d 020f 	add.w	r2, sp, #15
100083ea:	2301      	movs	r3, #1
100083ec:	7839      	ldrb	r1, [r7, #0]
100083ee:	6830      	ldr	r0, [r6, #0]
100083f0:	f044 040c 	orr.w	r4, r4, #12
100083f4:	f88d 400f 	strb.w	r4, [sp, #15]
100083f8:	f7fd ffac 	bl	10006354 <i2c_write_blocking>
100083fc:	f44f 7016 	mov.w	r0, #600	@ 0x258
10008400:	2100      	movs	r1, #0
10008402:	f7f9 f8bd 	bl	10001580 <sleep_us>
10008406:	7839      	ldrb	r1, [r7, #0]
10008408:	6830      	ldr	r0, [r6, #0]
1000840a:	2301      	movs	r3, #1
1000840c:	f10d 020f 	add.w	r2, sp, #15
10008410:	9500      	str	r5, [sp, #0]
10008412:	f88d 900f 	strb.w	r9, [sp, #15]
10008416:	f7fd ff9d 	bl	10006354 <i2c_write_blocking>
1000841a:	f44f 7016 	mov.w	r0, #600	@ 0x258
1000841e:	2100      	movs	r1, #0
10008420:	b004      	add	sp, #16
10008422:	e8bd 47f0 	ldmia.w	sp!, {r4, r5, r6, r7, r8, r9, sl, lr}
10008426:	f7f9 b8ab 	b.w	10001580 <sleep_us>
1000842a:	bf00      	nop
1000842c:	20002a8f 	.word	0x20002a8f
10008430:	20002894 	.word	0x20002894

10008434 <lcd_clear>:
10008434:	2100      	movs	r1, #0
10008436:	2001      	movs	r0, #1
10008438:	f7ff bf7c 	b.w	10008334 <lcd_send_byte>

1000843c <lcd_set_cursor>:
1000843c:	b510      	push	{r4, lr}
1000843e:	4684      	mov	ip, r0
10008440:	b084      	sub	sp, #16
10008442:	468e      	mov	lr, r1
10008444:	4b08      	ldr	r3, [pc, #32]	@ (10008468 <lcd_set_cursor+0x2c>)
10008446:	ac04      	add	r4, sp, #16
10008448:	cb0f      	ldmia	r3, {r0, r1, r2, r3}
1000844a:	e904 000f 	stmdb	r4, {r0, r1, r2, r3}
1000844e:	2100      	movs	r1, #0
10008450:	eb04 0c8c 	add.w	ip, r4, ip, lsl #2
10008454:	f85c 0c10 	ldr.w	r0, [ip, #-16]
10008458:	3080      	adds	r0, #128	@ 0x80
1000845a:	4470      	add	r0, lr
1000845c:	b2c0      	uxtb	r0, r0
1000845e:	b004      	add	sp, #16
10008460:	e8bd 4010 	ldmia.w	sp!, {r4, lr}
10008464:	f7ff bf66 	b.w	10008334 <lcd_send_byte>
10008468:	10009798 	.word	0x10009798

1000846c <lcd_string>:
1000846c:	b510      	push	{r4, lr}
1000846e:	4604      	mov	r4, r0
10008470:	7800      	ldrb	r0, [r0, #0]
10008472:	b130      	cbz	r0, 10008482 <lcd_string+0x16>
10008474:	2101      	movs	r1, #1
10008476:	f7ff ff5d 	bl	10008334 <lcd_send_byte>
1000847a:	f814 0f01 	ldrb.w	r0, [r4, #1]!
1000847e:	2800      	cmp	r0, #0
10008480:	d1f8      	bne.n	10008474 <lcd_string+0x8>
10008482:	bd10      	pop	{r4, pc}

10008484 <lcd_init>:
10008484:	b538      	push	{r3, r4, r5, lr}
10008486:	460a      	mov	r2, r1
10008488:	4605      	mov	r5, r0
1000848a:	4b13      	ldr	r3, [pc, #76]	@ (100084d8 <lcd_init+0x54>)
1000848c:	4c13      	ldr	r4, [pc, #76]	@ (100084dc <lcd_init+0x58>)
1000848e:	2100      	movs	r1, #0
10008490:	2003      	movs	r0, #3
10008492:	701a      	strb	r2, [r3, #0]
10008494:	6025      	str	r5, [r4, #0]
10008496:	f7ff ff4d 	bl	10008334 <lcd_send_byte>
1000849a:	2100      	movs	r1, #0
1000849c:	2003      	movs	r0, #3
1000849e:	f7ff ff49 	bl	10008334 <lcd_send_byte>
100084a2:	2100      	movs	r1, #0
100084a4:	2003      	movs	r0, #3
100084a6:	f7ff ff45 	bl	10008334 <lcd_send_byte>
100084aa:	2100      	movs	r1, #0
100084ac:	2002      	movs	r0, #2
100084ae:	f7ff ff41 	bl	10008334 <lcd_send_byte>
100084b2:	2100      	movs	r1, #0
100084b4:	2006      	movs	r0, #6
100084b6:	f7ff ff3d 	bl	10008334 <lcd_send_byte>
100084ba:	2100      	movs	r1, #0
100084bc:	2028      	movs	r0, #40	@ 0x28
100084be:	f7ff ff39 	bl	10008334 <lcd_send_byte>
100084c2:	2100      	movs	r1, #0
100084c4:	200c      	movs	r0, #12
100084c6:	f7ff ff35 	bl	10008334 <lcd_send_byte>
100084ca:	e8bd 4038 	ldmia.w	sp!, {r3, r4, r5, lr}
100084ce:	2100      	movs	r1, #0
100084d0:	2001      	movs	r0, #1
100084d2:	f7ff bf2f 	b.w	10008334 <lcd_send_byte>
100084d6:	bf00      	nop
100084d8:	20002a8f 	.word	0x20002a8f
100084dc:	20002894 	.word	0x20002894

100084e0 <hc_sr04_init>:
100084e0:	4603      	mov	r3, r0
100084e2:	b570      	push	{r4, r5, r6, lr}
100084e4:	4608      	mov	r0, r1
100084e6:	e9c3 1200 	strd	r1, r2, [r3]
100084ea:	460c      	mov	r4, r1
100084ec:	4615      	mov	r5, r2
100084ee:	f7f8 f9f9 	bl	100008e4 <gpio_init>
100084f2:	f04f 0301 	mov.w	r3, #1
100084f6:	ec43 4044 	gpioc_bit_oe_put r4, r3
100084fa:	f04f 0600 	mov.w	r6, #0
100084fe:	ec46 4040 	gpioc_bit_out_put r4, r6
10008502:	4628      	mov	r0, r5
10008504:	f7f8 f9ee 	bl	100008e4 <gpio_init>
10008508:	ec46 5044 	gpioc_bit_oe_put r5, r6
1000850c:	bd70      	pop	{r4, r5, r6, pc}
1000850e:	bf00      	nop

10008510 <hc_sr04_get_distance_cm>:
10008510:	b570      	push	{r4, r5, r6, lr}
10008512:	6803      	ldr	r3, [r0, #0]
10008514:	2601      	movs	r6, #1
10008516:	4605      	mov	r5, r0
10008518:	ec46 3040 	gpioc_bit_out_put r3, r6
1000851c:	200a      	movs	r0, #10
1000851e:	2100      	movs	r1, #0
10008520:	f7f9 f82e 	bl	10001580 <sleep_us>
10008524:	f04f 0200 	mov.w	r2, #0
10008528:	682b      	ldr	r3, [r5, #0]
1000852a:	ec42 3040 	gpioc_bit_out_put r3, r2
1000852e:	4c2c      	ldr	r4, [pc, #176]	@ (100085e0 <hc_sr04_get_distance_cm+0xd0>)
10008530:	686b      	ldr	r3, [r5, #4]
10008532:	6aa1      	ldr	r1, [r4, #40]	@ 0x28
10008534:	f04f 4c50 	mov.w	ip, #3489660928	@ 0xd0000000
10008538:	f501 41ea 	add.w	r1, r1, #29952	@ 0x7500
1000853c:	fa06 f303 	lsl.w	r3, r6, r3
10008540:	3130      	adds	r1, #48	@ 0x30
10008542:	e002      	b.n	1000854a <hc_sr04_get_distance_cm+0x3a>
10008544:	6aa2      	ldr	r2, [r4, #40]	@ 0x28
10008546:	4291      	cmp	r1, r2
10008548:	d903      	bls.n	10008552 <hc_sr04_get_distance_cm+0x42>
1000854a:	f8dc 2004 	ldr.w	r2, [ip, #4]
1000854e:	421a      	tst	r2, r3
10008550:	d0f8      	beq.n	10008544 <hc_sr04_get_distance_cm+0x34>
10008552:	f04f 4450 	mov.w	r4, #3489660928	@ 0xd0000000
10008556:	6862      	ldr	r2, [r4, #4]
10008558:	4213      	tst	r3, r2
1000855a:	d038      	beq.n	100085ce <hc_sr04_get_distance_cm+0xbe>
1000855c:	4820      	ldr	r0, [pc, #128]	@ (100085e0 <hc_sr04_get_distance_cm+0xd0>)
1000855e:	6a85      	ldr	r5, [r0, #40]	@ 0x28
10008560:	6a81      	ldr	r1, [r0, #40]	@ 0x28
10008562:	f501 41ea 	add.w	r1, r1, #29952	@ 0x7500
10008566:	3130      	adds	r1, #48	@ 0x30
10008568:	e002      	b.n	10008570 <hc_sr04_get_distance_cm+0x60>
1000856a:	6a82      	ldr	r2, [r0, #40]	@ 0x28
1000856c:	4291      	cmp	r1, r2
1000856e:	d902      	bls.n	10008576 <hc_sr04_get_distance_cm+0x66>
10008570:	6862      	ldr	r2, [r4, #4]
10008572:	4213      	tst	r3, r2
10008574:	d1f9      	bne.n	1000856a <hc_sr04_get_distance_cm+0x5a>
10008576:	f04f 4250 	mov.w	r2, #3489660928	@ 0xd0000000
1000857a:	6852      	ldr	r2, [r2, #4]
1000857c:	4213      	tst	r3, r2
1000857e:	d126      	bne.n	100085ce <hc_sr04_get_distance_cm+0xbe>
10008580:	4b17      	ldr	r3, [pc, #92]	@ (100085e0 <hc_sr04_get_distance_cm+0xd0>)
10008582:	6a98      	ldr	r0, [r3, #40]	@ 0x28
10008584:	1b40      	subs	r0, r0, r5
10008586:	f7f9 fc47 	bl	10001e18 <__wrap___aeabi_ui2d>
1000858a:	a313      	add	r3, pc, #76	@ (adr r3, 100085d8 <hc_sr04_get_distance_cm+0xc8>)
1000858c:	e9d3 2300 	ldrd	r2, r3, [r3]
10008590:	f7f9 fbae 	bl	10001cf0 <__wrap___aeabi_dmul>
10008594:	2200      	movs	r2, #0
10008596:	4b13      	ldr	r3, [pc, #76]	@ (100085e4 <hc_sr04_get_distance_cm+0xd4>)
10008598:	f7f9 fbaa 	bl	10001cf0 <__wrap___aeabi_dmul>
1000859c:	f7f9 fc1c 	bl	10001dd8 <__wrap___aeabi_d2f>
100085a0:	eef0 7a00 	vmov.f32	s15, #0	@ 0x40000000  2.0
100085a4:	ee07 0a10 	vmov	s14, r0
100085a8:	eeb4 7ae7 	vcmpe.f32	s14, s15
100085ac:	eef1 fa10 	vmrs	APSR_nzcv, fpscr
100085b0:	db0d      	blt.n	100085ce <hc_sr04_get_distance_cm+0xbe>
100085b2:	ee06 0a90 	vmov	s13, r0
100085b6:	ed9f 7a0c 	vldr	s14, [pc, #48]	@ 100085e8 <hc_sr04_get_distance_cm+0xd8>
100085ba:	eef4 6ac7 	vcmpe.f32	s13, s14
100085be:	eeff 7a00 	vmov.f32	s15, #240	@ 0xbf800000 -1.0
100085c2:	eef1 fa10 	vmrs	APSR_nzcv, fpscr
100085c6:	bf88      	it	hi
100085c8:	ee17 0a90 	vmovhi	r0, s15
100085cc:	bd70      	pop	{r4, r5, r6, pc}
100085ce:	4807      	ldr	r0, [pc, #28]	@ (100085ec <hc_sr04_get_distance_cm+0xdc>)
100085d0:	bd70      	pop	{r4, r5, r6, pc}
100085d2:	bf00      	nop
100085d4:	f3af 8000 	nop.w
100085d8:	04816f00 	.word	0x04816f00
100085dc:	3fa18fc5 	.word	0x3fa18fc5
100085e0:	400b0000 	.word	0x400b0000
100085e4:	3fe00000 	.word	0x3fe00000
100085e8:	43c80000 	.word	0x43c80000
100085ec:	bf800000 	.word	0xbf800000

100085f0 <malloc>:
100085f0:	4b02      	ldr	r3, [pc, #8]	@ (100085fc <malloc+0xc>)
100085f2:	4601      	mov	r1, r0
100085f4:	6818      	ldr	r0, [r3, #0]
100085f6:	f000 b80b 	b.w	10008610 <_malloc_r>
100085fa:	bf00      	nop
100085fc:	200019c8 	.word	0x200019c8

10008600 <free>:
10008600:	4b02      	ldr	r3, [pc, #8]	@ (1000860c <free+0xc>)
10008602:	4601      	mov	r1, r0
10008604:	6818      	ldr	r0, [r3, #0]
10008606:	f000 bc43 	b.w	10008e90 <_free_r>
1000860a:	bf00      	nop
1000860c:	200019c8 	.word	0x200019c8

10008610 <_malloc_r>:
10008610:	f101 030b 	add.w	r3, r1, #11
10008614:	2b16      	cmp	r3, #22
10008616:	e92d 4ff0 	stmdb	sp!, {r4, r5, r6, r7, r8, r9, sl, fp, lr}
1000861a:	4607      	mov	r7, r0
1000861c:	b083      	sub	sp, #12
1000861e:	d823      	bhi.n	10008668 <_malloc_r+0x58>
10008620:	2910      	cmp	r1, #16
10008622:	f200 80af 	bhi.w	10008784 <_malloc_r+0x174>
10008626:	f000 faaf 	bl	10008b88 <__malloc_lock>
1000862a:	2510      	movs	r5, #16
1000862c:	2318      	movs	r3, #24
1000862e:	2002      	movs	r0, #2
10008630:	4eba      	ldr	r6, [pc, #744]	@ (1000891c <_malloc_r+0x30c>)
10008632:	4433      	add	r3, r6
10008634:	685c      	ldr	r4, [r3, #4]
10008636:	f1a3 0208 	sub.w	r2, r3, #8
1000863a:	4294      	cmp	r4, r2
1000863c:	f000 8156 	beq.w	100088ec <_malloc_r+0x2dc>
10008640:	6863      	ldr	r3, [r4, #4]
10008642:	4638      	mov	r0, r7
10008644:	f023 0303 	bic.w	r3, r3, #3
10008648:	e9d4 1202 	ldrd	r1, r2, [r4, #8]
1000864c:	4423      	add	r3, r4
1000864e:	60ca      	str	r2, [r1, #12]
10008650:	6091      	str	r1, [r2, #8]
10008652:	685a      	ldr	r2, [r3, #4]
10008654:	3408      	adds	r4, #8
10008656:	f042 0201 	orr.w	r2, r2, #1
1000865a:	605a      	str	r2, [r3, #4]
1000865c:	f000 fa9a 	bl	10008b94 <__malloc_unlock>
10008660:	4620      	mov	r0, r4
10008662:	b003      	add	sp, #12
10008664:	e8bd 8ff0 	ldmia.w	sp!, {r4, r5, r6, r7, r8, r9, sl, fp, pc}
10008668:	2b00      	cmp	r3, #0
1000866a:	f023 0507 	bic.w	r5, r3, #7
1000866e:	f2c0 8089 	blt.w	10008784 <_malloc_r+0x174>
10008672:	42a9      	cmp	r1, r5
10008674:	f200 8086 	bhi.w	10008784 <_malloc_r+0x174>
10008678:	f000 fa86 	bl	10008b88 <__malloc_lock>
1000867c:	f5b5 7ffc 	cmp.w	r5, #504	@ 0x1f8
10008680:	f0c0 827b 	bcc.w	10008b7a <_malloc_r+0x56a>
10008684:	0a6b      	lsrs	r3, r5, #9
10008686:	f000 8084 	beq.w	10008792 <_malloc_r+0x182>
1000868a:	2b04      	cmp	r3, #4
1000868c:	f200 8162 	bhi.w	10008954 <_malloc_r+0x344>
10008690:	09ab      	lsrs	r3, r5, #6
10008692:	f103 0039 	add.w	r0, r3, #57	@ 0x39
10008696:	f103 0e38 	add.w	lr, r3, #56	@ 0x38
1000869a:	00c3      	lsls	r3, r0, #3
1000869c:	4e9f      	ldr	r6, [pc, #636]	@ (1000891c <_malloc_r+0x30c>)
1000869e:	4433      	add	r3, r6
100086a0:	f1a3 0c08 	sub.w	ip, r3, #8
100086a4:	685c      	ldr	r4, [r3, #4]
100086a6:	45a4      	cmp	ip, r4
100086a8:	d107      	bne.n	100086ba <_malloc_r+0xaa>
100086aa:	e00d      	b.n	100086c8 <_malloc_r+0xb8>
100086ac:	2a00      	cmp	r2, #0
100086ae:	68e1      	ldr	r1, [r4, #12]
100086b0:	f280 8116 	bge.w	100088e0 <_malloc_r+0x2d0>
100086b4:	458c      	cmp	ip, r1
100086b6:	460c      	mov	r4, r1
100086b8:	d006      	beq.n	100086c8 <_malloc_r+0xb8>
100086ba:	6863      	ldr	r3, [r4, #4]
100086bc:	f023 0303 	bic.w	r3, r3, #3
100086c0:	1b5a      	subs	r2, r3, r5
100086c2:	2a0f      	cmp	r2, #15
100086c4:	ddf2      	ble.n	100086ac <_malloc_r+0x9c>
100086c6:	4670      	mov	r0, lr
100086c8:	f8df 8268 	ldr.w	r8, [pc, #616]	@ 10008934 <_malloc_r+0x324>
100086cc:	6934      	ldr	r4, [r6, #16]
100086ce:	4544      	cmp	r4, r8
100086d0:	f000 80f2 	beq.w	100088b8 <_malloc_r+0x2a8>
100086d4:	6863      	ldr	r3, [r4, #4]
100086d6:	f023 0c03 	bic.w	ip, r3, #3
100086da:	ebac 0305 	sub.w	r3, ip, r5
100086de:	2b0f      	cmp	r3, #15
100086e0:	f300 8174 	bgt.w	100089cc <_malloc_r+0x3bc>
100086e4:	2b00      	cmp	r3, #0
100086e6:	e9c6 8804 	strd	r8, r8, [r6, #16]
100086ea:	f280 8163 	bge.w	100089b4 <_malloc_r+0x3a4>
100086ee:	f5bc 7f00 	cmp.w	ip, #512	@ 0x200
100086f2:	f8d6 e004 	ldr.w	lr, [r6, #4]
100086f6:	f080 80ff 	bcs.w	100088f8 <_malloc_r+0x2e8>
100086fa:	ea4f 03dc 	mov.w	r3, ip, lsr #3
100086fe:	2201      	movs	r2, #1
10008700:	ea4f 1c5c 	mov.w	ip, ip, lsr #5
10008704:	3301      	adds	r3, #1
10008706:	fa02 f20c 	lsl.w	r2, r2, ip
1000870a:	f856 1033 	ldr.w	r1, [r6, r3, lsl #3]
1000870e:	ea4e 0e02 	orr.w	lr, lr, r2
10008712:	eb06 02c3 	add.w	r2, r6, r3, lsl #3
10008716:	3a08      	subs	r2, #8
10008718:	f8c6 e004 	str.w	lr, [r6, #4]
1000871c:	e9c4 1202 	strd	r1, r2, [r4, #8]
10008720:	f846 4033 	str.w	r4, [r6, r3, lsl #3]
10008724:	60cc      	str	r4, [r1, #12]
10008726:	1083      	asrs	r3, r0, #2
10008728:	f04f 0c01 	mov.w	ip, #1
1000872c:	fa0c fc03 	lsl.w	ip, ip, r3
10008730:	45f4      	cmp	ip, lr
10008732:	d834      	bhi.n	1000879e <_malloc_r+0x18e>
10008734:	ea1c 0f0e 	tst.w	ip, lr
10008738:	d107      	bne.n	1000874a <_malloc_r+0x13a>
1000873a:	f020 0003 	bic.w	r0, r0, #3
1000873e:	ea4f 0c4c 	mov.w	ip, ip, lsl #1
10008742:	3004      	adds	r0, #4
10008744:	ea1c 0f0e 	tst.w	ip, lr
10008748:	d0f9      	beq.n	1000873e <_malloc_r+0x12e>
1000874a:	eb06 0ac0 	add.w	sl, r6, r0, lsl #3
1000874e:	4681      	mov	r9, r0
10008750:	46d6      	mov	lr, sl
10008752:	f8de 300c 	ldr.w	r3, [lr, #12]
10008756:	e00b      	b.n	10008770 <_malloc_r+0x160>
10008758:	685a      	ldr	r2, [r3, #4]
1000875a:	461c      	mov	r4, r3
1000875c:	68db      	ldr	r3, [r3, #12]
1000875e:	f022 0203 	bic.w	r2, r2, #3
10008762:	1b51      	subs	r1, r2, r5
10008764:	290f      	cmp	r1, #15
10008766:	f300 8101 	bgt.w	1000896c <_malloc_r+0x35c>
1000876a:	2900      	cmp	r1, #0
1000876c:	f280 8115 	bge.w	1000899a <_malloc_r+0x38a>
10008770:	459e      	cmp	lr, r3
10008772:	d1f1      	bne.n	10008758 <_malloc_r+0x148>
10008774:	f109 0901 	add.w	r9, r9, #1
10008778:	f10e 0e08 	add.w	lr, lr, #8
1000877c:	f019 0f03 	tst.w	r9, #3
10008780:	d1e7      	bne.n	10008752 <_malloc_r+0x142>
10008782:	e158      	b.n	10008a36 <_malloc_r+0x426>
10008784:	230c      	movs	r3, #12
10008786:	603b      	str	r3, [r7, #0]
10008788:	2400      	movs	r4, #0
1000878a:	4620      	mov	r0, r4
1000878c:	b003      	add	sp, #12
1000878e:	e8bd 8ff0 	ldmia.w	sp!, {r4, r5, r6, r7, r8, r9, sl, fp, pc}
10008792:	f44f 7300 	mov.w	r3, #512	@ 0x200
10008796:	2040      	movs	r0, #64	@ 0x40
10008798:	f04f 0e3f 	mov.w	lr, #63	@ 0x3f
1000879c:	e77e      	b.n	1000869c <_malloc_r+0x8c>
1000879e:	68b4      	ldr	r4, [r6, #8]
100087a0:	6863      	ldr	r3, [r4, #4]
100087a2:	f023 0903 	bic.w	r9, r3, #3
100087a6:	45a9      	cmp	r9, r5
100087a8:	eba9 0305 	sub.w	r3, r9, r5
100087ac:	d302      	bcc.n	100087b4 <_malloc_r+0x1a4>
100087ae:	2b0f      	cmp	r3, #15
100087b0:	f300 8085 	bgt.w	100088be <_malloc_r+0x2ae>
100087b4:	4b5a      	ldr	r3, [pc, #360]	@ (10008920 <_malloc_r+0x310>)
100087b6:	2008      	movs	r0, #8
100087b8:	681b      	ldr	r3, [r3, #0]
100087ba:	f103 0810 	add.w	r8, r3, #16
100087be:	eb04 0309 	add.w	r3, r4, r9
100087c2:	9300      	str	r3, [sp, #0]
100087c4:	f000 fa56 	bl	10008c74 <sysconf>
100087c8:	4a56      	ldr	r2, [pc, #344]	@ (10008924 <_malloc_r+0x314>)
100087ca:	44a8      	add	r8, r5
100087cc:	4683      	mov	fp, r0
100087ce:	6813      	ldr	r3, [r2, #0]
100087d0:	3301      	adds	r3, #1
100087d2:	d005      	beq.n	100087e0 <_malloc_r+0x1d0>
100087d4:	f108 38ff 	add.w	r8, r8, #4294967295
100087d8:	4243      	negs	r3, r0
100087da:	4480      	add	r8, r0
100087dc:	ea03 0808 	and.w	r8, r3, r8
100087e0:	4641      	mov	r1, r8
100087e2:	4638      	mov	r0, r7
100087e4:	f000 fa2a 	bl	10008c3c <_sbrk_r>
100087e8:	f1b0 3fff 	cmp.w	r0, #4294967295
100087ec:	4682      	mov	sl, r0
100087ee:	4a4d      	ldr	r2, [pc, #308]	@ (10008924 <_malloc_r+0x314>)
100087f0:	f000 8107 	beq.w	10008a02 <_malloc_r+0x3f2>
100087f4:	eb04 0309 	add.w	r3, r4, r9
100087f8:	4283      	cmp	r3, r0
100087fa:	f200 8100 	bhi.w	100089fe <_malloc_r+0x3ee>
100087fe:	4b4a      	ldr	r3, [pc, #296]	@ (10008928 <_malloc_r+0x318>)
10008800:	f10b 3cff 	add.w	ip, fp, #4294967295
10008804:	6818      	ldr	r0, [r3, #0]
10008806:	4440      	add	r0, r8
10008808:	6018      	str	r0, [r3, #0]
1000880a:	f000 8164 	beq.w	10008ad6 <_malloc_r+0x4c6>
1000880e:	6811      	ldr	r1, [r2, #0]
10008810:	3101      	adds	r1, #1
10008812:	f000 816c 	beq.w	10008aee <_malloc_r+0x4de>
10008816:	eb04 0209 	add.w	r2, r4, r9
1000881a:	ebaa 0202 	sub.w	r2, sl, r2
1000881e:	4402      	add	r2, r0
10008820:	601a      	str	r2, [r3, #0]
10008822:	f01a 0207 	ands.w	r2, sl, #7
10008826:	e9cd 2300 	strd	r2, r3, [sp]
1000882a:	f000 8127 	beq.w	10008a7c <_malloc_r+0x46c>
1000882e:	f1c2 0208 	rsb	r2, r2, #8
10008832:	4638      	mov	r0, r7
10008834:	4492      	add	sl, r2
10008836:	445a      	add	r2, fp
10008838:	44d0      	add	r8, sl
1000883a:	ea08 010c 	and.w	r1, r8, ip
1000883e:	1a52      	subs	r2, r2, r1
10008840:	ea02 0b0c 	and.w	fp, r2, ip
10008844:	4659      	mov	r1, fp
10008846:	f000 f9f9 	bl	10008c3c <_sbrk_r>
1000884a:	1c42      	adds	r2, r0, #1
1000884c:	9b01      	ldr	r3, [sp, #4]
1000884e:	f000 816a 	beq.w	10008b26 <_malloc_r+0x516>
10008852:	eba0 000a 	sub.w	r0, r0, sl
10008856:	eb00 080b 	add.w	r8, r0, fp
1000885a:	6818      	ldr	r0, [r3, #0]
1000885c:	f048 0201 	orr.w	r2, r8, #1
10008860:	42b4      	cmp	r4, r6
10008862:	f8c6 a008 	str.w	sl, [r6, #8]
10008866:	4458      	add	r0, fp
10008868:	f8ca 2004 	str.w	r2, [sl, #4]
1000886c:	6018      	str	r0, [r3, #0]
1000886e:	d017      	beq.n	100088a0 <_malloc_r+0x290>
10008870:	f1b9 0f0f 	cmp.w	r9, #15
10008874:	f240 813e 	bls.w	10008af4 <_malloc_r+0x4e4>
10008878:	6861      	ldr	r1, [r4, #4]
1000887a:	f1a9 020c 	sub.w	r2, r9, #12
1000887e:	f04f 0c05 	mov.w	ip, #5
10008882:	f022 0207 	bic.w	r2, r2, #7
10008886:	f001 0101 	and.w	r1, r1, #1
1000888a:	4311      	orrs	r1, r2
1000888c:	2a0f      	cmp	r2, #15
1000888e:	6061      	str	r1, [r4, #4]
10008890:	eb04 0102 	add.w	r1, r4, r2
10008894:	e9c1 cc01 	strd	ip, ip, [r1, #4]
10008898:	f200 814d 	bhi.w	10008b36 <_malloc_r+0x526>
1000889c:	f8da 2004 	ldr.w	r2, [sl, #4]
100088a0:	4b22      	ldr	r3, [pc, #136]	@ (1000892c <_malloc_r+0x31c>)
100088a2:	4654      	mov	r4, sl
100088a4:	6819      	ldr	r1, [r3, #0]
100088a6:	4281      	cmp	r1, r0
100088a8:	bf38      	it	cc
100088aa:	6018      	strcc	r0, [r3, #0]
100088ac:	4b20      	ldr	r3, [pc, #128]	@ (10008930 <_malloc_r+0x320>)
100088ae:	6819      	ldr	r1, [r3, #0]
100088b0:	4281      	cmp	r1, r0
100088b2:	bf38      	it	cc
100088b4:	6018      	strcc	r0, [r3, #0]
100088b6:	e0a6      	b.n	10008a06 <_malloc_r+0x3f6>
100088b8:	f8d6 e004 	ldr.w	lr, [r6, #4]
100088bc:	e733      	b.n	10008726 <_malloc_r+0x116>
100088be:	1962      	adds	r2, r4, r5
100088c0:	f045 0501 	orr.w	r5, r5, #1
100088c4:	f043 0301 	orr.w	r3, r3, #1
100088c8:	3408      	adds	r4, #8
100088ca:	f844 5c04 	str.w	r5, [r4, #-4]
100088ce:	4638      	mov	r0, r7
100088d0:	60b2      	str	r2, [r6, #8]
100088d2:	6053      	str	r3, [r2, #4]
100088d4:	f000 f95e 	bl	10008b94 <__malloc_unlock>
100088d8:	4620      	mov	r0, r4
100088da:	b003      	add	sp, #12
100088dc:	e8bd 8ff0 	ldmia.w	sp!, {r4, r5, r6, r7, r8, r9, sl, fp, pc}
100088e0:	68a2      	ldr	r2, [r4, #8]
100088e2:	4423      	add	r3, r4
100088e4:	4638      	mov	r0, r7
100088e6:	60d1      	str	r1, [r2, #12]
100088e8:	608a      	str	r2, [r1, #8]
100088ea:	e6b2      	b.n	10008652 <_malloc_r+0x42>
100088ec:	68dc      	ldr	r4, [r3, #12]
100088ee:	42a3      	cmp	r3, r4
100088f0:	f47f aea6 	bne.w	10008640 <_malloc_r+0x30>
100088f4:	3002      	adds	r0, #2
100088f6:	e6e7      	b.n	100086c8 <_malloc_r+0xb8>
100088f8:	f5bc 6f20 	cmp.w	ip, #2560	@ 0xa00
100088fc:	ea4f 225c 	mov.w	r2, ip, lsr #9
10008900:	d376      	bcc.n	100089f0 <_malloc_r+0x3e0>
10008902:	2a14      	cmp	r2, #20
10008904:	f200 80cd 	bhi.w	10008aa2 <_malloc_r+0x492>
10008908:	f102 035c 	add.w	r3, r2, #92	@ 0x5c
1000890c:	325b      	adds	r2, #91	@ 0x5b
1000890e:	00db      	lsls	r3, r3, #3
10008910:	18f1      	adds	r1, r6, r3
10008912:	58f3      	ldr	r3, [r6, r3]
10008914:	3908      	subs	r1, #8
10008916:	4299      	cmp	r1, r3
10008918:	d111      	bne.n	1000893e <_malloc_r+0x32e>
1000891a:	e0a5      	b.n	10008a68 <_malloc_r+0x458>
1000891c:	200015c0 	.word	0x200015c0
10008920:	20001d24 	.word	0x20001d24
10008924:	200015b8 	.word	0x200015b8
10008928:	20001cf4 	.word	0x20001cf4
1000892c:	20001d1c 	.word	0x20001d1c
10008930:	20001d20 	.word	0x20001d20
10008934:	200015c8 	.word	0x200015c8
10008938:	689b      	ldr	r3, [r3, #8]
1000893a:	4299      	cmp	r1, r3
1000893c:	d004      	beq.n	10008948 <_malloc_r+0x338>
1000893e:	685a      	ldr	r2, [r3, #4]
10008940:	f022 0203 	bic.w	r2, r2, #3
10008944:	4562      	cmp	r2, ip
10008946:	d8f7      	bhi.n	10008938 <_malloc_r+0x328>
10008948:	68d9      	ldr	r1, [r3, #12]
1000894a:	e9c4 3102 	strd	r3, r1, [r4, #8]
1000894e:	608c      	str	r4, [r1, #8]
10008950:	60dc      	str	r4, [r3, #12]
10008952:	e6e8      	b.n	10008726 <_malloc_r+0x116>
10008954:	2b14      	cmp	r3, #20
10008956:	d963      	bls.n	10008a20 <_malloc_r+0x410>
10008958:	2b54      	cmp	r3, #84	@ 0x54
1000895a:	f200 80ab 	bhi.w	10008ab4 <_malloc_r+0x4a4>
1000895e:	0b2b      	lsrs	r3, r5, #12
10008960:	f103 006f 	add.w	r0, r3, #111	@ 0x6f
10008964:	f103 0e6e 	add.w	lr, r3, #110	@ 0x6e
10008968:	00c3      	lsls	r3, r0, #3
1000896a:	e697      	b.n	1000869c <_malloc_r+0x8c>
1000896c:	f8d4 c008 	ldr.w	ip, [r4, #8]
10008970:	4638      	mov	r0, r7
10008972:	1967      	adds	r7, r4, r5
10008974:	f045 0501 	orr.w	r5, r5, #1
10008978:	6065      	str	r5, [r4, #4]
1000897a:	f8cc 300c 	str.w	r3, [ip, #12]
1000897e:	f8c3 c008 	str.w	ip, [r3, #8]
10008982:	f041 0301 	orr.w	r3, r1, #1
10008986:	e9c6 7704 	strd	r7, r7, [r6, #16]
1000898a:	e9c7 8802 	strd	r8, r8, [r7, #8]
1000898e:	607b      	str	r3, [r7, #4]
10008990:	50a1      	str	r1, [r4, r2]
10008992:	3408      	adds	r4, #8
10008994:	f000 f8fe 	bl	10008b94 <__malloc_unlock>
10008998:	e6f7      	b.n	1000878a <_malloc_r+0x17a>
1000899a:	4422      	add	r2, r4
1000899c:	4638      	mov	r0, r7
1000899e:	6851      	ldr	r1, [r2, #4]
100089a0:	f041 0101 	orr.w	r1, r1, #1
100089a4:	6051      	str	r1, [r2, #4]
100089a6:	f854 2f08 	ldr.w	r2, [r4, #8]!
100089aa:	60d3      	str	r3, [r2, #12]
100089ac:	609a      	str	r2, [r3, #8]
100089ae:	f000 f8f1 	bl	10008b94 <__malloc_unlock>
100089b2:	e6ea      	b.n	1000878a <_malloc_r+0x17a>
100089b4:	44a4      	add	ip, r4
100089b6:	4638      	mov	r0, r7
100089b8:	3408      	adds	r4, #8
100089ba:	f8dc 3004 	ldr.w	r3, [ip, #4]
100089be:	f043 0301 	orr.w	r3, r3, #1
100089c2:	f8cc 3004 	str.w	r3, [ip, #4]
100089c6:	f000 f8e5 	bl	10008b94 <__malloc_unlock>
100089ca:	e6de      	b.n	1000878a <_malloc_r+0x17a>
100089cc:	1962      	adds	r2, r4, r5
100089ce:	f043 0101 	orr.w	r1, r3, #1
100089d2:	f045 0501 	orr.w	r5, r5, #1
100089d6:	4638      	mov	r0, r7
100089d8:	6065      	str	r5, [r4, #4]
100089da:	e9c6 2204 	strd	r2, r2, [r6, #16]
100089de:	e9c2 8802 	strd	r8, r8, [r2, #8]
100089e2:	6051      	str	r1, [r2, #4]
100089e4:	f844 300c 	str.w	r3, [r4, ip]
100089e8:	3408      	adds	r4, #8
100089ea:	f000 f8d3 	bl	10008b94 <__malloc_unlock>
100089ee:	e6cc      	b.n	1000878a <_malloc_r+0x17a>
100089f0:	ea4f 129c 	mov.w	r2, ip, lsr #6
100089f4:	f102 0339 	add.w	r3, r2, #57	@ 0x39
100089f8:	3238      	adds	r2, #56	@ 0x38
100089fa:	00db      	lsls	r3, r3, #3
100089fc:	e788      	b.n	10008910 <_malloc_r+0x300>
100089fe:	42b4      	cmp	r4, r6
10008a00:	d062      	beq.n	10008ac8 <_malloc_r+0x4b8>
10008a02:	68b4      	ldr	r4, [r6, #8]
10008a04:	6862      	ldr	r2, [r4, #4]
10008a06:	f022 0803 	bic.w	r8, r2, #3
10008a0a:	45a8      	cmp	r8, r5
10008a0c:	eba8 0305 	sub.w	r3, r8, r5
10008a10:	d302      	bcc.n	10008a18 <_malloc_r+0x408>
10008a12:	2b0f      	cmp	r3, #15
10008a14:	f73f af53 	bgt.w	100088be <_malloc_r+0x2ae>
10008a18:	4638      	mov	r0, r7
10008a1a:	f000 f8bb 	bl	10008b94 <__malloc_unlock>
10008a1e:	e6b3      	b.n	10008788 <_malloc_r+0x178>
10008a20:	f103 005c 	add.w	r0, r3, #92	@ 0x5c
10008a24:	f103 0e5b 	add.w	lr, r3, #91	@ 0x5b
10008a28:	00c3      	lsls	r3, r0, #3
10008a2a:	e637      	b.n	1000869c <_malloc_r+0x8c>
10008a2c:	f85a 3908 	ldr.w	r3, [sl], #-8
10008a30:	4553      	cmp	r3, sl
10008a32:	f040 80a0 	bne.w	10008b76 <_malloc_r+0x566>
10008a36:	f010 0f03 	tst.w	r0, #3
10008a3a:	f100 30ff 	add.w	r0, r0, #4294967295
10008a3e:	d1f5      	bne.n	10008a2c <_malloc_r+0x41c>
10008a40:	6873      	ldr	r3, [r6, #4]
10008a42:	ea23 030c 	bic.w	r3, r3, ip
10008a46:	6073      	str	r3, [r6, #4]
10008a48:	ea4f 0c4c 	mov.w	ip, ip, lsl #1
10008a4c:	f10c 32ff 	add.w	r2, ip, #4294967295
10008a50:	429a      	cmp	r2, r3
10008a52:	d304      	bcc.n	10008a5e <_malloc_r+0x44e>
10008a54:	e6a3      	b.n	1000879e <_malloc_r+0x18e>
10008a56:	ea4f 0c4c 	mov.w	ip, ip, lsl #1
10008a5a:	f109 0904 	add.w	r9, r9, #4
10008a5e:	ea1c 0f03 	tst.w	ip, r3
10008a62:	d0f8      	beq.n	10008a56 <_malloc_r+0x446>
10008a64:	4648      	mov	r0, r9
10008a66:	e670      	b.n	1000874a <_malloc_r+0x13a>
10008a68:	1092      	asrs	r2, r2, #2
10008a6a:	f04f 0c01 	mov.w	ip, #1
10008a6e:	fa0c f202 	lsl.w	r2, ip, r2
10008a72:	ea4e 0e02 	orr.w	lr, lr, r2
10008a76:	f8c6 e004 	str.w	lr, [r6, #4]
10008a7a:	e766      	b.n	1000894a <_malloc_r+0x33a>
10008a7c:	eb0a 0208 	add.w	r2, sl, r8
10008a80:	4638      	mov	r0, r7
10008a82:	ea02 020c 	and.w	r2, r2, ip
10008a86:	ebab 0b02 	sub.w	fp, fp, r2
10008a8a:	ea0b 0b0c 	and.w	fp, fp, ip
10008a8e:	4659      	mov	r1, fp
10008a90:	f000 f8d4 	bl	10008c3c <_sbrk_r>
10008a94:	1c43      	adds	r3, r0, #1
10008a96:	9b01      	ldr	r3, [sp, #4]
10008a98:	f47f aedb 	bne.w	10008852 <_malloc_r+0x242>
10008a9c:	f8dd b000 	ldr.w	fp, [sp]
10008aa0:	e6db      	b.n	1000885a <_malloc_r+0x24a>
10008aa2:	2a54      	cmp	r2, #84	@ 0x54
10008aa4:	d82a      	bhi.n	10008afc <_malloc_r+0x4ec>
10008aa6:	ea4f 321c 	mov.w	r2, ip, lsr #12
10008aaa:	f102 036f 	add.w	r3, r2, #111	@ 0x6f
10008aae:	326e      	adds	r2, #110	@ 0x6e
10008ab0:	00db      	lsls	r3, r3, #3
10008ab2:	e72d      	b.n	10008910 <_malloc_r+0x300>
10008ab4:	f5b3 7faa 	cmp.w	r3, #340	@ 0x154
10008ab8:	d82a      	bhi.n	10008b10 <_malloc_r+0x500>
10008aba:	0beb      	lsrs	r3, r5, #15
10008abc:	f103 0078 	add.w	r0, r3, #120	@ 0x78
10008ac0:	f103 0e77 	add.w	lr, r3, #119	@ 0x77
10008ac4:	00c3      	lsls	r3, r0, #3
10008ac6:	e5e9      	b.n	1000869c <_malloc_r+0x8c>
10008ac8:	4b2e      	ldr	r3, [pc, #184]	@ (10008b84 <_malloc_r+0x574>)
10008aca:	f10b 3cff 	add.w	ip, fp, #4294967295
10008ace:	6818      	ldr	r0, [r3, #0]
10008ad0:	4440      	add	r0, r8
10008ad2:	6018      	str	r0, [r3, #0]
10008ad4:	e69b      	b.n	1000880e <_malloc_r+0x1fe>
10008ad6:	ea1a 0f0c 	tst.w	sl, ip
10008ada:	f47f ae98 	bne.w	1000880e <_malloc_r+0x1fe>
10008ade:	44c8      	add	r8, r9
10008ae0:	f8d6 a008 	ldr.w	sl, [r6, #8]
10008ae4:	f048 0201 	orr.w	r2, r8, #1
10008ae8:	f8ca 2004 	str.w	r2, [sl, #4]
10008aec:	e6d8      	b.n	100088a0 <_malloc_r+0x290>
10008aee:	f8c2 a000 	str.w	sl, [r2]
10008af2:	e696      	b.n	10008822 <_malloc_r+0x212>
10008af4:	2301      	movs	r3, #1
10008af6:	f8ca 3004 	str.w	r3, [sl, #4]
10008afa:	e78d      	b.n	10008a18 <_malloc_r+0x408>
10008afc:	f5b2 7faa 	cmp.w	r2, #340	@ 0x154
10008b00:	d824      	bhi.n	10008b4c <_malloc_r+0x53c>
10008b02:	ea4f 32dc 	mov.w	r2, ip, lsr #15
10008b06:	f102 0378 	add.w	r3, r2, #120	@ 0x78
10008b0a:	3277      	adds	r2, #119	@ 0x77
10008b0c:	00db      	lsls	r3, r3, #3
10008b0e:	e6ff      	b.n	10008910 <_malloc_r+0x300>
10008b10:	f240 5254 	movw	r2, #1364	@ 0x554
10008b14:	4293      	cmp	r3, r2
10008b16:	d824      	bhi.n	10008b62 <_malloc_r+0x552>
10008b18:	0cab      	lsrs	r3, r5, #18
10008b1a:	f103 007d 	add.w	r0, r3, #125	@ 0x7d
10008b1e:	f103 0e7c 	add.w	lr, r3, #124	@ 0x7c
10008b22:	00c3      	lsls	r3, r0, #3
10008b24:	e5ba      	b.n	1000869c <_malloc_r+0x8c>
10008b26:	9a00      	ldr	r2, [sp, #0]
10008b28:	f04f 0b00 	mov.w	fp, #0
10008b2c:	3a08      	subs	r2, #8
10008b2e:	4490      	add	r8, r2
10008b30:	eba8 080a 	sub.w	r8, r8, sl
10008b34:	e691      	b.n	1000885a <_malloc_r+0x24a>
10008b36:	4638      	mov	r0, r7
10008b38:	f104 0108 	add.w	r1, r4, #8
10008b3c:	9300      	str	r3, [sp, #0]
10008b3e:	f000 f9a7 	bl	10008e90 <_free_r>
10008b42:	9b00      	ldr	r3, [sp, #0]
10008b44:	f8d6 a008 	ldr.w	sl, [r6, #8]
10008b48:	6818      	ldr	r0, [r3, #0]
10008b4a:	e6a7      	b.n	1000889c <_malloc_r+0x28c>
10008b4c:	f240 5354 	movw	r3, #1364	@ 0x554
10008b50:	429a      	cmp	r2, r3
10008b52:	d80c      	bhi.n	10008b6e <_malloc_r+0x55e>
10008b54:	ea4f 429c 	mov.w	r2, ip, lsr #18
10008b58:	f102 037d 	add.w	r3, r2, #125	@ 0x7d
10008b5c:	327c      	adds	r2, #124	@ 0x7c
10008b5e:	00db      	lsls	r3, r3, #3
10008b60:	e6d6      	b.n	10008910 <_malloc_r+0x300>
10008b62:	f44f 737e 	mov.w	r3, #1016	@ 0x3f8
10008b66:	207f      	movs	r0, #127	@ 0x7f
10008b68:	f04f 0e7e 	mov.w	lr, #126	@ 0x7e
10008b6c:	e596      	b.n	1000869c <_malloc_r+0x8c>
10008b6e:	f44f 737e 	mov.w	r3, #1016	@ 0x3f8
10008b72:	227e      	movs	r2, #126	@ 0x7e
10008b74:	e6cc      	b.n	10008910 <_malloc_r+0x300>
10008b76:	6873      	ldr	r3, [r6, #4]
10008b78:	e766      	b.n	10008a48 <_malloc_r+0x438>
10008b7a:	08e8      	lsrs	r0, r5, #3
10008b7c:	f105 0308 	add.w	r3, r5, #8
10008b80:	e556      	b.n	10008630 <_malloc_r+0x20>
10008b82:	bf00      	nop
10008b84:	20001cf4 	.word	0x20001cf4

10008b88 <__malloc_lock>:
10008b88:	4801      	ldr	r0, [pc, #4]	@ (10008b90 <__malloc_lock+0x8>)
10008b8a:	f000 b86f 	b.w	10008c6c <__retarget_lock_acquire_recursive>
10008b8e:	bf00      	nop
10008b90:	20001cf0 	.word	0x20001cf0

10008b94 <__malloc_unlock>:
10008b94:	4801      	ldr	r0, [pc, #4]	@ (10008b9c <__malloc_unlock+0x8>)
10008b96:	f000 b86b 	b.w	10008c70 <__retarget_lock_release_recursive>
10008b9a:	bf00      	nop
10008b9c:	20001cf0 	.word	0x20001cf0

10008ba0 <memset>:
10008ba0:	0783      	lsls	r3, r0, #30
10008ba2:	b530      	push	{r4, r5, lr}
10008ba4:	d046      	beq.n	10008c34 <memset+0x94>
10008ba6:	1884      	adds	r4, r0, r2
10008ba8:	4684      	mov	ip, r0
10008baa:	e004      	b.n	10008bb6 <memset+0x16>
10008bac:	f803 1b01 	strb.w	r1, [r3], #1
10008bb0:	079d      	lsls	r5, r3, #30
10008bb2:	d004      	beq.n	10008bbe <memset+0x1e>
10008bb4:	469c      	mov	ip, r3
10008bb6:	45a4      	cmp	ip, r4
10008bb8:	4663      	mov	r3, ip
10008bba:	d1f7      	bne.n	10008bac <memset+0xc>
10008bbc:	bd30      	pop	{r4, r5, pc}
10008bbe:	3a01      	subs	r2, #1
10008bc0:	4402      	add	r2, r0
10008bc2:	eba2 020c 	sub.w	r2, r2, ip
10008bc6:	2a03      	cmp	r2, #3
10008bc8:	d929      	bls.n	10008c1e <memset+0x7e>
10008bca:	b2cc      	uxtb	r4, r1
10008bcc:	2a0f      	cmp	r2, #15
10008bce:	eb04 2404 	add.w	r4, r4, r4, lsl #8
10008bd2:	eb04 4404 	add.w	r4, r4, r4, lsl #16
10008bd6:	d92f      	bls.n	10008c38 <memset+0x98>
10008bd8:	f1a2 0c10 	sub.w	ip, r2, #16
10008bdc:	f103 0510 	add.w	r5, r3, #16
10008be0:	f02c 0c0f 	bic.w	ip, ip, #15
10008be4:	44ac      	add	ip, r5
10008be6:	e9c3 4400 	strd	r4, r4, [r3]
10008bea:	e9c3 4402 	strd	r4, r4, [r3, #8]
10008bee:	3310      	adds	r3, #16
10008bf0:	4563      	cmp	r3, ip
10008bf2:	d1f8      	bne.n	10008be6 <memset+0x46>
10008bf4:	f012 0f0c 	tst.w	r2, #12
10008bf8:	f002 0e0f 	and.w	lr, r2, #15
10008bfc:	d018      	beq.n	10008c30 <memset+0x90>
10008bfe:	f02e 0c03 	bic.w	ip, lr, #3
10008c02:	f1ae 0504 	sub.w	r5, lr, #4
10008c06:	461a      	mov	r2, r3
10008c08:	449c      	add	ip, r3
10008c0a:	f842 4b04 	str.w	r4, [r2], #4
10008c0e:	4562      	cmp	r2, ip
10008c10:	d1fb      	bne.n	10008c0a <memset+0x6a>
10008c12:	f025 0403 	bic.w	r4, r5, #3
10008c16:	3304      	adds	r3, #4
10008c18:	f00e 0203 	and.w	r2, lr, #3
10008c1c:	4423      	add	r3, r4
10008c1e:	2a00      	cmp	r2, #0
10008c20:	d0cc      	beq.n	10008bbc <memset+0x1c>
10008c22:	b2c9      	uxtb	r1, r1
10008c24:	441a      	add	r2, r3
10008c26:	f803 1b01 	strb.w	r1, [r3], #1
10008c2a:	4293      	cmp	r3, r2
10008c2c:	d1fb      	bne.n	10008c26 <memset+0x86>
10008c2e:	bd30      	pop	{r4, r5, pc}
10008c30:	4672      	mov	r2, lr
10008c32:	e7f4      	b.n	10008c1e <memset+0x7e>
10008c34:	4603      	mov	r3, r0
10008c36:	e7c6      	b.n	10008bc6 <memset+0x26>
10008c38:	4696      	mov	lr, r2
10008c3a:	e7e0      	b.n	10008bfe <memset+0x5e>

10008c3c <_sbrk_r>:
10008c3c:	b538      	push	{r3, r4, r5, lr}
10008c3e:	2200      	movs	r2, #0
10008c40:	4d06      	ldr	r5, [pc, #24]	@ (10008c5c <_sbrk_r+0x20>)
10008c42:	4604      	mov	r4, r0
10008c44:	4608      	mov	r0, r1
10008c46:	602a      	str	r2, [r5, #0]
10008c48:	f7fa fd0c 	bl	10003664 <_sbrk>
10008c4c:	1c43      	adds	r3, r0, #1
10008c4e:	d000      	beq.n	10008c52 <_sbrk_r+0x16>
10008c50:	bd38      	pop	{r3, r4, r5, pc}
10008c52:	682b      	ldr	r3, [r5, #0]
10008c54:	2b00      	cmp	r3, #0
10008c56:	d0fb      	beq.n	10008c50 <_sbrk_r+0x14>
10008c58:	6023      	str	r3, [r4, #0]
10008c5a:	bd38      	pop	{r3, r4, r5, pc}
10008c5c:	20002484 	.word	0x20002484

10008c60 <__errno>:
10008c60:	4b01      	ldr	r3, [pc, #4]	@ (10008c68 <__errno+0x8>)
10008c62:	6818      	ldr	r0, [r3, #0]
10008c64:	4770      	bx	lr
10008c66:	bf00      	nop
10008c68:	200019c8 	.word	0x200019c8

10008c6c <__retarget_lock_acquire_recursive>:
10008c6c:	4770      	bx	lr
10008c6e:	bf00      	nop

10008c70 <__retarget_lock_release_recursive>:
10008c70:	4770      	bx	lr
10008c72:	bf00      	nop

10008c74 <sysconf>:
10008c74:	2808      	cmp	r0, #8
10008c76:	d102      	bne.n	10008c7e <sysconf+0xa>
10008c78:	f44f 5080 	mov.w	r0, #4096	@ 0x1000
10008c7c:	4770      	bx	lr
10008c7e:	b508      	push	{r3, lr}
10008c80:	f7ff ffee 	bl	10008c60 <__errno>
10008c84:	2216      	movs	r2, #22
10008c86:	4603      	mov	r3, r0
10008c88:	f04f 30ff 	mov.w	r0, #4294967295
10008c8c:	601a      	str	r2, [r3, #0]
10008c8e:	bd08      	pop	{r3, pc}

10008c90 <memcpy>:
10008c90:	4684      	mov	ip, r0
10008c92:	ea41 0300 	orr.w	r3, r1, r0
10008c96:	f013 0303 	ands.w	r3, r3, #3
10008c9a:	d149      	bne.n	10008d30 <memcpy+0xa0>
10008c9c:	3a40      	subs	r2, #64	@ 0x40
10008c9e:	d323      	bcc.n	10008ce8 <memcpy+0x58>
10008ca0:	680b      	ldr	r3, [r1, #0]
10008ca2:	6003      	str	r3, [r0, #0]
10008ca4:	684b      	ldr	r3, [r1, #4]
10008ca6:	6043      	str	r3, [r0, #4]
10008ca8:	688b      	ldr	r3, [r1, #8]
10008caa:	6083      	str	r3, [r0, #8]
10008cac:	68cb      	ldr	r3, [r1, #12]
10008cae:	60c3      	str	r3, [r0, #12]
10008cb0:	690b      	ldr	r3, [r1, #16]
10008cb2:	6103      	str	r3, [r0, #16]
10008cb4:	694b      	ldr	r3, [r1, #20]
10008cb6:	6143      	str	r3, [r0, #20]
10008cb8:	698b      	ldr	r3, [r1, #24]
10008cba:	6183      	str	r3, [r0, #24]
10008cbc:	69cb      	ldr	r3, [r1, #28]
10008cbe:	61c3      	str	r3, [r0, #28]
10008cc0:	6a0b      	ldr	r3, [r1, #32]
10008cc2:	6203      	str	r3, [r0, #32]
10008cc4:	6a4b      	ldr	r3, [r1, #36]	@ 0x24
10008cc6:	6243      	str	r3, [r0, #36]	@ 0x24
10008cc8:	6a8b      	ldr	r3, [r1, #40]	@ 0x28
10008cca:	6283      	str	r3, [r0, #40]	@ 0x28
10008ccc:	6acb      	ldr	r3, [r1, #44]	@ 0x2c
10008cce:	62c3      	str	r3, [r0, #44]	@ 0x2c
10008cd0:	6b0b      	ldr	r3, [r1, #48]	@ 0x30
10008cd2:	6303      	str	r3, [r0, #48]	@ 0x30
10008cd4:	6b4b      	ldr	r3, [r1, #52]	@ 0x34
10008cd6:	6343      	str	r3, [r0, #52]	@ 0x34
10008cd8:	6b8b      	ldr	r3, [r1, #56]	@ 0x38
10008cda:	6383      	str	r3, [r0, #56]	@ 0x38
10008cdc:	6bcb      	ldr	r3, [r1, #60]	@ 0x3c
10008cde:	63c3      	str	r3, [r0, #60]	@ 0x3c
10008ce0:	3040      	adds	r0, #64	@ 0x40
10008ce2:	3140      	adds	r1, #64	@ 0x40
10008ce4:	3a40      	subs	r2, #64	@ 0x40
10008ce6:	d2db      	bcs.n	10008ca0 <memcpy+0x10>
10008ce8:	3230      	adds	r2, #48	@ 0x30
10008cea:	d30b      	bcc.n	10008d04 <memcpy+0x74>
10008cec:	680b      	ldr	r3, [r1, #0]
10008cee:	6003      	str	r3, [r0, #0]
10008cf0:	684b      	ldr	r3, [r1, #4]
10008cf2:	6043      	str	r3, [r0, #4]
10008cf4:	688b      	ldr	r3, [r1, #8]
10008cf6:	6083      	str	r3, [r0, #8]
10008cf8:	68cb      	ldr	r3, [r1, #12]
10008cfa:	60c3      	str	r3, [r0, #12]
10008cfc:	3010      	adds	r0, #16
10008cfe:	3110      	adds	r1, #16
10008d00:	3a10      	subs	r2, #16
10008d02:	d2f3      	bcs.n	10008cec <memcpy+0x5c>
10008d04:	320c      	adds	r2, #12
10008d06:	d305      	bcc.n	10008d14 <memcpy+0x84>
10008d08:	f851 3b04 	ldr.w	r3, [r1], #4
10008d0c:	f840 3b04 	str.w	r3, [r0], #4
10008d10:	3a04      	subs	r2, #4
10008d12:	d2f9      	bcs.n	10008d08 <memcpy+0x78>
10008d14:	3204      	adds	r2, #4
10008d16:	d008      	beq.n	10008d2a <memcpy+0x9a>
10008d18:	07d2      	lsls	r2, r2, #31
10008d1a:	bf1c      	itt	ne
10008d1c:	f811 3b01 	ldrbne.w	r3, [r1], #1
10008d20:	f800 3b01 	strbne.w	r3, [r0], #1
10008d24:	d301      	bcc.n	10008d2a <memcpy+0x9a>
10008d26:	880b      	ldrh	r3, [r1, #0]
10008d28:	8003      	strh	r3, [r0, #0]
10008d2a:	4660      	mov	r0, ip
10008d2c:	4770      	bx	lr
10008d2e:	bf00      	nop
10008d30:	2a08      	cmp	r2, #8
10008d32:	d313      	bcc.n	10008d5c <memcpy+0xcc>
10008d34:	078b      	lsls	r3, r1, #30
10008d36:	d0b1      	beq.n	10008c9c <memcpy+0xc>
10008d38:	f010 0303 	ands.w	r3, r0, #3
10008d3c:	d0ae      	beq.n	10008c9c <memcpy+0xc>
10008d3e:	f1c3 0304 	rsb	r3, r3, #4
10008d42:	1ad2      	subs	r2, r2, r3
10008d44:	07db      	lsls	r3, r3, #31
10008d46:	bf1c      	itt	ne
10008d48:	f811 3b01 	ldrbne.w	r3, [r1], #1
10008d4c:	f800 3b01 	strbne.w	r3, [r0], #1
10008d50:	d3a4      	bcc.n	10008c9c <memcpy+0xc>
10008d52:	f831 3b02 	ldrh.w	r3, [r1], #2
10008d56:	f820 3b02 	strh.w	r3, [r0], #2
10008d5a:	e79f      	b.n	10008c9c <memcpy+0xc>
10008d5c:	3a04      	subs	r2, #4
10008d5e:	d3d9      	bcc.n	10008d14 <memcpy+0x84>
10008d60:	3a01      	subs	r2, #1
10008d62:	f811 3b01 	ldrb.w	r3, [r1], #1
10008d66:	f800 3b01 	strb.w	r3, [r0], #1
10008d6a:	d2f9      	bcs.n	10008d60 <memcpy+0xd0>
10008d6c:	780b      	ldrb	r3, [r1, #0]
10008d6e:	7003      	strb	r3, [r0, #0]
10008d70:	784b      	ldrb	r3, [r1, #1]
10008d72:	7043      	strb	r3, [r0, #1]
10008d74:	788b      	ldrb	r3, [r1, #2]
10008d76:	7083      	strb	r3, [r0, #2]
10008d78:	4660      	mov	r0, ip
10008d7a:	4770      	bx	lr

10008d7c <strlen>:
10008d7c:	f020 0103 	bic.w	r1, r0, #3
10008d80:	f010 0003 	ands.w	r0, r0, #3
10008d84:	f1c0 0000 	rsb	r0, r0, #0
10008d88:	f851 3b04 	ldr.w	r3, [r1], #4
10008d8c:	f100 0c04 	add.w	ip, r0, #4
10008d90:	ea4f 0ccc 	mov.w	ip, ip, lsl #3
10008d94:	f06f 0200 	mvn.w	r2, #0
10008d98:	bf1c      	itt	ne
10008d9a:	fa22 f20c 	lsrne.w	r2, r2, ip
10008d9e:	4313      	orrne	r3, r2
10008da0:	f04f 0c01 	mov.w	ip, #1
10008da4:	ea4c 2c0c 	orr.w	ip, ip, ip, lsl #8
10008da8:	ea4c 4c0c 	orr.w	ip, ip, ip, lsl #16
10008dac:	eba3 020c 	sub.w	r2, r3, ip
10008db0:	ea22 0203 	bic.w	r2, r2, r3
10008db4:	ea12 12cc 	ands.w	r2, r2, ip, lsl #7
10008db8:	bf04      	itt	eq
10008dba:	f851 3b04 	ldreq.w	r3, [r1], #4
10008dbe:	3004      	addeq	r0, #4
10008dc0:	d0f4      	beq.n	10008dac <strlen+0x30>
10008dc2:	f1c2 0100 	rsb	r1, r2, #0
10008dc6:	ea02 0201 	and.w	r2, r2, r1
10008dca:	fab2 f282 	clz	r2, r2
10008dce:	f1c2 021f 	rsb	r2, r2, #31
10008dd2:	eb00 00d2 	add.w	r0, r0, r2, lsr #3
10008dd6:	4770      	bx	lr

10008dd8 <_malloc_trim_r>:
10008dd8:	e92d 43f8 	stmdb	sp!, {r3, r4, r5, r6, r7, r8, r9, lr}
10008ddc:	4606      	mov	r6, r0
10008dde:	f8df 80ac 	ldr.w	r8, [pc, #172]	@ 10008e8c <_malloc_trim_r+0xb4>
10008de2:	2008      	movs	r0, #8
10008de4:	4689      	mov	r9, r1
10008de6:	f7ff ff45 	bl	10008c74 <sysconf>
10008dea:	4605      	mov	r5, r0
10008dec:	4630      	mov	r0, r6
10008dee:	f7ff fecb 	bl	10008b88 <__malloc_lock>
10008df2:	f8d8 3008 	ldr.w	r3, [r8, #8]
10008df6:	685f      	ldr	r7, [r3, #4]
10008df8:	f027 0703 	bic.w	r7, r7, #3
10008dfc:	f1a7 0411 	sub.w	r4, r7, #17
10008e00:	eba4 0409 	sub.w	r4, r4, r9
10008e04:	442c      	add	r4, r5
10008e06:	fbb4 f4f5 	udiv	r4, r4, r5
10008e0a:	3c01      	subs	r4, #1
10008e0c:	fb05 f404 	mul.w	r4, r5, r4
10008e10:	42a5      	cmp	r5, r4
10008e12:	dc08      	bgt.n	10008e26 <_malloc_trim_r+0x4e>
10008e14:	2100      	movs	r1, #0
10008e16:	4630      	mov	r0, r6
10008e18:	f7ff ff10 	bl	10008c3c <_sbrk_r>
10008e1c:	f8d8 3008 	ldr.w	r3, [r8, #8]
10008e20:	443b      	add	r3, r7
10008e22:	4298      	cmp	r0, r3
10008e24:	d005      	beq.n	10008e32 <_malloc_trim_r+0x5a>
10008e26:	4630      	mov	r0, r6
10008e28:	f7ff feb4 	bl	10008b94 <__malloc_unlock>
10008e2c:	2000      	movs	r0, #0
10008e2e:	e8bd 83f8 	ldmia.w	sp!, {r3, r4, r5, r6, r7, r8, r9, pc}
10008e32:	4261      	negs	r1, r4
10008e34:	4630      	mov	r0, r6
10008e36:	f7ff ff01 	bl	10008c3c <_sbrk_r>
10008e3a:	3001      	adds	r0, #1
10008e3c:	d00f      	beq.n	10008e5e <_malloc_trim_r+0x86>
10008e3e:	1b3f      	subs	r7, r7, r4
10008e40:	4a10      	ldr	r2, [pc, #64]	@ (10008e84 <_malloc_trim_r+0xac>)
10008e42:	f8d8 3008 	ldr.w	r3, [r8, #8]
10008e46:	4630      	mov	r0, r6
10008e48:	f047 0701 	orr.w	r7, r7, #1
10008e4c:	605f      	str	r7, [r3, #4]
10008e4e:	6813      	ldr	r3, [r2, #0]
10008e50:	1b1b      	subs	r3, r3, r4
10008e52:	6013      	str	r3, [r2, #0]
10008e54:	f7ff fe9e 	bl	10008b94 <__malloc_unlock>
10008e58:	2001      	movs	r0, #1
10008e5a:	e8bd 83f8 	ldmia.w	sp!, {r3, r4, r5, r6, r7, r8, r9, pc}
10008e5e:	2100      	movs	r1, #0
10008e60:	4630      	mov	r0, r6
10008e62:	f7ff feeb 	bl	10008c3c <_sbrk_r>
10008e66:	f8d8 2008 	ldr.w	r2, [r8, #8]
10008e6a:	1a83      	subs	r3, r0, r2
10008e6c:	2b0f      	cmp	r3, #15
10008e6e:	ddda      	ble.n	10008e26 <_malloc_trim_r+0x4e>
10008e70:	f043 0301 	orr.w	r3, r3, #1
10008e74:	4903      	ldr	r1, [pc, #12]	@ (10008e84 <_malloc_trim_r+0xac>)
10008e76:	6053      	str	r3, [r2, #4]
10008e78:	4b03      	ldr	r3, [pc, #12]	@ (10008e88 <_malloc_trim_r+0xb0>)
10008e7a:	681b      	ldr	r3, [r3, #0]
10008e7c:	1ac0      	subs	r0, r0, r3
10008e7e:	6008      	str	r0, [r1, #0]
10008e80:	e7d1      	b.n	10008e26 <_malloc_trim_r+0x4e>
10008e82:	bf00      	nop
10008e84:	20001cf4 	.word	0x20001cf4
10008e88:	200015b8 	.word	0x200015b8
10008e8c:	200015c0 	.word	0x200015c0

10008e90 <_free_r>:
10008e90:	2900      	cmp	r1, #0
10008e92:	d05a      	beq.n	10008f4a <_free_r+0xba>
10008e94:	b5f8      	push	{r3, r4, r5, r6, r7, lr}
10008e96:	460c      	mov	r4, r1
10008e98:	4607      	mov	r7, r0
10008e9a:	f7ff fe75 	bl	10008b88 <__malloc_lock>
10008e9e:	4d73      	ldr	r5, [pc, #460]	@ (1000906c <_free_r+0x1dc>)
10008ea0:	f854 cc04 	ldr.w	ip, [r4, #-4]
10008ea4:	f1a4 0208 	sub.w	r2, r4, #8
10008ea8:	68a8      	ldr	r0, [r5, #8]
10008eaa:	f02c 0301 	bic.w	r3, ip, #1
10008eae:	f00c 0e01 	and.w	lr, ip, #1
10008eb2:	18d1      	adds	r1, r2, r3
10008eb4:	684e      	ldr	r6, [r1, #4]
10008eb6:	4288      	cmp	r0, r1
10008eb8:	f026 0603 	bic.w	r6, r6, #3
10008ebc:	d07c      	beq.n	10008fb8 <_free_r+0x128>
10008ebe:	1988      	adds	r0, r1, r6
10008ec0:	604e      	str	r6, [r1, #4]
10008ec2:	6840      	ldr	r0, [r0, #4]
10008ec4:	f000 0001 	and.w	r0, r0, #1
10008ec8:	f1be 0f00 	cmp.w	lr, #0
10008ecc:	d12e      	bne.n	10008f2c <_free_r+0x9c>
10008ece:	f854 4c08 	ldr.w	r4, [r4, #-8]
10008ed2:	f105 0c08 	add.w	ip, r5, #8
10008ed6:	1b12      	subs	r2, r2, r4
10008ed8:	4423      	add	r3, r4
10008eda:	6894      	ldr	r4, [r2, #8]
10008edc:	4564      	cmp	r4, ip
10008ede:	d060      	beq.n	10008fa2 <_free_r+0x112>
10008ee0:	f8d2 e00c 	ldr.w	lr, [r2, #12]
10008ee4:	f8c4 e00c 	str.w	lr, [r4, #12]
10008ee8:	f8ce 4008 	str.w	r4, [lr, #8]
10008eec:	2800      	cmp	r0, #0
10008eee:	d07d      	beq.n	10008fec <_free_r+0x15c>
10008ef0:	f043 0001 	orr.w	r0, r3, #1
10008ef4:	6050      	str	r0, [r2, #4]
10008ef6:	600b      	str	r3, [r1, #0]
10008ef8:	f5b3 7f00 	cmp.w	r3, #512	@ 0x200
10008efc:	d22e      	bcs.n	10008f5c <_free_r+0xcc>
10008efe:	0958      	lsrs	r0, r3, #5
10008f00:	08d9      	lsrs	r1, r3, #3
10008f02:	2301      	movs	r3, #1
10008f04:	4083      	lsls	r3, r0
10008f06:	6868      	ldr	r0, [r5, #4]
10008f08:	3101      	adds	r1, #1
10008f0a:	4303      	orrs	r3, r0
10008f0c:	f855 0031 	ldr.w	r0, [r5, r1, lsl #3]
10008f10:	606b      	str	r3, [r5, #4]
10008f12:	eb05 03c1 	add.w	r3, r5, r1, lsl #3
10008f16:	3b08      	subs	r3, #8
10008f18:	e9c2 0302 	strd	r0, r3, [r2, #8]
10008f1c:	f845 2031 	str.w	r2, [r5, r1, lsl #3]
10008f20:	60c2      	str	r2, [r0, #12]
10008f22:	4638      	mov	r0, r7
10008f24:	e8bd 40f8 	ldmia.w	sp!, {r3, r4, r5, r6, r7, lr}
10008f28:	f7ff be34 	b.w	10008b94 <__malloc_unlock>
10008f2c:	b970      	cbnz	r0, 10008f4c <_free_r+0xbc>
10008f2e:	4433      	add	r3, r6
10008f30:	f105 0c08 	add.w	ip, r5, #8
10008f34:	6888      	ldr	r0, [r1, #8]
10008f36:	f043 0401 	orr.w	r4, r3, #1
10008f3a:	4560      	cmp	r0, ip
10008f3c:	d06e      	beq.n	1000901c <_free_r+0x18c>
10008f3e:	68c9      	ldr	r1, [r1, #12]
10008f40:	60c1      	str	r1, [r0, #12]
10008f42:	6088      	str	r0, [r1, #8]
10008f44:	6054      	str	r4, [r2, #4]
10008f46:	50d3      	str	r3, [r2, r3]
10008f48:	e7d6      	b.n	10008ef8 <_free_r+0x68>
10008f4a:	4770      	bx	lr
10008f4c:	f04c 0101 	orr.w	r1, ip, #1
10008f50:	f5b3 7f00 	cmp.w	r3, #512	@ 0x200
10008f54:	f844 1c04 	str.w	r1, [r4, #-4]
10008f58:	50d3      	str	r3, [r2, r3]
10008f5a:	d3d0      	bcc.n	10008efe <_free_r+0x6e>
10008f5c:	f5b3 6f20 	cmp.w	r3, #2560	@ 0xa00
10008f60:	ea4f 2153 	mov.w	r1, r3, lsr #9
10008f64:	d244      	bcs.n	10008ff0 <_free_r+0x160>
10008f66:	0999      	lsrs	r1, r3, #6
10008f68:	f101 0039 	add.w	r0, r1, #57	@ 0x39
10008f6c:	f101 0438 	add.w	r4, r1, #56	@ 0x38
10008f70:	00c1      	lsls	r1, r0, #3
10008f72:	1868      	adds	r0, r5, r1
10008f74:	5869      	ldr	r1, [r5, r1]
10008f76:	3808      	subs	r0, #8
10008f78:	4288      	cmp	r0, r1
10008f7a:	d103      	bne.n	10008f84 <_free_r+0xf4>
10008f7c:	e055      	b.n	1000902a <_free_r+0x19a>
10008f7e:	6889      	ldr	r1, [r1, #8]
10008f80:	4288      	cmp	r0, r1
10008f82:	d004      	beq.n	10008f8e <_free_r+0xfe>
10008f84:	684c      	ldr	r4, [r1, #4]
10008f86:	f024 0403 	bic.w	r4, r4, #3
10008f8a:	429c      	cmp	r4, r3
10008f8c:	d8f7      	bhi.n	10008f7e <_free_r+0xee>
10008f8e:	68c8      	ldr	r0, [r1, #12]
10008f90:	e9c2 1002 	strd	r1, r0, [r2, #8]
10008f94:	6082      	str	r2, [r0, #8]
10008f96:	4638      	mov	r0, r7
10008f98:	60ca      	str	r2, [r1, #12]
10008f9a:	e8bd 40f8 	ldmia.w	sp!, {r3, r4, r5, r6, r7, lr}
10008f9e:	f7ff bdf9 	b.w	10008b94 <__malloc_unlock>
10008fa2:	bb80      	cbnz	r0, 10009006 <_free_r+0x176>
10008fa4:	441e      	add	r6, r3
10008fa6:	e9d1 1302 	ldrd	r1, r3, [r1, #8]
10008faa:	60cb      	str	r3, [r1, #12]
10008fac:	6099      	str	r1, [r3, #8]
10008fae:	f046 0301 	orr.w	r3, r6, #1
10008fb2:	6053      	str	r3, [r2, #4]
10008fb4:	5196      	str	r6, [r2, r6]
10008fb6:	e7b4      	b.n	10008f22 <_free_r+0x92>
10008fb8:	441e      	add	r6, r3
10008fba:	f1be 0f00 	cmp.w	lr, #0
10008fbe:	d107      	bne.n	10008fd0 <_free_r+0x140>
10008fc0:	f854 3c08 	ldr.w	r3, [r4, #-8]
10008fc4:	1ad2      	subs	r2, r2, r3
10008fc6:	441e      	add	r6, r3
10008fc8:	e9d2 1302 	ldrd	r1, r3, [r2, #8]
10008fcc:	60cb      	str	r3, [r1, #12]
10008fce:	6099      	str	r1, [r3, #8]
10008fd0:	f046 0301 	orr.w	r3, r6, #1
10008fd4:	6053      	str	r3, [r2, #4]
10008fd6:	4b26      	ldr	r3, [pc, #152]	@ (10009070 <_free_r+0x1e0>)
10008fd8:	60aa      	str	r2, [r5, #8]
10008fda:	681b      	ldr	r3, [r3, #0]
10008fdc:	42b3      	cmp	r3, r6
10008fde:	d8a0      	bhi.n	10008f22 <_free_r+0x92>
10008fe0:	4b24      	ldr	r3, [pc, #144]	@ (10009074 <_free_r+0x1e4>)
10008fe2:	4638      	mov	r0, r7
10008fe4:	6819      	ldr	r1, [r3, #0]
10008fe6:	f7ff fef7 	bl	10008dd8 <_malloc_trim_r>
10008fea:	e79a      	b.n	10008f22 <_free_r+0x92>
10008fec:	4433      	add	r3, r6
10008fee:	e7a1      	b.n	10008f34 <_free_r+0xa4>
10008ff0:	2914      	cmp	r1, #20
10008ff2:	d90d      	bls.n	10009010 <_free_r+0x180>
10008ff4:	2954      	cmp	r1, #84	@ 0x54
10008ff6:	d81f      	bhi.n	10009038 <_free_r+0x1a8>
10008ff8:	0b19      	lsrs	r1, r3, #12
10008ffa:	f101 006f 	add.w	r0, r1, #111	@ 0x6f
10008ffe:	f101 046e 	add.w	r4, r1, #110	@ 0x6e
10009002:	00c1      	lsls	r1, r0, #3
10009004:	e7b5      	b.n	10008f72 <_free_r+0xe2>
10009006:	f043 0001 	orr.w	r0, r3, #1
1000900a:	6050      	str	r0, [r2, #4]
1000900c:	600b      	str	r3, [r1, #0]
1000900e:	e788      	b.n	10008f22 <_free_r+0x92>
10009010:	f101 005c 	add.w	r0, r1, #92	@ 0x5c
10009014:	f101 045b 	add.w	r4, r1, #91	@ 0x5b
10009018:	00c1      	lsls	r1, r0, #3
1000901a:	e7aa      	b.n	10008f72 <_free_r+0xe2>
1000901c:	e9c5 2204 	strd	r2, r2, [r5, #16]
10009020:	e9c2 cc02 	strd	ip, ip, [r2, #8]
10009024:	6054      	str	r4, [r2, #4]
10009026:	50d3      	str	r3, [r2, r3]
10009028:	e77b      	b.n	10008f22 <_free_r+0x92>
1000902a:	10a4      	asrs	r4, r4, #2
1000902c:	2301      	movs	r3, #1
1000902e:	40a3      	lsls	r3, r4
10009030:	686c      	ldr	r4, [r5, #4]
10009032:	4323      	orrs	r3, r4
10009034:	606b      	str	r3, [r5, #4]
10009036:	e7ab      	b.n	10008f90 <_free_r+0x100>
10009038:	f5b1 7faa 	cmp.w	r1, #340	@ 0x154
1000903c:	d806      	bhi.n	1000904c <_free_r+0x1bc>
1000903e:	0bd9      	lsrs	r1, r3, #15
10009040:	f101 0078 	add.w	r0, r1, #120	@ 0x78
10009044:	f101 0477 	add.w	r4, r1, #119	@ 0x77
10009048:	00c1      	lsls	r1, r0, #3
1000904a:	e792      	b.n	10008f72 <_free_r+0xe2>
1000904c:	f240 5054 	movw	r0, #1364	@ 0x554
10009050:	4281      	cmp	r1, r0
10009052:	d806      	bhi.n	10009062 <_free_r+0x1d2>
10009054:	0c99      	lsrs	r1, r3, #18
10009056:	f101 007d 	add.w	r0, r1, #125	@ 0x7d
1000905a:	f101 047c 	add.w	r4, r1, #124	@ 0x7c
1000905e:	00c1      	lsls	r1, r0, #3
10009060:	e787      	b.n	10008f72 <_free_r+0xe2>
10009062:	f44f 717e 	mov.w	r1, #1016	@ 0x3f8
10009066:	247e      	movs	r4, #126	@ 0x7e
10009068:	e783      	b.n	10008f72 <_free_r+0xe2>
1000906a:	bf00      	nop
1000906c:	200015c0 	.word	0x200015c0
10009070:	200015bc 	.word	0x200015bc
10009074:	20001d24 	.word	0x20001d24

10009078 <_fini>:
10009078:	b5f8      	push	{r3, r4, r5, r6, r7, lr}
1000907a:	bf00      	nop
1000907c:	0000      	movs	r0, r0
	...

10009080 <__mutex_enter_timeout_ms_veneer>:
10009080:	f85f f000 	ldr.w	pc, [pc]	@ 10009084 <__mutex_enter_timeout_ms_veneer+0x4>
10009084:	20000235 	.word	0x20000235

10009088 <__reset_non_control_endpoints_veneer>:
10009088:	f85f f000 	ldr.w	pc, [pc]	@ 1000908c <__reset_non_control_endpoints_veneer+0x4>
1000908c:	200002a9 	.word	0x200002a9

10009090 <__hw_endpoint_start_next_buffer_veneer>:
10009090:	f85f f000 	ldr.w	pc, [pc]	@ 10009094 <__hw_endpoint_start_next_buffer_veneer+0x4>
10009094:	20000b0d 	.word	0x20000b0d

10009098 <____aeabi_f2d_veneer>:
10009098:	f85f f000 	ldr.w	pc, [pc]	@ 1000909c <____aeabi_f2d_veneer+0x4>
1000909c:	20001099 	.word	0x20001099

100090a0 <____aeabi_uldivmod_veneer>:
100090a0:	f85f f000 	ldr.w	pc, [pc]	@ 100090a4 <____aeabi_uldivmod_veneer+0x4>
100090a4:	20001149 	.word	0x20001149

100090a8 <__mutex_exit_veneer>:
100090a8:	f85f f000 	ldr.w	pc, [pc]	@ 100090ac <__mutex_exit_veneer+0x4>
100090ac:	2000026d 	.word	0x2000026d

100090b0 <__e15_is_bulkin_ep_veneer>:
100090b0:	f85f f000 	ldr.w	pc, [pc]	@ 100090b4 <__e15_is_bulkin_ep_veneer+0x4>
100090b4:	20000a6d 	.word	0x20000a6d

100090b8 <___hw_endpoint_buffer_control_update32_veneer>:
100090b8:	f85f f000 	ldr.w	pc, [pc]	@ 100090bc <___hw_endpoint_buffer_control_update32_veneer+0x4>
100090bc:	20000ac9 	.word	0x20000ac9

100090c0 <__mutex_try_enter_block_until_veneer>:
100090c0:	f85f f000 	ldr.w	pc, [pc]	@ 100090c4 <__mutex_try_enter_block_until_veneer+0x4>
100090c4:	200001cd 	.word	0x200001cd

100090c8 <__e15_is_critical_frame_period_veneer>:
100090c8:	f85f f000 	ldr.w	pc, [pc]	@ 100090cc <__e15_is_critical_frame_period_veneer+0x4>
100090cc:	20000a95 	.word	0x20000a95

100090d0 <__mutex_try_enter_veneer>:
100090d0:	f85f f000 	ldr.w	pc, [pc]	@ 100090d4 <__mutex_try_enter_veneer+0x4>
100090d4:	20000111 	.word	0x20000111

100090d8 <__pre_init_runtime_init_bootrom_reset>:
100090d8:	10001b35                                5...

100090dc <__pre_init_runtime_init_early_resets>:
100090dc:	10001aa9                                ....

100090e0 <__pre_init_runtime_init_usb_power_down>:
100090e0:	10001add                                ....

100090e4 <__pre_init_runtime_init_clocks>:
100090e4:	10001b81                                ....

100090e8 <__pre_init_runtime_init_post_clock_resets>:
100090e8:	10001b15                                ....

100090ec <__pre_init_runtime_init_boot_locks_reset>:
100090ec:	10001a2d                                -...

100090f0 <__pre_init_runtime_init_spin_locks_reset>:
100090f0:	10001b5d                                ]...

100090f4 <__pre_init_runtime_init_bootrom_locking_enable>:
100090f4:	10001a19                                ....

100090f8 <__pre_init_runtime_init_mutex>:
100090f8:	10000e91                                ....

100090fc <__pre_init_runtime_init_install_ram_vector_table>:
100090fc:	10001b61                                a...

10009100 <__pre_init_runtime_init_default_alarm_pool>:
10009100:	10001251                                Q...

10009104 <__pre_init_first_per_core_initializer>:
10009104:	10001a79                                y...

10009108 <__pre_init_runtime_init_per_core_bootrom_reset>:
10009108:	10001b49                                I...

1000910c <__pre_init_runtime_init_per_core_enable_coprocessors>:
1000910c:	10001af9                                ....

10009110 <__pre_init_spinlock_set_extexclall>:
10009110:	10000a6d                                m...

10009114 <__pre_init_runtime_init_per_core_irq_priorities>:
10009114:	10000a95                                ....

10009118 <__frame_dummy_init_array_entry>:
10009118:	10000219 10004011 100080e1              .....@......

Disassembly of section .data:

20000110 <mutex_try_enter>:
20000110:	4603      	mov	r3, r0
20000112:	b500      	push	{lr}
20000114:	6802      	ldr	r2, [r0, #0]
20000116:	f3ef 8c10 	mrs	ip, PRIMASK
2000011a:	b672      	cpsid	i
2000011c:	e8d2 efcf 	ldaexb	lr, [r2]
20000120:	2001      	movs	r0, #1
20000122:	f1be 0f00 	cmp.w	lr, #0
20000126:	d1f9      	bne.n	2000011c <mutex_try_enter+0xc>
20000128:	e8c2 0f4e 	strexb	lr, r0, [r2]
2000012c:	f1be 0f00 	cmp.w	lr, #0
20000130:	d1f4      	bne.n	2000011c <mutex_try_enter+0xc>
20000132:	f3bf 8f5f 	dmb	sy
20000136:	f993 2004 	ldrsb.w	r2, [r3, #4]
2000013a:	2a00      	cmp	r2, #0
2000013c:	db0a      	blt.n	20000154 <mutex_try_enter+0x44>
2000013e:	b101      	cbz	r1, 20000142 <mutex_try_enter+0x32>
20000140:	600a      	str	r2, [r1, #0]
20000142:	2000      	movs	r0, #0
20000144:	2200      	movs	r2, #0
20000146:	681b      	ldr	r3, [r3, #0]
20000148:	e8c3 2f8f 	stlb	r2, [r3]
2000014c:	f38c 8810 	msr	PRIMASK, ip
20000150:	f85d fb04 	ldr.w	pc, [sp], #4
20000154:	f04f 4250 	mov.w	r2, #3489660928	@ 0xd0000000
20000158:	6812      	ldr	r2, [r2, #0]
2000015a:	2001      	movs	r0, #1
2000015c:	711a      	strb	r2, [r3, #4]
2000015e:	e7f1      	b.n	20000144 <mutex_try_enter+0x34>

20000160 <mutex_enter_block_until>:
20000160:	f04f 4150 	mov.w	r1, #3489660928	@ 0xd0000000
20000164:	e92d 41f0 	stmdb	sp!, {r4, r5, r6, r7, r8, lr}
20000168:	2700      	movs	r7, #0
2000016a:	4604      	mov	r4, r0
2000016c:	4616      	mov	r6, r2
2000016e:	461d      	mov	r5, r3
20000170:	f8d1 8000 	ldr.w	r8, [r1]
20000174:	e008      	b.n	20000188 <mutex_enter_block_until+0x28>
20000176:	e8c1 7f8f 	stlb	r7, [r1]
2000017a:	f38c 8810 	msr	PRIMASK, ip
2000017e:	4630      	mov	r0, r6
20000180:	4629      	mov	r1, r5
20000182:	f001 f9ad 	bl	200014e0 <__best_effort_wfe_or_timeout_veneer>
20000186:	b9e8      	cbnz	r0, 200001c4 <mutex_enter_block_until+0x64>
20000188:	6821      	ldr	r1, [r4, #0]
2000018a:	f3ef 8c10 	mrs	ip, PRIMASK
2000018e:	b672      	cpsid	i
20000190:	e8d1 2fcf 	ldaexb	r2, [r1]
20000194:	2301      	movs	r3, #1
20000196:	2a00      	cmp	r2, #0
20000198:	d1fa      	bne.n	20000190 <mutex_enter_block_until+0x30>
2000019a:	e8c1 3f42 	strexb	r2, r3, [r1]
2000019e:	2a00      	cmp	r2, #0
200001a0:	d1f6      	bne.n	20000190 <mutex_enter_block_until+0x30>
200001a2:	f3bf 8f5f 	dmb	sy
200001a6:	f994 3004 	ldrsb.w	r3, [r4, #4]
200001aa:	6821      	ldr	r1, [r4, #0]
200001ac:	2b00      	cmp	r3, #0
200001ae:	dae2      	bge.n	20000176 <mutex_enter_block_until+0x16>
200001b0:	2300      	movs	r3, #0
200001b2:	f884 8004 	strb.w	r8, [r4, #4]
200001b6:	e8c1 3f8f 	stlb	r3, [r1]
200001ba:	f38c 8810 	msr	PRIMASK, ip
200001be:	2001      	movs	r0, #1
200001c0:	e8bd 81f0 	ldmia.w	sp!, {r4, r5, r6, r7, r8, pc}
200001c4:	2000      	movs	r0, #0
200001c6:	e8bd 81f0 	ldmia.w	sp!, {r4, r5, r6, r7, r8, pc}
200001ca:	bf00      	nop

200001cc <mutex_try_enter_block_until>:
200001cc:	b530      	push	{r4, r5, lr}
200001ce:	6804      	ldr	r4, [r0, #0]
200001d0:	f3ef 8c10 	mrs	ip, PRIMASK
200001d4:	b672      	cpsid	i
200001d6:	e8d4 efcf 	ldaexb	lr, [r4]
200001da:	2501      	movs	r5, #1
200001dc:	f1be 0f00 	cmp.w	lr, #0
200001e0:	d1f9      	bne.n	200001d6 <mutex_try_enter_block_until+0xa>
200001e2:	e8c4 5f4e 	strexb	lr, r5, [r4]
200001e6:	f1be 0f00 	cmp.w	lr, #0
200001ea:	d1f4      	bne.n	200001d6 <mutex_try_enter_block_until+0xa>
200001ec:	f3bf 8f5f 	dmb	sy
200001f0:	f990 4004 	ldrsb.w	r4, [r0, #4]
200001f4:	6805      	ldr	r5, [r0, #0]
200001f6:	2c00      	cmp	r4, #0
200001f8:	db10      	blt.n	2000021c <mutex_try_enter_block_until+0x50>
200001fa:	2100      	movs	r1, #0
200001fc:	e8c5 1f8f 	stlb	r1, [r5]
20000200:	f38c 8810 	msr	PRIMASK, ip
20000204:	f04f 4550 	mov.w	r5, #3489660928	@ 0xd0000000
20000208:	f995 5000 	ldrsb.w	r5, [r5]
2000020c:	42a5      	cmp	r5, r4
2000020e:	d101      	bne.n	20000214 <mutex_try_enter_block_until+0x48>
20000210:	4608      	mov	r0, r1
20000212:	bd30      	pop	{r4, r5, pc}
20000214:	e8bd 4030 	ldmia.w	sp!, {r4, r5, lr}
20000218:	f7ff bfa2 	b.w	20000160 <mutex_enter_block_until>
2000021c:	f04f 4250 	mov.w	r2, #3489660928	@ 0xd0000000
20000220:	6812      	ldr	r2, [r2, #0]
20000222:	2300      	movs	r3, #0
20000224:	7102      	strb	r2, [r0, #4]
20000226:	e8c5 3f8f 	stlb	r3, [r5]
2000022a:	f38c 8810 	msr	PRIMASK, ip
2000022e:	2001      	movs	r0, #1
20000230:	bd30      	pop	{r4, r5, pc}
20000232:	bf00      	nop

20000234 <mutex_enter_timeout_ms>:
20000234:	b570      	push	{r4, r5, r6, lr}
20000236:	4605      	mov	r5, r0
20000238:	460c      	mov	r4, r1
2000023a:	f001 f955 	bl	200014e8 <__time_us_64_veneer>
2000023e:	4602      	mov	r2, r0
20000240:	460b      	mov	r3, r1
20000242:	f44f 707a 	mov.w	r0, #1000	@ 0x3e8
20000246:	f04f 3eff 	mov.w	lr, #4294967295
2000024a:	f06f 4c00 	mvn.w	ip, #2147483648	@ 0x80000000
2000024e:	fbe4 2300 	umlal	r2, r3, r4, r0
20000252:	4596      	cmp	lr, r2
20000254:	eb7c 0103 	sbcs.w	r1, ip, r3
20000258:	bf38      	it	cc
2000025a:	4672      	movcc	r2, lr
2000025c:	4628      	mov	r0, r5
2000025e:	e8bd 4070 	ldmia.w	sp!, {r4, r5, r6, lr}
20000262:	bf38      	it	cc
20000264:	4663      	movcc	r3, ip
20000266:	f7ff bf7b 	b.w	20000160 <mutex_enter_block_until>
2000026a:	bf00      	nop

2000026c <mutex_exit>:
2000026c:	6803      	ldr	r3, [r0, #0]
2000026e:	f3ef 8210 	mrs	r2, PRIMASK
20000272:	b672      	cpsid	i
20000274:	e8d3 cfcf 	ldaexb	ip, [r3]
20000278:	2101      	movs	r1, #1
2000027a:	f1bc 0f00 	cmp.w	ip, #0
2000027e:	d1f9      	bne.n	20000274 <mutex_exit+0x8>
20000280:	e8c3 1f4c 	strexb	ip, r1, [r3]
20000284:	f1bc 0f00 	cmp.w	ip, #0
20000288:	d1f4      	bne.n	20000274 <mutex_exit+0x8>
2000028a:	f3bf 8f5f 	dmb	sy
2000028e:	f04f 0cff 	mov.w	ip, #255	@ 0xff
20000292:	2300      	movs	r3, #0
20000294:	6801      	ldr	r1, [r0, #0]
20000296:	f880 c004 	strb.w	ip, [r0, #4]
2000029a:	e8c1 3f8f 	stlb	r3, [r1]
2000029e:	f382 8810 	msr	PRIMASK, r2
200002a2:	bf40      	sev
200002a4:	4770      	bx	lr
200002a6:	bf00      	nop

200002a8 <reset_non_control_endpoints>:
200002a8:	2100      	movs	r1, #0
200002aa:	b508      	push	{r3, lr}
200002ac:	4b13      	ldr	r3, [pc, #76]	@ (200002fc <reset_non_control_endpoints+0x54>)
200002ae:	f44f 7270 	mov.w	r2, #960	@ 0x3c0
200002b2:	6099      	str	r1, [r3, #8]
200002b4:	4812      	ldr	r0, [pc, #72]	@ (20000300 <reset_non_control_endpoints+0x58>)
200002b6:	60d9      	str	r1, [r3, #12]
200002b8:	6119      	str	r1, [r3, #16]
200002ba:	6159      	str	r1, [r3, #20]
200002bc:	6199      	str	r1, [r3, #24]
200002be:	61d9      	str	r1, [r3, #28]
200002c0:	6219      	str	r1, [r3, #32]
200002c2:	6259      	str	r1, [r3, #36]	@ 0x24
200002c4:	6299      	str	r1, [r3, #40]	@ 0x28
200002c6:	62d9      	str	r1, [r3, #44]	@ 0x2c
200002c8:	6319      	str	r1, [r3, #48]	@ 0x30
200002ca:	6359      	str	r1, [r3, #52]	@ 0x34
200002cc:	6399      	str	r1, [r3, #56]	@ 0x38
200002ce:	63d9      	str	r1, [r3, #60]	@ 0x3c
200002d0:	6419      	str	r1, [r3, #64]	@ 0x40
200002d2:	6459      	str	r1, [r3, #68]	@ 0x44
200002d4:	6499      	str	r1, [r3, #72]	@ 0x48
200002d6:	64d9      	str	r1, [r3, #76]	@ 0x4c
200002d8:	6519      	str	r1, [r3, #80]	@ 0x50
200002da:	6559      	str	r1, [r3, #84]	@ 0x54
200002dc:	6599      	str	r1, [r3, #88]	@ 0x58
200002de:	65d9      	str	r1, [r3, #92]	@ 0x5c
200002e0:	6619      	str	r1, [r3, #96]	@ 0x60
200002e2:	6659      	str	r1, [r3, #100]	@ 0x64
200002e4:	6699      	str	r1, [r3, #104]	@ 0x68
200002e6:	66d9      	str	r1, [r3, #108]	@ 0x6c
200002e8:	6719      	str	r1, [r3, #112]	@ 0x70
200002ea:	6759      	str	r1, [r3, #116]	@ 0x74
200002ec:	6799      	str	r1, [r3, #120]	@ 0x78
200002ee:	67d9      	str	r1, [r3, #124]	@ 0x7c
200002f0:	f001 f8ea 	bl	200014c8 <__memset_veneer>
200002f4:	4b03      	ldr	r3, [pc, #12]	@ (20000304 <reset_non_control_endpoints+0x5c>)
200002f6:	4a04      	ldr	r2, [pc, #16]	@ (20000308 <reset_non_control_endpoints+0x60>)
200002f8:	601a      	str	r2, [r3, #0]
200002fa:	bd08      	pop	{r3, pc}
200002fc:	50100000 	.word	0x50100000
20000300:	200024d0 	.word	0x200024d0
20000304:	2000289c 	.word	0x2000289c
20000308:	50100180 	.word	0x50100180

2000030c <hw_handle_buff_status>:
2000030c:	e92d 4ff0 	stmdb	sp!, {r4, r5, r6, r7, r8, r9, sl, fp, lr}
20000310:	4b1f      	ldr	r3, [pc, #124]	@ (20000390 <hw_handle_buff_status+0x84>)
20000312:	b085      	sub	sp, #20
20000314:	f8d3 a058 	ldr.w	sl, [r3, #88]	@ 0x58
20000318:	f1ba 0f00 	cmp.w	sl, #0
2000031c:	d022      	beq.n	20000364 <hw_handle_buff_status+0x58>
2000031e:	2400      	movs	r4, #0
20000320:	2501      	movs	r5, #1
20000322:	f44f 69e0 	mov.w	r9, #1792	@ 0x700
20000326:	f8df 8070 	ldr.w	r8, [pc, #112]	@ 20000398 <hw_handle_buff_status+0x8c>
2000032a:	4f1a      	ldr	r7, [pc, #104]	@ (20000394 <hw_handle_buff_status+0x88>)
2000032c:	e001      	b.n	20000332 <hw_handle_buff_status+0x26>
2000032e:	2c20      	cmp	r4, #32
20000330:	d018      	beq.n	20000364 <hw_handle_buff_status+0x58>
20000332:	ea0a 0205 	and.w	r2, sl, r5
20000336:	1c61      	adds	r1, r4, #1
20000338:	4623      	mov	r3, r4
2000033a:	46ab      	mov	fp, r5
2000033c:	b2cc      	uxtb	r4, r1
2000033e:	006d      	lsls	r5, r5, #1
20000340:	2a00      	cmp	r2, #0
20000342:	d0f4      	beq.n	2000032e <hw_handle_buff_status+0x22>
20000344:	f004 0201 	and.w	r2, r4, #1
20000348:	f003 06fe 	and.w	r6, r3, #254	@ 0xfe
2000034c:	4416      	add	r6, r2
2000034e:	eb07 1646 	add.w	r6, r7, r6, lsl #5
20000352:	4630      	mov	r0, r6
20000354:	f8c8 b058 	str.w	fp, [r8, #88]	@ 0x58
20000358:	f000 fc0a 	bl	20000b70 <hw_endpoint_xfer_continue>
2000035c:	b928      	cbnz	r0, 2000036a <hw_handle_buff_status+0x5e>
2000035e:	ea3a 0a0b 	bics.w	sl, sl, fp
20000362:	d1e4      	bne.n	2000032e <hw_handle_buff_status+0x22>
20000364:	b005      	add	sp, #20
20000366:	e8bd 8ff0 	ldmia.w	sp!, {r4, r5, r6, r7, r8, r9, sl, fp, pc}
2000036a:	2300      	movs	r3, #0
2000036c:	f88d 3009 	strb.w	r3, [sp, #9]
20000370:	78b3      	ldrb	r3, [r6, #2]
20000372:	a801      	add	r0, sp, #4
20000374:	f88d 3008 	strb.w	r3, [sp, #8]
20000378:	8af3      	ldrh	r3, [r6, #22]
2000037a:	2101      	movs	r1, #1
2000037c:	f8ad 9004 	strh.w	r9, [sp, #4]
20000380:	9303      	str	r3, [sp, #12]
20000382:	f000 fc13 	bl	20000bac <dcd_event_handler>
20000386:	4630      	mov	r0, r6
20000388:	f000 fb98 	bl	20000abc <hw_endpoint_reset_transfer>
2000038c:	e7e7      	b.n	2000035e <hw_handle_buff_status+0x52>
2000038e:	bf00      	nop
20000390:	50110000 	.word	0x50110000
20000394:	20002490 	.word	0x20002490
20000398:	50113000 	.word	0x50113000

2000039c <dcd_rp2040_irq>:
2000039c:	b5f0      	push	{r4, r5, r6, r7, lr}
2000039e:	4bbb      	ldr	r3, [pc, #748]	@ (2000068c <dcd_rp2040_irq+0x2f0>)
200003a0:	b085      	sub	sp, #20
200003a2:	f8d3 5098 	ldr.w	r5, [r3, #152]	@ 0x98
200003a6:	f415 3600 	ands.w	r6, r5, #131072	@ 0x20000
200003aa:	d074      	beq.n	20000496 <dcd_rp2040_irq+0xfa>
200003ac:	4bb8      	ldr	r3, [pc, #736]	@ (20000690 <dcd_rp2040_irq+0x2f4>)
200003ae:	4cb9      	ldr	r4, [pc, #740]	@ (20000694 <dcd_rp2040_irq+0x2f8>)
200003b0:	6a99      	ldr	r1, [r3, #40]	@ 0x28
200003b2:	f894 303b 	ldrb.w	r3, [r4, #59]	@ 0x3b
200003b6:	4ab8      	ldr	r2, [pc, #736]	@ (20000698 <dcd_rp2040_irq+0x2fc>)
200003b8:	2b02      	cmp	r3, #2
200003ba:	6011      	str	r1, [r2, #0]
200003bc:	f000 80d4 	beq.w	20000568 <dcd_rp2040_irq+0x1cc>
200003c0:	2600      	movs	r6, #0
200003c2:	f894 307b 	ldrb.w	r3, [r4, #123]	@ 0x7b
200003c6:	2b02      	cmp	r3, #2
200003c8:	f000 813b 	beq.w	20000642 <dcd_rp2040_irq+0x2a6>
200003cc:	f894 30bb 	ldrb.w	r3, [r4, #187]	@ 0xbb
200003d0:	2b02      	cmp	r3, #2
200003d2:	f000 817d 	beq.w	200006d0 <dcd_rp2040_irq+0x334>
200003d6:	f894 30fb 	ldrb.w	r3, [r4, #251]	@ 0xfb
200003da:	2b02      	cmp	r3, #2
200003dc:	f000 816c 	beq.w	200006b8 <dcd_rp2040_irq+0x31c>
200003e0:	f894 313b 	ldrb.w	r3, [r4, #315]	@ 0x13b
200003e4:	2b02      	cmp	r3, #2
200003e6:	f000 8144 	beq.w	20000672 <dcd_rp2040_irq+0x2d6>
200003ea:	f894 317b 	ldrb.w	r3, [r4, #379]	@ 0x17b
200003ee:	2b02      	cmp	r3, #2
200003f0:	f000 8133 	beq.w	2000065a <dcd_rp2040_irq+0x2be>
200003f4:	f894 31bb 	ldrb.w	r3, [r4, #443]	@ 0x1bb
200003f8:	2b02      	cmp	r3, #2
200003fa:	f000 81b6 	beq.w	2000076a <dcd_rp2040_irq+0x3ce>
200003fe:	f894 31fb 	ldrb.w	r3, [r4, #507]	@ 0x1fb
20000402:	2b02      	cmp	r3, #2
20000404:	f000 81a6 	beq.w	20000754 <dcd_rp2040_irq+0x3b8>
20000408:	f894 323b 	ldrb.w	r3, [r4, #571]	@ 0x23b
2000040c:	2b02      	cmp	r3, #2
2000040e:	f000 8196 	beq.w	2000073e <dcd_rp2040_irq+0x3a2>
20000412:	f894 327b 	ldrb.w	r3, [r4, #635]	@ 0x27b
20000416:	2b02      	cmp	r3, #2
20000418:	f000 8186 	beq.w	20000728 <dcd_rp2040_irq+0x38c>
2000041c:	f894 32bb 	ldrb.w	r3, [r4, #699]	@ 0x2bb
20000420:	2b02      	cmp	r3, #2
20000422:	f000 8176 	beq.w	20000712 <dcd_rp2040_irq+0x376>
20000426:	f894 32fb 	ldrb.w	r3, [r4, #763]	@ 0x2fb
2000042a:	2b02      	cmp	r3, #2
2000042c:	f000 8166 	beq.w	200006fc <dcd_rp2040_irq+0x360>
20000430:	f894 333b 	ldrb.w	r3, [r4, #827]	@ 0x33b
20000434:	2b02      	cmp	r3, #2
20000436:	f000 8156 	beq.w	200006e6 <dcd_rp2040_irq+0x34a>
2000043a:	f894 337b 	ldrb.w	r3, [r4, #891]	@ 0x37b
2000043e:	2b02      	cmp	r3, #2
20000440:	f000 80a4 	beq.w	2000058c <dcd_rp2040_irq+0x1f0>
20000444:	f894 33bb 	ldrb.w	r3, [r4, #955]	@ 0x3bb
20000448:	2b02      	cmp	r3, #2
2000044a:	f000 8199 	beq.w	20000780 <dcd_rp2040_irq+0x3e4>
2000044e:	f894 33fb 	ldrb.w	r3, [r4, #1019]	@ 0x3fb
20000452:	2b02      	cmp	r3, #2
20000454:	f000 80b4 	beq.w	200005c0 <dcd_rp2040_irq+0x224>
20000458:	b93e      	cbnz	r6, 2000046a <dcd_rp2040_irq+0xce>
2000045a:	4b90      	ldr	r3, [pc, #576]	@ (2000069c <dcd_rp2040_irq+0x300>)
2000045c:	781b      	ldrb	r3, [r3, #0]
2000045e:	b923      	cbnz	r3, 2000046a <dcd_rp2040_irq+0xce>
20000460:	f44f 3200 	mov.w	r2, #131072	@ 0x20000
20000464:	4b8e      	ldr	r3, [pc, #568]	@ (200006a0 <dcd_rp2040_irq+0x304>)
20000466:	f8c3 2090 	str.w	r2, [r3, #144]	@ 0x90
2000046a:	f44f 7240 	mov.w	r2, #768	@ 0x300
2000046e:	4b87      	ldr	r3, [pc, #540]	@ (2000068c <dcd_rp2040_irq+0x2f0>)
20000470:	2101      	movs	r1, #1
20000472:	6c9b      	ldr	r3, [r3, #72]	@ 0x48
20000474:	a801      	add	r0, sp, #4
20000476:	f3c3 030a 	ubfx	r3, r3, #0, #11
2000047a:	f8ad 2004 	strh.w	r2, [sp, #4]
2000047e:	9302      	str	r3, [sp, #8]
20000480:	f000 fb94 	bl	20000bac <dcd_event_handler>
20000484:	06ea      	lsls	r2, r5, #27
20000486:	f44f 3600 	mov.w	r6, #131072	@ 0x20000
2000048a:	4c86      	ldr	r4, [pc, #536]	@ (200006a4 <dcd_rp2040_irq+0x308>)
2000048c:	d507      	bpl.n	2000049e <dcd_rp2040_irq+0x102>
2000048e:	f7ff ff3d 	bl	2000030c <hw_handle_buff_status>
20000492:	4626      	mov	r6, r4
20000494:	e003      	b.n	2000049e <dcd_rp2040_irq+0x102>
20000496:	06ea      	lsls	r2, r5, #27
20000498:	f04f 0410 	mov.w	r4, #16
2000049c:	d4f7      	bmi.n	2000048e <dcd_rp2040_irq+0xf2>
2000049e:	03eb      	lsls	r3, r5, #15
200004a0:	d522      	bpl.n	200004e8 <dcd_rp2040_irq+0x14c>
200004a2:	4c7c      	ldr	r4, [pc, #496]	@ (20000694 <dcd_rp2040_irq+0x2f8>)
200004a4:	f446 3680 	orr.w	r6, r6, #65536	@ 0x10000
200004a8:	7ea3      	ldrb	r3, [r4, #26]
200004aa:	2b00      	cmp	r3, #0
200004ac:	f040 8099 	bne.w	200005e2 <dcd_rp2040_irq+0x246>
200004b0:	2301      	movs	r3, #1
200004b2:	f894 203a 	ldrb.w	r2, [r4, #58]	@ 0x3a
200004b6:	70e3      	strb	r3, [r4, #3]
200004b8:	2a00      	cmp	r2, #0
200004ba:	f040 80ad 	bne.w	20000618 <dcd_rp2040_irq+0x27c>
200004be:	2301      	movs	r3, #1
200004c0:	f44f 61c0 	mov.w	r1, #1536	@ 0x600
200004c4:	4a78      	ldr	r2, [pc, #480]	@ (200006a8 <dcd_rp2040_irq+0x30c>)
200004c6:	f884 3023 	strb.w	r3, [r4, #35]	@ 0x23
200004ca:	f8ad 1004 	strh.w	r1, [sp, #4]
200004ce:	e892 0003 	ldmia.w	r2, {r0, r1}
200004d2:	aa04      	add	r2, sp, #16
200004d4:	e902 0003 	stmdb	r2, {r0, r1}
200004d8:	4619      	mov	r1, r3
200004da:	a801      	add	r0, sp, #4
200004dc:	f000 fb66 	bl	20000bac <dcd_event_handler>
200004e0:	f44f 3200 	mov.w	r2, #131072	@ 0x20000
200004e4:	4b6e      	ldr	r3, [pc, #440]	@ (200006a0 <dcd_rp2040_irq+0x304>)
200004e6:	651a      	str	r2, [r3, #80]	@ 0x50
200004e8:	04e9      	lsls	r1, r5, #19
200004ea:	d408      	bmi.n	200004fe <dcd_rp2040_irq+0x162>
200004ec:	046a      	lsls	r2, r5, #17
200004ee:	d41d      	bmi.n	2000052c <dcd_rp2040_irq+0x190>
200004f0:	042b      	lsls	r3, r5, #16
200004f2:	d42a      	bmi.n	2000054a <dcd_rp2040_irq+0x1ae>
200004f4:	42ae      	cmp	r6, r5
200004f6:	f040 81c5 	bne.w	20000884 <dcd_rp2040_irq+0x4e8>
200004fa:	b005      	add	sp, #20
200004fc:	bdf0      	pop	{r4, r5, r6, r7, pc}
200004fe:	2400      	movs	r4, #0
20000500:	4b62      	ldr	r3, [pc, #392]	@ (2000068c <dcd_rp2040_irq+0x2f0>)
20000502:	f446 5680 	orr.w	r6, r6, #4096	@ 0x1000
20000506:	601c      	str	r4, [r3, #0]
20000508:	f7ff fece 	bl	200002a8 <reset_non_control_endpoints>
2000050c:	f44f 7380 	mov.w	r3, #256	@ 0x100
20000510:	2101      	movs	r1, #1
20000512:	a801      	add	r0, sp, #4
20000514:	f8ad 3004 	strh.w	r3, [sp, #4]
20000518:	f88d 4008 	strb.w	r4, [sp, #8]
2000051c:	f000 fb46 	bl	20000bac <dcd_event_handler>
20000520:	f44f 2200 	mov.w	r2, #524288	@ 0x80000
20000524:	4b5e      	ldr	r3, [pc, #376]	@ (200006a0 <dcd_rp2040_irq+0x304>)
20000526:	651a      	str	r2, [r3, #80]	@ 0x50
20000528:	046a      	lsls	r2, r5, #17
2000052a:	d5e1      	bpl.n	200004f0 <dcd_rp2040_irq+0x154>
2000052c:	f44f 6380 	mov.w	r3, #1024	@ 0x400
20000530:	2101      	movs	r1, #1
20000532:	a801      	add	r0, sp, #4
20000534:	f8ad 3004 	strh.w	r3, [sp, #4]
20000538:	f000 fb38 	bl	20000bac <dcd_event_handler>
2000053c:	2210      	movs	r2, #16
2000053e:	4b58      	ldr	r3, [pc, #352]	@ (200006a0 <dcd_rp2040_irq+0x304>)
20000540:	f446 4680 	orr.w	r6, r6, #16384	@ 0x4000
20000544:	651a      	str	r2, [r3, #80]	@ 0x50
20000546:	042b      	lsls	r3, r5, #16
20000548:	d5d4      	bpl.n	200004f4 <dcd_rp2040_irq+0x158>
2000054a:	f44f 63a0 	mov.w	r3, #1280	@ 0x500
2000054e:	2101      	movs	r1, #1
20000550:	a801      	add	r0, sp, #4
20000552:	f8ad 3004 	strh.w	r3, [sp, #4]
20000556:	f000 fb29 	bl	20000bac <dcd_event_handler>
2000055a:	f44f 6200 	mov.w	r2, #2048	@ 0x800
2000055e:	4b50      	ldr	r3, [pc, #320]	@ (200006a0 <dcd_rp2040_irq+0x304>)
20000560:	f446 4600 	orr.w	r6, r6, #32768	@ 0x8000
20000564:	651a      	str	r2, [r3, #80]	@ 0x50
20000566:	e7c5      	b.n	200004f4 <dcd_rp2040_irq+0x158>
20000568:	f894 603a 	ldrb.w	r6, [r4, #58]	@ 0x3a
2000056c:	2e00      	cmp	r6, #0
2000056e:	f43f af28 	beq.w	200003c2 <dcd_rp2040_irq+0x26>
20000572:	f894 303c 	ldrb.w	r3, [r4, #60]	@ 0x3c
20000576:	2b00      	cmp	r3, #0
20000578:	f43f af23 	beq.w	200003c2 <dcd_rp2040_irq+0x26>
2000057c:	2300      	movs	r3, #0
2000057e:	f104 0020 	add.w	r0, r4, #32
20000582:	f884 303c 	strb.w	r3, [r4, #60]	@ 0x3c
20000586:	f000 fac1 	bl	20000b0c <hw_endpoint_start_next_buffer>
2000058a:	e71a      	b.n	200003c2 <dcd_rp2040_irq+0x26>
2000058c:	f894 737a 	ldrb.w	r7, [r4, #890]	@ 0x37a
20000590:	2f00      	cmp	r7, #0
20000592:	f43f af57 	beq.w	20000444 <dcd_rp2040_irq+0xa8>
20000596:	f894 337c 	ldrb.w	r3, [r4, #892]	@ 0x37c
2000059a:	2b00      	cmp	r3, #0
2000059c:	f040 8164 	bne.w	20000868 <dcd_rp2040_irq+0x4cc>
200005a0:	f894 33bb 	ldrb.w	r3, [r4, #955]	@ 0x3bb
200005a4:	2b02      	cmp	r3, #2
200005a6:	f040 80f4 	bne.w	20000792 <dcd_rp2040_irq+0x3f6>
200005aa:	f894 33ba 	ldrb.w	r3, [r4, #954]	@ 0x3ba
200005ae:	2b00      	cmp	r3, #0
200005b0:	f040 80eb 	bne.w	2000078a <dcd_rp2040_irq+0x3ee>
200005b4:	f894 33fb 	ldrb.w	r3, [r4, #1019]	@ 0x3fb
200005b8:	2b02      	cmp	r3, #2
200005ba:	f47f af56 	bne.w	2000046a <dcd_rp2040_irq+0xce>
200005be:	463e      	mov	r6, r7
200005c0:	f894 33fa 	ldrb.w	r3, [r4, #1018]	@ 0x3fa
200005c4:	2b00      	cmp	r3, #0
200005c6:	f43f af47 	beq.w	20000458 <dcd_rp2040_irq+0xbc>
200005ca:	f894 33fc 	ldrb.w	r3, [r4, #1020]	@ 0x3fc
200005ce:	2b00      	cmp	r3, #0
200005d0:	f43f af4b 	beq.w	2000046a <dcd_rp2040_irq+0xce>
200005d4:	2300      	movs	r3, #0
200005d6:	4835      	ldr	r0, [pc, #212]	@ (200006ac <dcd_rp2040_irq+0x310>)
200005d8:	f884 33fc 	strb.w	r3, [r4, #1020]	@ 0x3fc
200005dc:	f000 fa96 	bl	20000b0c <hw_endpoint_start_next_buffer>
200005e0:	e743      	b.n	2000046a <dcd_rp2040_irq+0xce>
200005e2:	2102      	movs	r1, #2
200005e4:	4b32      	ldr	r3, [pc, #200]	@ (200006b0 <dcd_rp2040_irq+0x314>)
200005e6:	4a29      	ldr	r2, [pc, #164]	@ (2000068c <dcd_rp2040_irq+0x2f0>)
200005e8:	6619      	str	r1, [r3, #96]	@ 0x60
200005ea:	6e53      	ldr	r3, [r2, #100]	@ 0x64
200005ec:	079f      	lsls	r7, r3, #30
200005ee:	d5fc      	bpl.n	200005ea <dcd_rp2040_irq+0x24e>
200005f0:	f44f 5240 	mov.w	r2, #12288	@ 0x3000
200005f4:	2100      	movs	r1, #0
200005f6:	4827      	ldr	r0, [pc, #156]	@ (20000694 <dcd_rp2040_irq+0x2f8>)
200005f8:	f000 fa66 	bl	20000ac8 <_hw_endpoint_buffer_control_update32>
200005fc:	4825      	ldr	r0, [pc, #148]	@ (20000694 <dcd_rp2040_irq+0x2f8>)
200005fe:	f000 fa5d 	bl	20000abc <hw_endpoint_reset_transfer>
20000602:	2202      	movs	r2, #2
20000604:	4b26      	ldr	r3, [pc, #152]	@ (200006a0 <dcd_rp2040_irq+0x304>)
20000606:	665a      	str	r2, [r3, #100]	@ 0x64
20000608:	661a      	str	r2, [r3, #96]	@ 0x60
2000060a:	2301      	movs	r3, #1
2000060c:	f894 203a 	ldrb.w	r2, [r4, #58]	@ 0x3a
20000610:	70e3      	strb	r3, [r4, #3]
20000612:	2a00      	cmp	r2, #0
20000614:	f43f af53 	beq.w	200004be <dcd_rp2040_irq+0x122>
20000618:	4a25      	ldr	r2, [pc, #148]	@ (200006b0 <dcd_rp2040_irq+0x314>)
2000061a:	6613      	str	r3, [r2, #96]	@ 0x60
2000061c:	f5a2 5200 	sub.w	r2, r2, #8192	@ 0x2000
20000620:	6e53      	ldr	r3, [r2, #100]	@ 0x64
20000622:	07d8      	lsls	r0, r3, #31
20000624:	d5fc      	bpl.n	20000620 <dcd_rp2040_irq+0x284>
20000626:	f44f 5240 	mov.w	r2, #12288	@ 0x3000
2000062a:	2100      	movs	r1, #0
2000062c:	4821      	ldr	r0, [pc, #132]	@ (200006b4 <dcd_rp2040_irq+0x318>)
2000062e:	f000 fa4b 	bl	20000ac8 <_hw_endpoint_buffer_control_update32>
20000632:	4820      	ldr	r0, [pc, #128]	@ (200006b4 <dcd_rp2040_irq+0x318>)
20000634:	f000 fa42 	bl	20000abc <hw_endpoint_reset_transfer>
20000638:	2201      	movs	r2, #1
2000063a:	4b19      	ldr	r3, [pc, #100]	@ (200006a0 <dcd_rp2040_irq+0x304>)
2000063c:	665a      	str	r2, [r3, #100]	@ 0x64
2000063e:	661a      	str	r2, [r3, #96]	@ 0x60
20000640:	e73d      	b.n	200004be <dcd_rp2040_irq+0x122>
20000642:	f894 707a 	ldrb.w	r7, [r4, #122]	@ 0x7a
20000646:	2f00      	cmp	r7, #0
20000648:	f43f aec0 	beq.w	200003cc <dcd_rp2040_irq+0x30>
2000064c:	f894 307c 	ldrb.w	r3, [r4, #124]	@ 0x7c
20000650:	2b00      	cmp	r3, #0
20000652:	f040 8101 	bne.w	20000858 <dcd_rp2040_irq+0x4bc>
20000656:	463e      	mov	r6, r7
20000658:	e6b8      	b.n	200003cc <dcd_rp2040_irq+0x30>
2000065a:	f894 717a 	ldrb.w	r7, [r4, #378]	@ 0x17a
2000065e:	2f00      	cmp	r7, #0
20000660:	f43f aec8 	beq.w	200003f4 <dcd_rp2040_irq+0x58>
20000664:	f894 317c 	ldrb.w	r3, [r4, #380]	@ 0x17c
20000668:	2b00      	cmp	r3, #0
2000066a:	f040 80ed 	bne.w	20000848 <dcd_rp2040_irq+0x4ac>
2000066e:	463e      	mov	r6, r7
20000670:	e6c0      	b.n	200003f4 <dcd_rp2040_irq+0x58>
20000672:	f894 713a 	ldrb.w	r7, [r4, #314]	@ 0x13a
20000676:	2f00      	cmp	r7, #0
20000678:	f43f aeb7 	beq.w	200003ea <dcd_rp2040_irq+0x4e>
2000067c:	f894 313c 	ldrb.w	r3, [r4, #316]	@ 0x13c
20000680:	2b00      	cmp	r3, #0
20000682:	f040 80d9 	bne.w	20000838 <dcd_rp2040_irq+0x49c>
20000686:	463e      	mov	r6, r7
20000688:	e6af      	b.n	200003ea <dcd_rp2040_irq+0x4e>
2000068a:	bf00      	nop
2000068c:	50110000 	.word	0x50110000
20000690:	400b0000 	.word	0x400b0000
20000694:	20002490 	.word	0x20002490
20000698:	20002480 	.word	0x20002480
2000069c:	20002a8d 	.word	0x20002a8d
200006a0:	50113000 	.word	0x50113000
200006a4:	00020010 	.word	0x00020010
200006a8:	50100000 	.word	0x50100000
200006ac:	20002870 	.word	0x20002870
200006b0:	50112000 	.word	0x50112000
200006b4:	200024b0 	.word	0x200024b0
200006b8:	f894 70fa 	ldrb.w	r7, [r4, #250]	@ 0xfa
200006bc:	2f00      	cmp	r7, #0
200006be:	f43f ae8f 	beq.w	200003e0 <dcd_rp2040_irq+0x44>
200006c2:	f894 30fc 	ldrb.w	r3, [r4, #252]	@ 0xfc
200006c6:	2b00      	cmp	r3, #0
200006c8:	f040 808e 	bne.w	200007e8 <dcd_rp2040_irq+0x44c>
200006cc:	463e      	mov	r6, r7
200006ce:	e687      	b.n	200003e0 <dcd_rp2040_irq+0x44>
200006d0:	f894 70ba 	ldrb.w	r7, [r4, #186]	@ 0xba
200006d4:	2f00      	cmp	r7, #0
200006d6:	f43f ae7e 	beq.w	200003d6 <dcd_rp2040_irq+0x3a>
200006da:	f894 30bc 	ldrb.w	r3, [r4, #188]	@ 0xbc
200006de:	2b00      	cmp	r3, #0
200006e0:	d17a      	bne.n	200007d8 <dcd_rp2040_irq+0x43c>
200006e2:	463e      	mov	r6, r7
200006e4:	e677      	b.n	200003d6 <dcd_rp2040_irq+0x3a>
200006e6:	f894 733a 	ldrb.w	r7, [r4, #826]	@ 0x33a
200006ea:	2f00      	cmp	r7, #0
200006ec:	f43f aea5 	beq.w	2000043a <dcd_rp2040_irq+0x9e>
200006f0:	f894 333c 	ldrb.w	r3, [r4, #828]	@ 0x33c
200006f4:	2b00      	cmp	r3, #0
200006f6:	d157      	bne.n	200007a8 <dcd_rp2040_irq+0x40c>
200006f8:	463e      	mov	r6, r7
200006fa:	e69e      	b.n	2000043a <dcd_rp2040_irq+0x9e>
200006fc:	f894 72fa 	ldrb.w	r7, [r4, #762]	@ 0x2fa
20000700:	2f00      	cmp	r7, #0
20000702:	f43f ae95 	beq.w	20000430 <dcd_rp2040_irq+0x94>
20000706:	f894 32fc 	ldrb.w	r3, [r4, #764]	@ 0x2fc
2000070a:	2b00      	cmp	r3, #0
2000070c:	d15c      	bne.n	200007c8 <dcd_rp2040_irq+0x42c>
2000070e:	463e      	mov	r6, r7
20000710:	e68e      	b.n	20000430 <dcd_rp2040_irq+0x94>
20000712:	f894 72ba 	ldrb.w	r7, [r4, #698]	@ 0x2ba
20000716:	2f00      	cmp	r7, #0
20000718:	f43f ae85 	beq.w	20000426 <dcd_rp2040_irq+0x8a>
2000071c:	f894 32bc 	ldrb.w	r3, [r4, #700]	@ 0x2bc
20000720:	2b00      	cmp	r3, #0
20000722:	d149      	bne.n	200007b8 <dcd_rp2040_irq+0x41c>
20000724:	463e      	mov	r6, r7
20000726:	e67e      	b.n	20000426 <dcd_rp2040_irq+0x8a>
20000728:	f894 727a 	ldrb.w	r7, [r4, #634]	@ 0x27a
2000072c:	2f00      	cmp	r7, #0
2000072e:	f43f ae75 	beq.w	2000041c <dcd_rp2040_irq+0x80>
20000732:	f894 327c 	ldrb.w	r3, [r4, #636]	@ 0x27c
20000736:	2b00      	cmp	r3, #0
20000738:	d176      	bne.n	20000828 <dcd_rp2040_irq+0x48c>
2000073a:	463e      	mov	r6, r7
2000073c:	e66e      	b.n	2000041c <dcd_rp2040_irq+0x80>
2000073e:	f894 723a 	ldrb.w	r7, [r4, #570]	@ 0x23a
20000742:	2f00      	cmp	r7, #0
20000744:	f43f ae65 	beq.w	20000412 <dcd_rp2040_irq+0x76>
20000748:	f894 323c 	ldrb.w	r3, [r4, #572]	@ 0x23c
2000074c:	2b00      	cmp	r3, #0
2000074e:	d163      	bne.n	20000818 <dcd_rp2040_irq+0x47c>
20000750:	463e      	mov	r6, r7
20000752:	e65e      	b.n	20000412 <dcd_rp2040_irq+0x76>
20000754:	f894 71fa 	ldrb.w	r7, [r4, #506]	@ 0x1fa
20000758:	2f00      	cmp	r7, #0
2000075a:	f43f ae55 	beq.w	20000408 <dcd_rp2040_irq+0x6c>
2000075e:	f894 31fc 	ldrb.w	r3, [r4, #508]	@ 0x1fc
20000762:	2b00      	cmp	r3, #0
20000764:	d150      	bne.n	20000808 <dcd_rp2040_irq+0x46c>
20000766:	463e      	mov	r6, r7
20000768:	e64e      	b.n	20000408 <dcd_rp2040_irq+0x6c>
2000076a:	f894 71ba 	ldrb.w	r7, [r4, #442]	@ 0x1ba
2000076e:	2f00      	cmp	r7, #0
20000770:	f43f ae45 	beq.w	200003fe <dcd_rp2040_irq+0x62>
20000774:	f894 31bc 	ldrb.w	r3, [r4, #444]	@ 0x1bc
20000778:	2b00      	cmp	r3, #0
2000077a:	d13d      	bne.n	200007f8 <dcd_rp2040_irq+0x45c>
2000077c:	463e      	mov	r6, r7
2000077e:	e63e      	b.n	200003fe <dcd_rp2040_irq+0x62>
20000780:	f894 33ba 	ldrb.w	r3, [r4, #954]	@ 0x3ba
20000784:	2b00      	cmp	r3, #0
20000786:	f43f ae62 	beq.w	2000044e <dcd_rp2040_irq+0xb2>
2000078a:	f894 33bc 	ldrb.w	r3, [r4, #956]	@ 0x3bc
2000078e:	2b00      	cmp	r3, #0
20000790:	d171      	bne.n	20000876 <dcd_rp2040_irq+0x4da>
20000792:	f894 33fb 	ldrb.w	r3, [r4, #1019]	@ 0x3fb
20000796:	2b02      	cmp	r3, #2
20000798:	f47f ae67 	bne.w	2000046a <dcd_rp2040_irq+0xce>
2000079c:	f894 33fa 	ldrb.w	r3, [r4, #1018]	@ 0x3fa
200007a0:	2b00      	cmp	r3, #0
200007a2:	f43f ae62 	beq.w	2000046a <dcd_rp2040_irq+0xce>
200007a6:	e710      	b.n	200005ca <dcd_rp2040_irq+0x22e>
200007a8:	2300      	movs	r3, #0
200007aa:	4839      	ldr	r0, [pc, #228]	@ (20000890 <dcd_rp2040_irq+0x4f4>)
200007ac:	f884 333c 	strb.w	r3, [r4, #828]	@ 0x33c
200007b0:	463e      	mov	r6, r7
200007b2:	f000 f9ab 	bl	20000b0c <hw_endpoint_start_next_buffer>
200007b6:	e640      	b.n	2000043a <dcd_rp2040_irq+0x9e>
200007b8:	2300      	movs	r3, #0
200007ba:	4836      	ldr	r0, [pc, #216]	@ (20000894 <dcd_rp2040_irq+0x4f8>)
200007bc:	f884 32bc 	strb.w	r3, [r4, #700]	@ 0x2bc
200007c0:	463e      	mov	r6, r7
200007c2:	f000 f9a3 	bl	20000b0c <hw_endpoint_start_next_buffer>
200007c6:	e62e      	b.n	20000426 <dcd_rp2040_irq+0x8a>
200007c8:	2300      	movs	r3, #0
200007ca:	4833      	ldr	r0, [pc, #204]	@ (20000898 <dcd_rp2040_irq+0x4fc>)
200007cc:	f884 32fc 	strb.w	r3, [r4, #764]	@ 0x2fc
200007d0:	463e      	mov	r6, r7
200007d2:	f000 f99b 	bl	20000b0c <hw_endpoint_start_next_buffer>
200007d6:	e62b      	b.n	20000430 <dcd_rp2040_irq+0x94>
200007d8:	2300      	movs	r3, #0
200007da:	4830      	ldr	r0, [pc, #192]	@ (2000089c <dcd_rp2040_irq+0x500>)
200007dc:	f884 30bc 	strb.w	r3, [r4, #188]	@ 0xbc
200007e0:	463e      	mov	r6, r7
200007e2:	f000 f993 	bl	20000b0c <hw_endpoint_start_next_buffer>
200007e6:	e5f6      	b.n	200003d6 <dcd_rp2040_irq+0x3a>
200007e8:	2300      	movs	r3, #0
200007ea:	482d      	ldr	r0, [pc, #180]	@ (200008a0 <dcd_rp2040_irq+0x504>)
200007ec:	f884 30fc 	strb.w	r3, [r4, #252]	@ 0xfc
200007f0:	463e      	mov	r6, r7
200007f2:	f000 f98b 	bl	20000b0c <hw_endpoint_start_next_buffer>
200007f6:	e5f3      	b.n	200003e0 <dcd_rp2040_irq+0x44>
200007f8:	2300      	movs	r3, #0
200007fa:	482a      	ldr	r0, [pc, #168]	@ (200008a4 <dcd_rp2040_irq+0x508>)
200007fc:	f884 31bc 	strb.w	r3, [r4, #444]	@ 0x1bc
20000800:	463e      	mov	r6, r7
20000802:	f000 f983 	bl	20000b0c <hw_endpoint_start_next_buffer>
20000806:	e5fa      	b.n	200003fe <dcd_rp2040_irq+0x62>
20000808:	2300      	movs	r3, #0
2000080a:	4827      	ldr	r0, [pc, #156]	@ (200008a8 <dcd_rp2040_irq+0x50c>)
2000080c:	f884 31fc 	strb.w	r3, [r4, #508]	@ 0x1fc
20000810:	463e      	mov	r6, r7
20000812:	f000 f97b 	bl	20000b0c <hw_endpoint_start_next_buffer>
20000816:	e5f7      	b.n	20000408 <dcd_rp2040_irq+0x6c>
20000818:	2300      	movs	r3, #0
2000081a:	4824      	ldr	r0, [pc, #144]	@ (200008ac <dcd_rp2040_irq+0x510>)
2000081c:	f884 323c 	strb.w	r3, [r4, #572]	@ 0x23c
20000820:	463e      	mov	r6, r7
20000822:	f000 f973 	bl	20000b0c <hw_endpoint_start_next_buffer>
20000826:	e5f4      	b.n	20000412 <dcd_rp2040_irq+0x76>
20000828:	2300      	movs	r3, #0
2000082a:	4821      	ldr	r0, [pc, #132]	@ (200008b0 <dcd_rp2040_irq+0x514>)
2000082c:	f884 327c 	strb.w	r3, [r4, #636]	@ 0x27c
20000830:	463e      	mov	r6, r7
20000832:	f000 f96b 	bl	20000b0c <hw_endpoint_start_next_buffer>
20000836:	e5f1      	b.n	2000041c <dcd_rp2040_irq+0x80>
20000838:	2300      	movs	r3, #0
2000083a:	481e      	ldr	r0, [pc, #120]	@ (200008b4 <dcd_rp2040_irq+0x518>)
2000083c:	f884 313c 	strb.w	r3, [r4, #316]	@ 0x13c
20000840:	463e      	mov	r6, r7
20000842:	f000 f963 	bl	20000b0c <hw_endpoint_start_next_buffer>
20000846:	e5d0      	b.n	200003ea <dcd_rp2040_irq+0x4e>
20000848:	2300      	movs	r3, #0
2000084a:	481b      	ldr	r0, [pc, #108]	@ (200008b8 <dcd_rp2040_irq+0x51c>)
2000084c:	f884 317c 	strb.w	r3, [r4, #380]	@ 0x17c
20000850:	463e      	mov	r6, r7
20000852:	f000 f95b 	bl	20000b0c <hw_endpoint_start_next_buffer>
20000856:	e5cd      	b.n	200003f4 <dcd_rp2040_irq+0x58>
20000858:	2300      	movs	r3, #0
2000085a:	4818      	ldr	r0, [pc, #96]	@ (200008bc <dcd_rp2040_irq+0x520>)
2000085c:	f884 307c 	strb.w	r3, [r4, #124]	@ 0x7c
20000860:	463e      	mov	r6, r7
20000862:	f000 f953 	bl	20000b0c <hw_endpoint_start_next_buffer>
20000866:	e5b1      	b.n	200003cc <dcd_rp2040_irq+0x30>
20000868:	2300      	movs	r3, #0
2000086a:	4815      	ldr	r0, [pc, #84]	@ (200008c0 <dcd_rp2040_irq+0x524>)
2000086c:	f884 337c 	strb.w	r3, [r4, #892]	@ 0x37c
20000870:	f000 f94c 	bl	20000b0c <hw_endpoint_start_next_buffer>
20000874:	e694      	b.n	200005a0 <dcd_rp2040_irq+0x204>
20000876:	2300      	movs	r3, #0
20000878:	4812      	ldr	r0, [pc, #72]	@ (200008c4 <dcd_rp2040_irq+0x528>)
2000087a:	f884 33bc 	strb.w	r3, [r4, #956]	@ 0x3bc
2000087e:	f000 f945 	bl	20000b0c <hw_endpoint_start_next_buffer>
20000882:	e786      	b.n	20000792 <dcd_rp2040_irq+0x3f6>
20000884:	4810      	ldr	r0, [pc, #64]	@ (200008c8 <dcd_rp2040_irq+0x52c>)
20000886:	ea86 0105 	eor.w	r1, r6, r5
2000088a:	f000 fe21 	bl	200014d0 <__panic_veneer>
2000088e:	bf00      	nop
20000890:	200027b0 	.word	0x200027b0
20000894:	20002730 	.word	0x20002730
20000898:	20002770 	.word	0x20002770
2000089c:	20002530 	.word	0x20002530
200008a0:	20002570 	.word	0x20002570
200008a4:	20002630 	.word	0x20002630
200008a8:	20002670 	.word	0x20002670
200008ac:	200026b0 	.word	0x200026b0
200008b0:	200026f0 	.word	0x200026f0
200008b4:	200025b0 	.word	0x200025b0
200008b8:	200025f0 	.word	0x200025f0
200008bc:	200024f0 	.word	0x200024f0
200008c0:	200027f0 	.word	0x200027f0
200008c4:	20002830 	.word	0x20002830
200008c8:	100094b8 	.word	0x100094b8

200008cc <prepare_ep_buffer>:
200008cc:	e92d 47f0 	stmdb	sp!, {r4, r5, r6, r7, r8, r9, sl, lr}
200008d0:	8a84      	ldrh	r4, [r0, #20]
200008d2:	8b05      	ldrh	r5, [r0, #24]
200008d4:	78c2      	ldrb	r2, [r0, #3]
200008d6:	42a5      	cmp	r5, r4
200008d8:	bf28      	it	cs
200008da:	4625      	movcs	r5, r4
200008dc:	1e17      	subs	r7, r2, #0
200008de:	bf18      	it	ne
200008e0:	2701      	movne	r7, #1
200008e2:	1b64      	subs	r4, r4, r5
200008e4:	7846      	ldrb	r6, [r0, #1]
200008e6:	f082 0201 	eor.w	r2, r2, #1
200008ea:	b2a4      	uxth	r4, r4
200008ec:	4603      	mov	r3, r0
200008ee:	70c2      	strb	r2, [r0, #3]
200008f0:	8284      	strh	r4, [r0, #20]
200008f2:	f445 6080 	orr.w	r0, r5, #1024	@ 0x400
200008f6:	ea40 3047 	orr.w	r0, r0, r7, lsl #13
200008fa:	bba6      	cbnz	r6, 20000966 <prepare_ep_buffer+0x9a>
200008fc:	e9d3 2603 	ldrd	r2, r6, [r3, #12]
20000900:	1e6f      	subs	r7, r5, #1
20000902:	eb02 1e81 	add.w	lr, r2, r1, lsl #6
20000906:	b355      	cbz	r5, 2000095e <prepare_ep_buffer+0x92>
20000908:	2f05      	cmp	r7, #5
2000090a:	bf98      	it	ls
2000090c:	1c72      	addls	r2, r6, #1
2000090e:	d931      	bls.n	20000974 <prepare_ep_buffer+0xa8>
20000910:	eb02 1c81 	add.w	ip, r2, r1, lsl #6
20000914:	1c72      	adds	r2, r6, #1
20000916:	ebac 0402 	sub.w	r4, ip, r2
2000091a:	2c02      	cmp	r4, #2
2000091c:	d92a      	bls.n	20000974 <prepare_ep_buffer+0xa8>
2000091e:	4632      	mov	r2, r6
20000920:	ea4f 0995 	mov.w	r9, r5, lsr #2
20000924:	ea4f 0a89 	mov.w	sl, r9, lsl #2
20000928:	eb06 0889 	add.w	r8, r6, r9, lsl #2
2000092c:	f852 4b04 	ldr.w	r4, [r2], #4
20000930:	4542      	cmp	r2, r8
20000932:	f84c 4b04 	str.w	r4, [ip], #4
20000936:	d1f9      	bne.n	2000092c <prepare_ep_buffer+0x60>
20000938:	4555      	cmp	r5, sl
2000093a:	eba7 070a 	sub.w	r7, r7, sl
2000093e:	eb0e 040a 	add.w	r4, lr, sl
20000942:	d00a      	beq.n	2000095a <prepare_ep_buffer+0x8e>
20000944:	f816 6029 	ldrb.w	r6, [r6, r9, lsl #2]
20000948:	f80e 6029 	strb.w	r6, [lr, r9, lsl #2]
2000094c:	b12f      	cbz	r7, 2000095a <prepare_ep_buffer+0x8e>
2000094e:	7856      	ldrb	r6, [r2, #1]
20000950:	2f01      	cmp	r7, #1
20000952:	7066      	strb	r6, [r4, #1]
20000954:	d001      	beq.n	2000095a <prepare_ep_buffer+0x8e>
20000956:	7892      	ldrb	r2, [r2, #2]
20000958:	70a2      	strb	r2, [r4, #2]
2000095a:	691e      	ldr	r6, [r3, #16]
2000095c:	8a9c      	ldrh	r4, [r3, #20]
2000095e:	442e      	add	r6, r5
20000960:	611e      	str	r6, [r3, #16]
20000962:	f440 4000 	orr.w	r0, r0, #32768	@ 0x8000
20000966:	b90c      	cbnz	r4, 2000096c <prepare_ep_buffer+0xa0>
20000968:	f440 4080 	orr.w	r0, r0, #16384	@ 0x4000
2000096c:	b101      	cbz	r1, 20000970 <prepare_ep_buffer+0xa4>
2000096e:	0400      	lsls	r0, r0, #16
20000970:	e8bd 87f0 	ldmia.w	sp!, {r4, r5, r6, r7, r8, r9, sl, pc}
20000974:	f10e 3eff 	add.w	lr, lr, #4294967295
20000978:	442e      	add	r6, r5
2000097a:	e000      	b.n	2000097e <prepare_ep_buffer+0xb2>
2000097c:	3201      	adds	r2, #1
2000097e:	f812 4c01 	ldrb.w	r4, [r2, #-1]
20000982:	42b2      	cmp	r2, r6
20000984:	f80e 4f01 	strb.w	r4, [lr, #1]!
20000988:	d1f8      	bne.n	2000097c <prepare_ep_buffer+0xb0>
2000098a:	e7e6      	b.n	2000095a <prepare_ep_buffer+0x8e>

2000098c <sync_ep_buffer>:
2000098c:	6883      	ldr	r3, [r0, #8]
2000098e:	4602      	mov	r2, r0
20000990:	6818      	ldr	r0, [r3, #0]
20000992:	b101      	cbz	r1, 20000996 <sync_ep_buffer+0xa>
20000994:	0c00      	lsrs	r0, r0, #16
20000996:	7853      	ldrb	r3, [r2, #1]
20000998:	f3c0 0009 	ubfx	r0, r0, #0, #10
2000099c:	2b00      	cmp	r3, #0
2000099e:	d03c      	beq.n	20000a1a <sync_ep_buffer+0x8e>
200009a0:	e92d 41f0 	stmdb	sp!, {r4, r5, r6, r7, r8, lr}
200009a4:	e9d2 3403 	ldrd	r3, r4, [r2, #12]
200009a8:	1e46      	subs	r6, r0, #1
200009aa:	eb03 1e81 	add.w	lr, r3, r1, lsl #6
200009ae:	b340      	cbz	r0, 20000a02 <sync_ep_buffer+0x76>
200009b0:	2e05      	cmp	r6, #5
200009b2:	d93b      	bls.n	20000a2c <sync_ep_buffer+0xa0>
200009b4:	0189      	lsls	r1, r1, #6
200009b6:	1c4d      	adds	r5, r1, #1
200009b8:	441d      	add	r5, r3
200009ba:	1b65      	subs	r5, r4, r5
200009bc:	2d02      	cmp	r5, #2
200009be:	d935      	bls.n	20000a2c <sync_ep_buffer+0xa0>
200009c0:	4673      	mov	r3, lr
200009c2:	4621      	mov	r1, r4
200009c4:	f400 777f 	and.w	r7, r0, #1020	@ 0x3fc
200009c8:	ea4f 0890 	mov.w	r8, r0, lsr #2
200009cc:	18fd      	adds	r5, r7, r3
200009ce:	f853 cb04 	ldr.w	ip, [r3], #4
200009d2:	42ab      	cmp	r3, r5
200009d4:	f841 cb04 	str.w	ip, [r1], #4
200009d8:	d1f9      	bne.n	200009ce <sync_ep_buffer+0x42>
200009da:	42b8      	cmp	r0, r7
200009dc:	eba6 0607 	sub.w	r6, r6, r7
200009e0:	eb04 0307 	add.w	r3, r4, r7
200009e4:	eb0e 0107 	add.w	r1, lr, r7
200009e8:	d00a      	beq.n	20000a00 <sync_ep_buffer+0x74>
200009ea:	f81e 5028 	ldrb.w	r5, [lr, r8, lsl #2]
200009ee:	f804 5028 	strb.w	r5, [r4, r8, lsl #2]
200009f2:	b12e      	cbz	r6, 20000a00 <sync_ep_buffer+0x74>
200009f4:	784c      	ldrb	r4, [r1, #1]
200009f6:	2e01      	cmp	r6, #1
200009f8:	705c      	strb	r4, [r3, #1]
200009fa:	d001      	beq.n	20000a00 <sync_ep_buffer+0x74>
200009fc:	7889      	ldrb	r1, [r1, #2]
200009fe:	7099      	strb	r1, [r3, #2]
20000a00:	6914      	ldr	r4, [r2, #16]
20000a02:	8ad3      	ldrh	r3, [r2, #22]
20000a04:	4404      	add	r4, r0
20000a06:	4403      	add	r3, r0
20000a08:	82d3      	strh	r3, [r2, #22]
20000a0a:	8b13      	ldrh	r3, [r2, #24]
20000a0c:	6114      	str	r4, [r2, #16]
20000a0e:	4283      	cmp	r3, r0
20000a10:	bf84      	itt	hi
20000a12:	2300      	movhi	r3, #0
20000a14:	8293      	strhhi	r3, [r2, #20]
20000a16:	e8bd 81f0 	ldmia.w	sp!, {r4, r5, r6, r7, r8, pc}
20000a1a:	8ad3      	ldrh	r3, [r2, #22]
20000a1c:	4403      	add	r3, r0
20000a1e:	82d3      	strh	r3, [r2, #22]
20000a20:	8b13      	ldrh	r3, [r2, #24]
20000a22:	4283      	cmp	r3, r0
20000a24:	bf84      	itt	hi
20000a26:	2300      	movhi	r3, #0
20000a28:	8293      	strhhi	r3, [r2, #20]
20000a2a:	4770      	bx	lr
20000a2c:	3c01      	subs	r4, #1
20000a2e:	eb0e 0100 	add.w	r1, lr, r0
20000a32:	f81e 3b01 	ldrb.w	r3, [lr], #1
20000a36:	4571      	cmp	r1, lr
20000a38:	f804 3f01 	strb.w	r3, [r4, #1]!
20000a3c:	d1f9      	bne.n	20000a32 <sync_ep_buffer+0xa6>
20000a3e:	e7df      	b.n	20000a00 <sync_ep_buffer+0x74>

20000a40 <_hw_endpoint_xfer_sync>:
20000a40:	b510      	push	{r4, lr}
20000a42:	4604      	mov	r4, r0
20000a44:	6883      	ldr	r3, [r0, #8]
20000a46:	2100      	movs	r1, #0
20000a48:	681b      	ldr	r3, [r3, #0]
20000a4a:	f7ff ff9f 	bl	2000098c <sync_ep_buffer>
20000a4e:	6863      	ldr	r3, [r4, #4]
20000a50:	681b      	ldr	r3, [r3, #0]
20000a52:	005b      	lsls	r3, r3, #1
20000a54:	d502      	bpl.n	20000a5c <_hw_endpoint_xfer_sync+0x1c>
20000a56:	8b23      	ldrh	r3, [r4, #24]
20000a58:	4283      	cmp	r3, r0
20000a5a:	d000      	beq.n	20000a5e <_hw_endpoint_xfer_sync+0x1e>
20000a5c:	bd10      	pop	{r4, pc}
20000a5e:	4620      	mov	r0, r4
20000a60:	e8bd 4010 	ldmia.w	sp!, {r4, lr}
20000a64:	2101      	movs	r1, #1
20000a66:	f7ff bf91 	b.w	2000098c <sync_ep_buffer>
20000a6a:	bf00      	nop

20000a6c <e15_is_bulkin_ep>:
20000a6c:	4b08      	ldr	r3, [pc, #32]	@ (20000a90 <e15_is_bulkin_ep+0x24>)
20000a6e:	6c1b      	ldr	r3, [r3, #64]	@ 0x40
20000a70:	f013 0302 	ands.w	r3, r3, #2
20000a74:	d102      	bne.n	20000a7c <e15_is_bulkin_ep+0x10>
20000a76:	7882      	ldrb	r2, [r0, #2]
20000a78:	09d2      	lsrs	r2, r2, #7
20000a7a:	d101      	bne.n	20000a80 <e15_is_bulkin_ep+0x14>
20000a7c:	2000      	movs	r0, #0
20000a7e:	4770      	bx	lr
20000a80:	7ec0      	ldrb	r0, [r0, #27]
20000a82:	f1a0 0002 	sub.w	r0, r0, #2
20000a86:	fab0 f080 	clz	r0, r0
20000a8a:	0940      	lsrs	r0, r0, #5
20000a8c:	4770      	bx	lr
20000a8e:	bf00      	nop
20000a90:	50110000 	.word	0x50110000

20000a94 <e15_is_critical_frame_period>:
20000a94:	b508      	push	{r3, lr}
20000a96:	f7ff ffe9 	bl	20000a6c <e15_is_bulkin_ep>
20000a9a:	b150      	cbz	r0, 20000ab2 <e15_is_critical_frame_period+0x1e>
20000a9c:	4a05      	ldr	r2, [pc, #20]	@ (20000ab4 <e15_is_critical_frame_period+0x20>)
20000a9e:	4b06      	ldr	r3, [pc, #24]	@ (20000ab8 <e15_is_critical_frame_period+0x24>)
20000aa0:	6a90      	ldr	r0, [r2, #40]	@ 0x28
20000aa2:	681b      	ldr	r3, [r3, #0]
20000aa4:	f5a0 7048 	sub.w	r0, r0, #800	@ 0x320
20000aa8:	1ac0      	subs	r0, r0, r3
20000aaa:	28c6      	cmp	r0, #198	@ 0xc6
20000aac:	bf8c      	ite	hi
20000aae:	2000      	movhi	r0, #0
20000ab0:	2001      	movls	r0, #1
20000ab2:	bd08      	pop	{r3, pc}
20000ab4:	400b0000 	.word	0x400b0000
20000ab8:	20002480 	.word	0x20002480

20000abc <hw_endpoint_reset_transfer>:
20000abc:	2300      	movs	r3, #0
20000abe:	e9c0 3304 	strd	r3, r3, [r0, #16]
20000ac2:	7683      	strb	r3, [r0, #26]
20000ac4:	4770      	bx	lr
20000ac6:	bf00      	nop

20000ac8 <_hw_endpoint_buffer_control_update32>:
20000ac8:	b510      	push	{r4, lr}
20000aca:	6883      	ldr	r3, [r0, #8]
20000acc:	b109      	cbz	r1, 20000ad2 <_hw_endpoint_buffer_control_update32+0xa>
20000ace:	681c      	ldr	r4, [r3, #0]
20000ad0:	4021      	ands	r1, r4
20000ad2:	b182      	cbz	r2, 20000af6 <_hw_endpoint_buffer_control_update32+0x2e>
20000ad4:	4311      	orrs	r1, r2
20000ad6:	0552      	lsls	r2, r2, #21
20000ad8:	d50d      	bpl.n	20000af6 <_hw_endpoint_buffer_control_update32+0x2e>
20000ada:	681a      	ldr	r2, [r3, #0]
20000adc:	0554      	lsls	r4, r2, #21
20000ade:	d40c      	bmi.n	20000afa <_hw_endpoint_buffer_control_update32+0x32>
20000ae0:	4a08      	ldr	r2, [pc, #32]	@ (20000b04 <_hw_endpoint_buffer_control_update32+0x3c>)
20000ae2:	f421 6480 	bic.w	r4, r1, #1024	@ 0x400
20000ae6:	601c      	str	r4, [r3, #0]
20000ae8:	6c12      	ldr	r2, [r2, #64]	@ 0x40
20000aea:	0792      	lsls	r2, r2, #30
20000aec:	d403      	bmi.n	20000af6 <_hw_endpoint_buffer_control_update32+0x2e>
20000aee:	230c      	movs	r3, #12
20000af0:	3b03      	subs	r3, #3
20000af2:	d2fd      	bcs.n	20000af0 <_hw_endpoint_buffer_control_update32+0x28>
20000af4:	6883      	ldr	r3, [r0, #8]
20000af6:	6019      	str	r1, [r3, #0]
20000af8:	bd10      	pop	{r4, pc}
20000afa:	7881      	ldrb	r1, [r0, #2]
20000afc:	4802      	ldr	r0, [pc, #8]	@ (20000b08 <_hw_endpoint_buffer_control_update32+0x40>)
20000afe:	f000 fce7 	bl	200014d0 <__panic_veneer>
20000b02:	bf00      	nop
20000b04:	50110000 	.word	0x50110000
20000b08:	100094cc 	.word	0x100094cc

20000b0c <hw_endpoint_start_next_buffer>:
20000b0c:	b530      	push	{r4, r5, lr}
20000b0e:	6843      	ldr	r3, [r0, #4]
20000b10:	2100      	movs	r1, #0
20000b12:	b083      	sub	sp, #12
20000b14:	4604      	mov	r4, r0
20000b16:	681d      	ldr	r5, [r3, #0]
20000b18:	f7ff fed8 	bl	200008cc <prepare_ep_buffer>
20000b1c:	4b13      	ldr	r3, [pc, #76]	@ (20000b6c <hw_endpoint_start_next_buffer+0x60>)
20000b1e:	f440 5280 	orr.w	r2, r0, #4096	@ 0x1000
20000b22:	6c19      	ldr	r1, [r3, #64]	@ 0x40
20000b24:	78a3      	ldrb	r3, [r4, #2]
20000b26:	0789      	lsls	r1, r1, #30
20000b28:	d50e      	bpl.n	20000b48 <hw_endpoint_start_next_buffer+0x3c>
20000b2a:	065b      	lsls	r3, r3, #25
20000b2c:	d00e      	beq.n	20000b4c <hw_endpoint_start_next_buffer+0x40>
20000b2e:	f025 45a0 	bic.w	r5, r5, #1342177280	@ 0x50000000
20000b32:	f045 5500 	orr.w	r5, r5, #536870912	@ 0x20000000
20000b36:	2100      	movs	r1, #0
20000b38:	4620      	mov	r0, r4
20000b3a:	6863      	ldr	r3, [r4, #4]
20000b3c:	601d      	str	r5, [r3, #0]
20000b3e:	b003      	add	sp, #12
20000b40:	e8bd 4030 	ldmia.w	sp!, {r4, r5, lr}
20000b44:	f7ff bfc0 	b.w	20000ac8 <_hw_endpoint_buffer_control_update32>
20000b48:	09db      	lsrs	r3, r3, #7
20000b4a:	d0f0      	beq.n	20000b2e <hw_endpoint_start_next_buffer+0x22>
20000b4c:	8aa3      	ldrh	r3, [r4, #20]
20000b4e:	2b00      	cmp	r3, #0
20000b50:	d0ed      	beq.n	20000b2e <hw_endpoint_start_next_buffer+0x22>
20000b52:	2101      	movs	r1, #1
20000b54:	4620      	mov	r0, r4
20000b56:	9201      	str	r2, [sp, #4]
20000b58:	f7ff feb8 	bl	200008cc <prepare_ep_buffer>
20000b5c:	9a01      	ldr	r2, [sp, #4]
20000b5e:	f025 5500 	bic.w	r5, r5, #536870912	@ 0x20000000
20000b62:	4302      	orrs	r2, r0
20000b64:	f045 45a0 	orr.w	r5, r5, #1342177280	@ 0x50000000
20000b68:	e7e5      	b.n	20000b36 <hw_endpoint_start_next_buffer+0x2a>
20000b6a:	bf00      	nop
20000b6c:	50110000 	.word	0x50110000

20000b70 <hw_endpoint_xfer_continue>:
20000b70:	b538      	push	{r3, r4, r5, lr}
20000b72:	7e85      	ldrb	r5, [r0, #26]
20000b74:	4604      	mov	r4, r0
20000b76:	b195      	cbz	r5, 20000b9e <hw_endpoint_xfer_continue+0x2e>
20000b78:	f7ff ff62 	bl	20000a40 <_hw_endpoint_xfer_sync>
20000b7c:	8aa3      	ldrh	r3, [r4, #20]
20000b7e:	b90b      	cbnz	r3, 20000b84 <hw_endpoint_xfer_continue+0x14>
20000b80:	4628      	mov	r0, r5
20000b82:	bd38      	pop	{r3, r4, r5, pc}
20000b84:	4620      	mov	r0, r4
20000b86:	f7ff ff85 	bl	20000a94 <e15_is_critical_frame_period>
20000b8a:	b120      	cbz	r0, 20000b96 <hw_endpoint_xfer_continue+0x26>
20000b8c:	2301      	movs	r3, #1
20000b8e:	7723      	strb	r3, [r4, #28]
20000b90:	2500      	movs	r5, #0
20000b92:	4628      	mov	r0, r5
20000b94:	bd38      	pop	{r3, r4, r5, pc}
20000b96:	4620      	mov	r0, r4
20000b98:	f7ff ffb8 	bl	20000b0c <hw_endpoint_start_next_buffer>
20000b9c:	e7f8      	b.n	20000b90 <hw_endpoint_xfer_continue+0x20>
20000b9e:	7881      	ldrb	r1, [r0, #2]
20000ba0:	4801      	ldr	r0, [pc, #4]	@ (20000ba8 <hw_endpoint_xfer_continue+0x38>)
20000ba2:	f000 fc95 	bl	200014d0 <__panic_veneer>
20000ba6:	bf00      	nop
20000ba8:	100094ec 	.word	0x100094ec

20000bac <dcd_event_handler>:
20000bac:	e92d 43f0 	stmdb	sp!, {r4, r5, r6, r7, r8, r9, lr}
20000bb0:	7843      	ldrb	r3, [r0, #1]
20000bb2:	4681      	mov	r9, r0
20000bb4:	3b02      	subs	r3, #2
20000bb6:	460d      	mov	r5, r1
20000bb8:	b085      	sub	sp, #20
20000bba:	2b04      	cmp	r3, #4
20000bbc:	d813      	bhi.n	20000be6 <dcd_event_handler+0x3a>
20000bbe:	e8df f003 	tbb	[pc, r3]
20000bc2:	4a03      	.short	0x4a03
20000bc4:	736a      	.short	0x736a
20000bc6:	44          	.byte	0x44
20000bc7:	00          	.byte	0x00
20000bc8:	2100      	movs	r1, #0
20000bca:	4b7b      	ldr	r3, [pc, #492]	@ (20000db8 <dcd_event_handler+0x20c>)
20000bcc:	781a      	ldrb	r2, [r3, #0]
20000bce:	f022 0201 	bic.w	r2, r2, #1
20000bd2:	701a      	strb	r2, [r3, #0]
20000bd4:	781a      	ldrb	r2, [r3, #0]
20000bd6:	f022 0202 	bic.w	r2, r2, #2
20000bda:	701a      	strb	r2, [r3, #0]
20000bdc:	7059      	strb	r1, [r3, #1]
20000bde:	781a      	ldrb	r2, [r3, #0]
20000be0:	f361 0282 	bfi	r2, r1, #2, #1
20000be4:	701a      	strb	r2, [r3, #0]
20000be6:	4b75      	ldr	r3, [pc, #468]	@ (20000dbc <dcd_event_handler+0x210>)
20000be8:	681c      	ldr	r4, [r3, #0]
20000bea:	6963      	ldr	r3, [r4, #20]
20000bec:	f3ef 8210 	mrs	r2, PRIMASK
20000bf0:	b672      	cpsid	i
20000bf2:	e8d3 0fcf 	ldaexb	r0, [r3]
20000bf6:	2101      	movs	r1, #1
20000bf8:	2800      	cmp	r0, #0
20000bfa:	d1fa      	bne.n	20000bf2 <dcd_event_handler+0x46>
20000bfc:	e8c3 1f40 	strexb	r0, r1, [r3]
20000c00:	2800      	cmp	r0, #0
20000c02:	d1f6      	bne.n	20000bf2 <dcd_event_handler+0x46>
20000c04:	f3bf 8f5f 	dmb	sy
20000c08:	61a2      	str	r2, [r4, #24]
20000c0a:	4649      	mov	r1, r9
20000c0c:	4620      	mov	r0, r4
20000c0e:	f000 fc6f 	bl	200014f0 <__tu_fifo_write_veneer>
20000c12:	2300      	movs	r3, #0
20000c14:	6962      	ldr	r2, [r4, #20]
20000c16:	e8c2 3f8f 	stlb	r3, [r2]
20000c1a:	69a3      	ldr	r3, [r4, #24]
20000c1c:	f383 8810 	msr	PRIMASK, r3
20000c20:	b948      	cbnz	r0, 20000c36 <dcd_event_handler+0x8a>
20000c22:	f04f 23e0 	mov.w	r3, #3758153728	@ 0xe000e000
20000c26:	f8d3 3df0 	ldr.w	r3, [r3, #3568]	@ 0xdf0
20000c2a:	07db      	lsls	r3, r3, #31
20000c2c:	d50a      	bpl.n	20000c44 <dcd_event_handler+0x98>
20000c2e:	be00      	bkpt	0x0000
20000c30:	b005      	add	sp, #20
20000c32:	e8bd 83f0 	ldmia.w	sp!, {r4, r5, r6, r7, r8, r9, pc}
20000c36:	462a      	mov	r2, r5
20000c38:	f899 1001 	ldrb.w	r1, [r9, #1]
20000c3c:	f899 0000 	ldrb.w	r0, [r9]
20000c40:	f000 fc4a 	bl	200014d8 <__tud_event_hook_cb_veneer>
20000c44:	b005      	add	sp, #20
20000c46:	e8bd 83f0 	ldmia.w	sp!, {r4, r5, r6, r7, r8, r9, pc}
20000c4a:	4a5d      	ldr	r2, [pc, #372]	@ (20000dc0 <dcd_event_handler+0x214>)
20000c4c:	7813      	ldrb	r3, [r2, #0]
20000c4e:	3301      	adds	r3, #1
20000c50:	b2db      	uxtb	r3, r3
20000c52:	7013      	strb	r3, [r2, #0]
20000c54:	e7c7      	b.n	20000be6 <dcd_event_handler+0x3a>
20000c56:	2400      	movs	r4, #0
20000c58:	4e5a      	ldr	r6, [pc, #360]	@ (20000dc4 <dcd_event_handler+0x218>)
20000c5a:	4623      	mov	r3, r4
20000c5c:	7831      	ldrb	r1, [r6, #0]
20000c5e:	f8df 816c 	ldr.w	r8, [pc, #364]	@ 20000dcc <dcd_event_handler+0x220>
20000c62:	4f59      	ldr	r7, [pc, #356]	@ (20000dc8 <dcd_event_handler+0x21c>)
20000c64:	e011      	b.n	20000c8a <dcd_event_handler+0xde>
20000c66:	683b      	ldr	r3, [r7, #0]
20000c68:	eb13 1344 	adds.w	r3, r3, r4, lsl #5
20000c6c:	d007      	beq.n	20000c7e <dcd_event_handler+0xd2>
20000c6e:	69db      	ldr	r3, [r3, #28]
20000c70:	b12b      	cbz	r3, 20000c7e <dcd_event_handler+0xd2>
20000c72:	f8d9 1004 	ldr.w	r1, [r9, #4]
20000c76:	f899 0000 	ldrb.w	r0, [r9]
20000c7a:	4798      	blx	r3
20000c7c:	7831      	ldrb	r1, [r6, #0]
20000c7e:	3401      	adds	r4, #1
20000c80:	b2e4      	uxtb	r4, r4
20000c82:	1c4a      	adds	r2, r1, #1
20000c84:	42a2      	cmp	r2, r4
20000c86:	4623      	mov	r3, r4
20000c88:	db17      	blt.n	20000cba <dcd_event_handler+0x10e>
20000c8a:	42a1      	cmp	r1, r4
20000c8c:	d8eb      	bhi.n	20000c66 <dcd_event_handler+0xba>
20000c8e:	1a5b      	subs	r3, r3, r1
20000c90:	eb08 1343 	add.w	r3, r8, r3, lsl #5
20000c94:	e7eb      	b.n	20000c6e <dcd_event_handler+0xc2>
20000c96:	4b48      	ldr	r3, [pc, #288]	@ (20000db8 <dcd_event_handler+0x20c>)
20000c98:	781a      	ldrb	r2, [r3, #0]
20000c9a:	07d6      	lsls	r6, r2, #31
20000c9c:	d5d2      	bpl.n	20000c44 <dcd_event_handler+0x98>
20000c9e:	781a      	ldrb	r2, [r3, #0]
20000ca0:	f042 0204 	orr.w	r2, r2, #4
20000ca4:	701a      	strb	r2, [r3, #0]
20000ca6:	e79e      	b.n	20000be6 <dcd_event_handler+0x3a>
20000ca8:	4b43      	ldr	r3, [pc, #268]	@ (20000db8 <dcd_event_handler+0x20c>)
20000caa:	781a      	ldrb	r2, [r3, #0]
20000cac:	07d4      	lsls	r4, r2, #31
20000cae:	d5c9      	bpl.n	20000c44 <dcd_event_handler+0x98>
20000cb0:	781a      	ldrb	r2, [r3, #0]
20000cb2:	f022 0204 	bic.w	r2, r2, #4
20000cb6:	701a      	strb	r2, [r3, #0]
20000cb8:	e795      	b.n	20000be6 <dcd_event_handler+0x3a>
20000cba:	4c3f      	ldr	r4, [pc, #252]	@ (20000db8 <dcd_event_handler+0x20c>)
20000cbc:	7823      	ldrb	r3, [r4, #0]
20000cbe:	0758      	lsls	r0, r3, #29
20000cc0:	d43a      	bmi.n	20000d38 <dcd_event_handler+0x18c>
20000cc2:	78e3      	ldrb	r3, [r4, #3]
20000cc4:	07da      	lsls	r2, r3, #31
20000cc6:	d5bd      	bpl.n	20000c44 <dcd_event_handler+0x98>
20000cc8:	2303      	movs	r3, #3
20000cca:	2600      	movs	r6, #0
20000ccc:	4a3b      	ldr	r2, [pc, #236]	@ (20000dbc <dcd_event_handler+0x210>)
20000cce:	f899 1000 	ldrb.w	r1, [r9]
20000cd2:	6814      	ldr	r4, [r2, #0]
20000cd4:	f8d9 2004 	ldr.w	r2, [r9, #4]
20000cd8:	f88d 1004 	strb.w	r1, [sp, #4]
20000cdc:	f88d 3005 	strb.w	r3, [sp, #5]
20000ce0:	6963      	ldr	r3, [r4, #20]
20000ce2:	f8cd 6006 	str.w	r6, [sp, #6]
20000ce6:	f8cd 600a 	str.w	r6, [sp, #10]
20000cea:	f8ad 600e 	strh.w	r6, [sp, #14]
20000cee:	9202      	str	r2, [sp, #8]
20000cf0:	f3ef 8210 	mrs	r2, PRIMASK
20000cf4:	b672      	cpsid	i
20000cf6:	e8d3 0fcf 	ldaexb	r0, [r3]
20000cfa:	2101      	movs	r1, #1
20000cfc:	2800      	cmp	r0, #0
20000cfe:	d1fa      	bne.n	20000cf6 <dcd_event_handler+0x14a>
20000d00:	e8c3 1f40 	strexb	r0, r1, [r3]
20000d04:	2800      	cmp	r0, #0
20000d06:	d1f6      	bne.n	20000cf6 <dcd_event_handler+0x14a>
20000d08:	f3bf 8f5f 	dmb	sy
20000d0c:	4620      	mov	r0, r4
20000d0e:	61a2      	str	r2, [r4, #24]
20000d10:	a901      	add	r1, sp, #4
20000d12:	f000 fbed 	bl	200014f0 <__tu_fifo_write_veneer>
20000d16:	6963      	ldr	r3, [r4, #20]
20000d18:	e8c3 6f8f 	stlb	r6, [r3]
20000d1c:	69a3      	ldr	r3, [r4, #24]
20000d1e:	f383 8810 	msr	PRIMASK, r3
20000d22:	2800      	cmp	r0, #0
20000d24:	f43f af7d 	beq.w	20000c22 <dcd_event_handler+0x76>
20000d28:	462a      	mov	r2, r5
20000d2a:	f89d 1005 	ldrb.w	r1, [sp, #5]
20000d2e:	f89d 0004 	ldrb.w	r0, [sp, #4]
20000d32:	f000 fbd1 	bl	200014d8 <__tud_event_hook_cb_veneer>
20000d36:	e785      	b.n	20000c44 <dcd_event_handler+0x98>
20000d38:	7823      	ldrb	r3, [r4, #0]
20000d3a:	2700      	movs	r7, #0
20000d3c:	f023 0304 	bic.w	r3, r3, #4
20000d40:	7023      	strb	r3, [r4, #0]
20000d42:	2305      	movs	r3, #5
20000d44:	4a1d      	ldr	r2, [pc, #116]	@ (20000dbc <dcd_event_handler+0x210>)
20000d46:	f88d 3005 	strb.w	r3, [sp, #5]
20000d4a:	6816      	ldr	r6, [r2, #0]
20000d4c:	f899 2000 	ldrb.w	r2, [r9]
20000d50:	f8ad 700e 	strh.w	r7, [sp, #14]
20000d54:	f88d 2004 	strb.w	r2, [sp, #4]
20000d58:	6973      	ldr	r3, [r6, #20]
20000d5a:	f8cd 7006 	str.w	r7, [sp, #6]
20000d5e:	f8cd 700a 	str.w	r7, [sp, #10]
20000d62:	f3ef 8210 	mrs	r2, PRIMASK
20000d66:	b672      	cpsid	i
20000d68:	e8d3 0fcf 	ldaexb	r0, [r3]
20000d6c:	2101      	movs	r1, #1
20000d6e:	2800      	cmp	r0, #0
20000d70:	d1fa      	bne.n	20000d68 <dcd_event_handler+0x1bc>
20000d72:	e8c3 1f40 	strexb	r0, r1, [r3]
20000d76:	2800      	cmp	r0, #0
20000d78:	d1f6      	bne.n	20000d68 <dcd_event_handler+0x1bc>
20000d7a:	f3bf 8f5f 	dmb	sy
20000d7e:	4630      	mov	r0, r6
20000d80:	61b2      	str	r2, [r6, #24]
20000d82:	a901      	add	r1, sp, #4
20000d84:	f000 fbb4 	bl	200014f0 <__tu_fifo_write_veneer>
20000d88:	6973      	ldr	r3, [r6, #20]
20000d8a:	e8c3 7f8f 	stlb	r7, [r3]
20000d8e:	69b3      	ldr	r3, [r6, #24]
20000d90:	f383 8810 	msr	PRIMASK, r3
20000d94:	b938      	cbnz	r0, 20000da6 <dcd_event_handler+0x1fa>
20000d96:	f04f 23e0 	mov.w	r3, #3758153728	@ 0xe000e000
20000d9a:	f8d3 3df0 	ldr.w	r3, [r3, #3568]	@ 0xdf0
20000d9e:	07d9      	lsls	r1, r3, #31
20000da0:	d58f      	bpl.n	20000cc2 <dcd_event_handler+0x116>
20000da2:	be00      	bkpt	0x0000
20000da4:	e78d      	b.n	20000cc2 <dcd_event_handler+0x116>
20000da6:	462a      	mov	r2, r5
20000da8:	f89d 1005 	ldrb.w	r1, [sp, #5]
20000dac:	f89d 0004 	ldrb.w	r0, [sp, #4]
20000db0:	f000 fb92 	bl	200014d8 <__tud_event_hook_cb_veneer>
20000db4:	e785      	b.n	20000cc2 <dcd_event_handler+0x116>
20000db6:	bf00      	nop
20000db8:	20002030 	.word	0x20002030
20000dbc:	20002088 	.word	0x20002088
20000dc0:	20002a8e 	.word	0x20002a8e
20000dc4:	20002a8c 	.word	0x20002a8c
20000dc8:	20001e60 	.word	0x20001e60
20000dcc:	10009754 	.word	0x10009754

20000dd0 <__aeabi_drsub>:
20000dd0:	f081 4100 	eor.w	r1, r1, #2147483648	@ 0x80000000
20000dd4:	e002      	b.n	20000ddc <__adddf3>
20000dd6:	bf00      	nop

20000dd8 <__aeabi_dsub>:
20000dd8:	f083 4300 	eor.w	r3, r3, #2147483648	@ 0x80000000

20000ddc <__adddf3>:
20000ddc:	b530      	push	{r4, r5, lr}
20000dde:	ea4f 0441 	mov.w	r4, r1, lsl #1
20000de2:	ea4f 0543 	mov.w	r5, r3, lsl #1
20000de6:	ea94 0f05 	teq	r4, r5
20000dea:	bf08      	it	eq
20000dec:	ea90 0f02 	teqeq	r0, r2
20000df0:	bf1f      	itttt	ne
20000df2:	ea54 0c00 	orrsne.w	ip, r4, r0
20000df6:	ea55 0c02 	orrsne.w	ip, r5, r2
20000dfa:	ea7f 5c64 	mvnsne.w	ip, r4, asr #21
20000dfe:	ea7f 5c65 	mvnsne.w	ip, r5, asr #21
20000e02:	f000 80e2 	beq.w	20000fca <__adddf3+0x1ee>
20000e06:	ea4f 5454 	mov.w	r4, r4, lsr #21
20000e0a:	ebd4 5555 	rsbs	r5, r4, r5, lsr #21
20000e0e:	bfb8      	it	lt
20000e10:	426d      	neglt	r5, r5
20000e12:	dd0c      	ble.n	20000e2e <__adddf3+0x52>
20000e14:	442c      	add	r4, r5
20000e16:	ea80 0202 	eor.w	r2, r0, r2
20000e1a:	ea81 0303 	eor.w	r3, r1, r3
20000e1e:	ea82 0000 	eor.w	r0, r2, r0
20000e22:	ea83 0101 	eor.w	r1, r3, r1
20000e26:	ea80 0202 	eor.w	r2, r0, r2
20000e2a:	ea81 0303 	eor.w	r3, r1, r3
20000e2e:	2d36      	cmp	r5, #54	@ 0x36
20000e30:	bf88      	it	hi
20000e32:	bd30      	pophi	{r4, r5, pc}
20000e34:	f011 4f00 	tst.w	r1, #2147483648	@ 0x80000000
20000e38:	ea4f 3101 	mov.w	r1, r1, lsl #12
20000e3c:	f44f 1c80 	mov.w	ip, #1048576	@ 0x100000
20000e40:	ea4c 3111 	orr.w	r1, ip, r1, lsr #12
20000e44:	d002      	beq.n	20000e4c <__adddf3+0x70>
20000e46:	4240      	negs	r0, r0
20000e48:	eb61 0141 	sbc.w	r1, r1, r1, lsl #1
20000e4c:	f013 4f00 	tst.w	r3, #2147483648	@ 0x80000000
20000e50:	ea4f 3303 	mov.w	r3, r3, lsl #12
20000e54:	ea4c 3313 	orr.w	r3, ip, r3, lsr #12
20000e58:	d002      	beq.n	20000e60 <__adddf3+0x84>
20000e5a:	4252      	negs	r2, r2
20000e5c:	eb63 0343 	sbc.w	r3, r3, r3, lsl #1
20000e60:	ea94 0f05 	teq	r4, r5
20000e64:	f000 80a7 	beq.w	20000fb6 <__adddf3+0x1da>
20000e68:	f1a4 0401 	sub.w	r4, r4, #1
20000e6c:	f1d5 0e20 	rsbs	lr, r5, #32
20000e70:	db0d      	blt.n	20000e8e <__adddf3+0xb2>
20000e72:	fa02 fc0e 	lsl.w	ip, r2, lr
20000e76:	fa22 f205 	lsr.w	r2, r2, r5
20000e7a:	1880      	adds	r0, r0, r2
20000e7c:	f141 0100 	adc.w	r1, r1, #0
20000e80:	fa03 f20e 	lsl.w	r2, r3, lr
20000e84:	1880      	adds	r0, r0, r2
20000e86:	fa43 f305 	asr.w	r3, r3, r5
20000e8a:	4159      	adcs	r1, r3
20000e8c:	e00e      	b.n	20000eac <__adddf3+0xd0>
20000e8e:	f1a5 0520 	sub.w	r5, r5, #32
20000e92:	f10e 0e20 	add.w	lr, lr, #32
20000e96:	2a01      	cmp	r2, #1
20000e98:	fa03 fc0e 	lsl.w	ip, r3, lr
20000e9c:	bf28      	it	cs
20000e9e:	f04c 0c02 	orrcs.w	ip, ip, #2
20000ea2:	fa43 f305 	asr.w	r3, r3, r5
20000ea6:	18c0      	adds	r0, r0, r3
20000ea8:	eb51 71e3 	adcs.w	r1, r1, r3, asr #31
20000eac:	f001 4500 	and.w	r5, r1, #2147483648	@ 0x80000000
20000eb0:	d507      	bpl.n	20000ec2 <__adddf3+0xe6>
20000eb2:	f04f 0e00 	mov.w	lr, #0
20000eb6:	f1dc 0c00 	rsbs	ip, ip, #0
20000eba:	eb7e 0000 	sbcs.w	r0, lr, r0
20000ebe:	eb6e 0101 	sbc.w	r1, lr, r1
20000ec2:	f5b1 1f80 	cmp.w	r1, #1048576	@ 0x100000
20000ec6:	d31b      	bcc.n	20000f00 <__adddf3+0x124>
20000ec8:	f5b1 1f00 	cmp.w	r1, #2097152	@ 0x200000
20000ecc:	d30c      	bcc.n	20000ee8 <__adddf3+0x10c>
20000ece:	0849      	lsrs	r1, r1, #1
20000ed0:	ea5f 0030 	movs.w	r0, r0, rrx
20000ed4:	ea4f 0c3c 	mov.w	ip, ip, rrx
20000ed8:	f104 0401 	add.w	r4, r4, #1
20000edc:	ea4f 5244 	mov.w	r2, r4, lsl #21
20000ee0:	f512 0f80 	cmn.w	r2, #4194304	@ 0x400000
20000ee4:	f080 809a 	bcs.w	2000101c <__adddf3+0x240>
20000ee8:	f1bc 4f00 	cmp.w	ip, #2147483648	@ 0x80000000
20000eec:	bf08      	it	eq
20000eee:	ea5f 0c50 	movseq.w	ip, r0, lsr #1
20000ef2:	f150 0000 	adcs.w	r0, r0, #0
20000ef6:	eb41 5104 	adc.w	r1, r1, r4, lsl #20
20000efa:	ea41 0105 	orr.w	r1, r1, r5
20000efe:	bd30      	pop	{r4, r5, pc}
20000f00:	ea5f 0c4c 	movs.w	ip, ip, lsl #1
20000f04:	4140      	adcs	r0, r0
20000f06:	eb41 0101 	adc.w	r1, r1, r1
20000f0a:	3c01      	subs	r4, #1
20000f0c:	bf28      	it	cs
20000f0e:	f5b1 1f80 	cmpcs.w	r1, #1048576	@ 0x100000
20000f12:	d2e9      	bcs.n	20000ee8 <__adddf3+0x10c>
20000f14:	f091 0f00 	teq	r1, #0
20000f18:	bf04      	itt	eq
20000f1a:	4601      	moveq	r1, r0
20000f1c:	2000      	moveq	r0, #0
20000f1e:	fab1 f381 	clz	r3, r1
20000f22:	bf08      	it	eq
20000f24:	3320      	addeq	r3, #32
20000f26:	f1a3 030b 	sub.w	r3, r3, #11
20000f2a:	f1b3 0220 	subs.w	r2, r3, #32
20000f2e:	da0c      	bge.n	20000f4a <__adddf3+0x16e>
20000f30:	320c      	adds	r2, #12
20000f32:	dd08      	ble.n	20000f46 <__adddf3+0x16a>
20000f34:	f102 0c14 	add.w	ip, r2, #20
20000f38:	f1c2 020c 	rsb	r2, r2, #12
20000f3c:	fa01 f00c 	lsl.w	r0, r1, ip
20000f40:	fa21 f102 	lsr.w	r1, r1, r2
20000f44:	e00c      	b.n	20000f60 <__adddf3+0x184>
20000f46:	f102 0214 	add.w	r2, r2, #20
20000f4a:	bfd8      	it	le
20000f4c:	f1c2 0c20 	rsble	ip, r2, #32
20000f50:	fa01 f102 	lsl.w	r1, r1, r2
20000f54:	fa20 fc0c 	lsr.w	ip, r0, ip
20000f58:	bfdc      	itt	le
20000f5a:	ea41 010c 	orrle.w	r1, r1, ip
20000f5e:	4090      	lslle	r0, r2
20000f60:	1ae4      	subs	r4, r4, r3
20000f62:	bfa2      	ittt	ge
20000f64:	eb01 5104 	addge.w	r1, r1, r4, lsl #20
20000f68:	4329      	orrge	r1, r5
20000f6a:	bd30      	popge	{r4, r5, pc}
20000f6c:	ea6f 0404 	mvn.w	r4, r4
20000f70:	3c1f      	subs	r4, #31
20000f72:	da1c      	bge.n	20000fae <__adddf3+0x1d2>
20000f74:	340c      	adds	r4, #12
20000f76:	dc0e      	bgt.n	20000f96 <__adddf3+0x1ba>
20000f78:	f104 0414 	add.w	r4, r4, #20
20000f7c:	f1c4 0220 	rsb	r2, r4, #32
20000f80:	fa20 f004 	lsr.w	r0, r0, r4
20000f84:	fa01 f302 	lsl.w	r3, r1, r2
20000f88:	ea40 0003 	orr.w	r0, r0, r3
20000f8c:	fa21 f304 	lsr.w	r3, r1, r4
20000f90:	ea45 0103 	orr.w	r1, r5, r3
20000f94:	bd30      	pop	{r4, r5, pc}
20000f96:	f1c4 040c 	rsb	r4, r4, #12
20000f9a:	f1c4 0220 	rsb	r2, r4, #32
20000f9e:	fa20 f002 	lsr.w	r0, r0, r2
20000fa2:	fa01 f304 	lsl.w	r3, r1, r4
20000fa6:	ea40 0003 	orr.w	r0, r0, r3
20000faa:	4629      	mov	r1, r5
20000fac:	bd30      	pop	{r4, r5, pc}
20000fae:	fa21 f004 	lsr.w	r0, r1, r4
20000fb2:	4629      	mov	r1, r5
20000fb4:	bd30      	pop	{r4, r5, pc}
20000fb6:	f094 0f00 	teq	r4, #0
20000fba:	f483 1380 	eor.w	r3, r3, #1048576	@ 0x100000
20000fbe:	bf06      	itte	eq
20000fc0:	f481 1180 	eoreq.w	r1, r1, #1048576	@ 0x100000
20000fc4:	3401      	addeq	r4, #1
20000fc6:	3d01      	subne	r5, #1
20000fc8:	e74e      	b.n	20000e68 <__adddf3+0x8c>
20000fca:	ea7f 5c64 	mvns.w	ip, r4, asr #21
20000fce:	bf18      	it	ne
20000fd0:	ea7f 5c65 	mvnsne.w	ip, r5, asr #21
20000fd4:	d029      	beq.n	2000102a <__adddf3+0x24e>
20000fd6:	ea94 0f05 	teq	r4, r5
20000fda:	bf08      	it	eq
20000fdc:	ea90 0f02 	teqeq	r0, r2
20000fe0:	d005      	beq.n	20000fee <__adddf3+0x212>
20000fe2:	ea54 0c00 	orrs.w	ip, r4, r0
20000fe6:	bf04      	itt	eq
20000fe8:	4619      	moveq	r1, r3
20000fea:	4610      	moveq	r0, r2
20000fec:	bd30      	pop	{r4, r5, pc}
20000fee:	ea91 0f03 	teq	r1, r3
20000ff2:	bf1e      	ittt	ne
20000ff4:	2100      	movne	r1, #0
20000ff6:	2000      	movne	r0, #0
20000ff8:	bd30      	popne	{r4, r5, pc}
20000ffa:	ea5f 5c54 	movs.w	ip, r4, lsr #21
20000ffe:	d105      	bne.n	2000100c <__adddf3+0x230>
20001000:	0040      	lsls	r0, r0, #1
20001002:	4149      	adcs	r1, r1
20001004:	bf28      	it	cs
20001006:	f041 4100 	orrcs.w	r1, r1, #2147483648	@ 0x80000000
2000100a:	bd30      	pop	{r4, r5, pc}
2000100c:	f514 0480 	adds.w	r4, r4, #4194304	@ 0x400000
20001010:	bf3c      	itt	cc
20001012:	f501 1180 	addcc.w	r1, r1, #1048576	@ 0x100000
20001016:	bd30      	popcc	{r4, r5, pc}
20001018:	f001 4500 	and.w	r5, r1, #2147483648	@ 0x80000000
2000101c:	f045 41fe 	orr.w	r1, r5, #2130706432	@ 0x7f000000
20001020:	f441 0170 	orr.w	r1, r1, #15728640	@ 0xf00000
20001024:	f04f 0000 	mov.w	r0, #0
20001028:	bd30      	pop	{r4, r5, pc}
2000102a:	ea7f 5c64 	mvns.w	ip, r4, asr #21
2000102e:	bf1a      	itte	ne
20001030:	4619      	movne	r1, r3
20001032:	4610      	movne	r0, r2
20001034:	ea7f 5c65 	mvnseq.w	ip, r5, asr #21
20001038:	bf1c      	itt	ne
2000103a:	460b      	movne	r3, r1
2000103c:	4602      	movne	r2, r0
2000103e:	ea50 3401 	orrs.w	r4, r0, r1, lsl #12
20001042:	bf06      	itte	eq
20001044:	ea52 3503 	orrseq.w	r5, r2, r3, lsl #12
20001048:	ea91 0f03 	teqeq	r1, r3
2000104c:	f441 2100 	orrne.w	r1, r1, #524288	@ 0x80000
20001050:	bd30      	pop	{r4, r5, pc}
20001052:	bf00      	nop

20001054 <__aeabi_ui2d>:
20001054:	f090 0f00 	teq	r0, #0
20001058:	bf04      	itt	eq
2000105a:	2100      	moveq	r1, #0
2000105c:	4770      	bxeq	lr
2000105e:	b530      	push	{r4, r5, lr}
20001060:	f44f 6480 	mov.w	r4, #1024	@ 0x400
20001064:	f104 0432 	add.w	r4, r4, #50	@ 0x32
20001068:	f04f 0500 	mov.w	r5, #0
2000106c:	f04f 0100 	mov.w	r1, #0
20001070:	e750      	b.n	20000f14 <__adddf3+0x138>
20001072:	bf00      	nop

20001074 <__aeabi_i2d>:
20001074:	f090 0f00 	teq	r0, #0
20001078:	bf04      	itt	eq
2000107a:	2100      	moveq	r1, #0
2000107c:	4770      	bxeq	lr
2000107e:	b530      	push	{r4, r5, lr}
20001080:	f44f 6480 	mov.w	r4, #1024	@ 0x400
20001084:	f104 0432 	add.w	r4, r4, #50	@ 0x32
20001088:	f010 4500 	ands.w	r5, r0, #2147483648	@ 0x80000000
2000108c:	bf48      	it	mi
2000108e:	4240      	negmi	r0, r0
20001090:	f04f 0100 	mov.w	r1, #0
20001094:	e73e      	b.n	20000f14 <__adddf3+0x138>
20001096:	bf00      	nop

20001098 <__aeabi_f2d>:
20001098:	0042      	lsls	r2, r0, #1
2000109a:	ea4f 01e2 	mov.w	r1, r2, asr #3
2000109e:	ea4f 0131 	mov.w	r1, r1, rrx
200010a2:	ea4f 7002 	mov.w	r0, r2, lsl #28
200010a6:	bf1f      	itttt	ne
200010a8:	f012 437f 	andsne.w	r3, r2, #4278190080	@ 0xff000000
200010ac:	f093 4f7f 	teqne	r3, #4278190080	@ 0xff000000
200010b0:	f081 5160 	eorne.w	r1, r1, #939524096	@ 0x38000000
200010b4:	4770      	bxne	lr
200010b6:	f032 427f 	bics.w	r2, r2, #4278190080	@ 0xff000000
200010ba:	bf08      	it	eq
200010bc:	4770      	bxeq	lr
200010be:	f093 4f7f 	teq	r3, #4278190080	@ 0xff000000
200010c2:	bf04      	itt	eq
200010c4:	f441 2100 	orreq.w	r1, r1, #524288	@ 0x80000
200010c8:	4770      	bxeq	lr
200010ca:	b530      	push	{r4, r5, lr}
200010cc:	f44f 7460 	mov.w	r4, #896	@ 0x380
200010d0:	f001 4500 	and.w	r5, r1, #2147483648	@ 0x80000000
200010d4:	f021 4100 	bic.w	r1, r1, #2147483648	@ 0x80000000
200010d8:	e71c      	b.n	20000f14 <__adddf3+0x138>
200010da:	bf00      	nop

200010dc <__aeabi_ul2d>:
200010dc:	ea50 0201 	orrs.w	r2, r0, r1
200010e0:	bf08      	it	eq
200010e2:	4770      	bxeq	lr
200010e4:	b530      	push	{r4, r5, lr}
200010e6:	f04f 0500 	mov.w	r5, #0
200010ea:	e00a      	b.n	20001102 <__aeabi_l2d+0x16>

200010ec <__aeabi_l2d>:
200010ec:	ea50 0201 	orrs.w	r2, r0, r1
200010f0:	bf08      	it	eq
200010f2:	4770      	bxeq	lr
200010f4:	b530      	push	{r4, r5, lr}
200010f6:	f011 4500 	ands.w	r5, r1, #2147483648	@ 0x80000000
200010fa:	d502      	bpl.n	20001102 <__aeabi_l2d+0x16>
200010fc:	4240      	negs	r0, r0
200010fe:	eb61 0141 	sbc.w	r1, r1, r1, lsl #1
20001102:	f44f 6480 	mov.w	r4, #1024	@ 0x400
20001106:	f104 0432 	add.w	r4, r4, #50	@ 0x32
2000110a:	ea5f 5c91 	movs.w	ip, r1, lsr #22
2000110e:	f43f aed8 	beq.w	20000ec2 <__adddf3+0xe6>
20001112:	f04f 0203 	mov.w	r2, #3
20001116:	ea5f 0cdc 	movs.w	ip, ip, lsr #3
2000111a:	bf18      	it	ne
2000111c:	3203      	addne	r2, #3
2000111e:	ea5f 0cdc 	movs.w	ip, ip, lsr #3
20001122:	bf18      	it	ne
20001124:	3203      	addne	r2, #3
20001126:	eb02 02dc 	add.w	r2, r2, ip, lsr #3
2000112a:	f1c2 0320 	rsb	r3, r2, #32
2000112e:	fa00 fc03 	lsl.w	ip, r0, r3
20001132:	fa20 f002 	lsr.w	r0, r0, r2
20001136:	fa01 fe03 	lsl.w	lr, r1, r3
2000113a:	ea40 000e 	orr.w	r0, r0, lr
2000113e:	fa21 f102 	lsr.w	r1, r1, r2
20001142:	4414      	add	r4, r2
20001144:	e6bd      	b.n	20000ec2 <__adddf3+0xe6>
20001146:	bf00      	nop

20001148 <__aeabi_uldivmod>:
20001148:	b953      	cbnz	r3, 20001160 <__aeabi_uldivmod+0x18>
2000114a:	b94a      	cbnz	r2, 20001160 <__aeabi_uldivmod+0x18>
2000114c:	2900      	cmp	r1, #0
2000114e:	bf08      	it	eq
20001150:	2800      	cmpeq	r0, #0
20001152:	bf1c      	itt	ne
20001154:	f04f 31ff 	movne.w	r1, #4294967295
20001158:	f04f 30ff 	movne.w	r0, #4294967295
2000115c:	f000 b9b2 	b.w	200014c4 <__aeabi_idiv0>
20001160:	f1ad 0c08 	sub.w	ip, sp, #8
20001164:	e96d ce04 	strd	ip, lr, [sp, #-16]!
20001168:	f000 f806 	bl	20001178 <__udivmoddi4>
2000116c:	f8dd e004 	ldr.w	lr, [sp, #4]
20001170:	e9dd 2302 	ldrd	r2, r3, [sp, #8]
20001174:	b004      	add	sp, #16
20001176:	4770      	bx	lr

20001178 <__udivmoddi4>:
20001178:	e92d 4ff0 	stmdb	sp!, {r4, r5, r6, r7, r8, r9, sl, fp, lr}
2000117c:	468c      	mov	ip, r1
2000117e:	9e09      	ldr	r6, [sp, #36]	@ 0x24
20001180:	4604      	mov	r4, r0
20001182:	460f      	mov	r7, r1
20001184:	2b00      	cmp	r3, #0
20001186:	d148      	bne.n	2000121a <__udivmoddi4+0xa2>
20001188:	428a      	cmp	r2, r1
2000118a:	4615      	mov	r5, r2
2000118c:	d95e      	bls.n	2000124c <__udivmoddi4+0xd4>
2000118e:	fab2 f382 	clz	r3, r2
20001192:	b13b      	cbz	r3, 200011a4 <__udivmoddi4+0x2c>
20001194:	f1c3 0220 	rsb	r2, r3, #32
20001198:	409f      	lsls	r7, r3
2000119a:	409d      	lsls	r5, r3
2000119c:	409c      	lsls	r4, r3
2000119e:	fa20 f202 	lsr.w	r2, r0, r2
200011a2:	4317      	orrs	r7, r2
200011a4:	ea4f 4e15 	mov.w	lr, r5, lsr #16
200011a8:	fa1f fc85 	uxth.w	ip, r5
200011ac:	0c22      	lsrs	r2, r4, #16
200011ae:	fbb7 f1fe 	udiv	r1, r7, lr
200011b2:	fb0e 7711 	mls	r7, lr, r1, r7
200011b6:	fb01 f00c 	mul.w	r0, r1, ip
200011ba:	ea42 4207 	orr.w	r2, r2, r7, lsl #16
200011be:	4290      	cmp	r0, r2
200011c0:	d907      	bls.n	200011d2 <__udivmoddi4+0x5a>
200011c2:	18aa      	adds	r2, r5, r2
200011c4:	f101 37ff 	add.w	r7, r1, #4294967295
200011c8:	d202      	bcs.n	200011d0 <__udivmoddi4+0x58>
200011ca:	4290      	cmp	r0, r2
200011cc:	f200 8158 	bhi.w	20001480 <__udivmoddi4+0x308>
200011d0:	4639      	mov	r1, r7
200011d2:	1a12      	subs	r2, r2, r0
200011d4:	b2a4      	uxth	r4, r4
200011d6:	fbb2 f0fe 	udiv	r0, r2, lr
200011da:	fb0e 2210 	mls	r2, lr, r0, r2
200011de:	fb00 fc0c 	mul.w	ip, r0, ip
200011e2:	ea44 4402 	orr.w	r4, r4, r2, lsl #16
200011e6:	45a4      	cmp	ip, r4
200011e8:	d90b      	bls.n	20001202 <__udivmoddi4+0x8a>
200011ea:	192c      	adds	r4, r5, r4
200011ec:	f100 32ff 	add.w	r2, r0, #4294967295
200011f0:	bf2c      	ite	cs
200011f2:	2701      	movcs	r7, #1
200011f4:	2700      	movcc	r7, #0
200011f6:	45a4      	cmp	ip, r4
200011f8:	d902      	bls.n	20001200 <__udivmoddi4+0x88>
200011fa:	2f00      	cmp	r7, #0
200011fc:	f000 8143 	beq.w	20001486 <__udivmoddi4+0x30e>
20001200:	4610      	mov	r0, r2
20001202:	ea40 4001 	orr.w	r0, r0, r1, lsl #16
20001206:	eba4 040c 	sub.w	r4, r4, ip
2000120a:	2100      	movs	r1, #0
2000120c:	b11e      	cbz	r6, 20001216 <__udivmoddi4+0x9e>
2000120e:	40dc      	lsrs	r4, r3
20001210:	2300      	movs	r3, #0
20001212:	e9c6 4300 	strd	r4, r3, [r6]
20001216:	e8bd 8ff0 	ldmia.w	sp!, {r4, r5, r6, r7, r8, r9, sl, fp, pc}
2000121a:	428b      	cmp	r3, r1
2000121c:	d906      	bls.n	2000122c <__udivmoddi4+0xb4>
2000121e:	b10e      	cbz	r6, 20001224 <__udivmoddi4+0xac>
20001220:	e9c6 0100 	strd	r0, r1, [r6]
20001224:	2100      	movs	r1, #0
20001226:	4608      	mov	r0, r1
20001228:	e8bd 8ff0 	ldmia.w	sp!, {r4, r5, r6, r7, r8, r9, sl, fp, pc}
2000122c:	fab3 f183 	clz	r1, r3
20001230:	2900      	cmp	r1, #0
20001232:	d151      	bne.n	200012d8 <__udivmoddi4+0x160>
20001234:	4563      	cmp	r3, ip
20001236:	f0c0 8116 	bcc.w	20001466 <__udivmoddi4+0x2ee>
2000123a:	4282      	cmp	r2, r0
2000123c:	f240 8113 	bls.w	20001466 <__udivmoddi4+0x2ee>
20001240:	4608      	mov	r0, r1
20001242:	2e00      	cmp	r6, #0
20001244:	d0e7      	beq.n	20001216 <__udivmoddi4+0x9e>
20001246:	e9c6 4700 	strd	r4, r7, [r6]
2000124a:	e7e4      	b.n	20001216 <__udivmoddi4+0x9e>
2000124c:	2a00      	cmp	r2, #0
2000124e:	f000 80af 	beq.w	200013b0 <__udivmoddi4+0x238>
20001252:	fab2 f382 	clz	r3, r2
20001256:	2b00      	cmp	r3, #0
20001258:	f040 80c2 	bne.w	200013e0 <__udivmoddi4+0x268>
2000125c:	1a8a      	subs	r2, r1, r2
2000125e:	ea4f 4e15 	mov.w	lr, r5, lsr #16
20001262:	b2af      	uxth	r7, r5
20001264:	2101      	movs	r1, #1
20001266:	0c20      	lsrs	r0, r4, #16
20001268:	fbb2 fcfe 	udiv	ip, r2, lr
2000126c:	fb0e 221c 	mls	r2, lr, ip, r2
20001270:	ea40 4202 	orr.w	r2, r0, r2, lsl #16
20001274:	fb07 f00c 	mul.w	r0, r7, ip
20001278:	4290      	cmp	r0, r2
2000127a:	d90e      	bls.n	2000129a <__udivmoddi4+0x122>
2000127c:	18aa      	adds	r2, r5, r2
2000127e:	f10c 38ff 	add.w	r8, ip, #4294967295
20001282:	bf2c      	ite	cs
20001284:	f04f 0901 	movcs.w	r9, #1
20001288:	f04f 0900 	movcc.w	r9, #0
2000128c:	4290      	cmp	r0, r2
2000128e:	d903      	bls.n	20001298 <__udivmoddi4+0x120>
20001290:	f1b9 0f00 	cmp.w	r9, #0
20001294:	f000 80f0 	beq.w	20001478 <__udivmoddi4+0x300>
20001298:	46c4      	mov	ip, r8
2000129a:	1a12      	subs	r2, r2, r0
2000129c:	b2a4      	uxth	r4, r4
2000129e:	fbb2 f0fe 	udiv	r0, r2, lr
200012a2:	fb0e 2210 	mls	r2, lr, r0, r2
200012a6:	fb00 f707 	mul.w	r7, r0, r7
200012aa:	ea44 4402 	orr.w	r4, r4, r2, lsl #16
200012ae:	42a7      	cmp	r7, r4
200012b0:	d90e      	bls.n	200012d0 <__udivmoddi4+0x158>
200012b2:	192c      	adds	r4, r5, r4
200012b4:	f100 32ff 	add.w	r2, r0, #4294967295
200012b8:	bf2c      	ite	cs
200012ba:	f04f 0e01 	movcs.w	lr, #1
200012be:	f04f 0e00 	movcc.w	lr, #0
200012c2:	42a7      	cmp	r7, r4
200012c4:	d903      	bls.n	200012ce <__udivmoddi4+0x156>
200012c6:	f1be 0f00 	cmp.w	lr, #0
200012ca:	f000 80d2 	beq.w	20001472 <__udivmoddi4+0x2fa>
200012ce:	4610      	mov	r0, r2
200012d0:	1be4      	subs	r4, r4, r7
200012d2:	ea40 400c 	orr.w	r0, r0, ip, lsl #16
200012d6:	e799      	b.n	2000120c <__udivmoddi4+0x94>
200012d8:	f1c1 0520 	rsb	r5, r1, #32
200012dc:	408b      	lsls	r3, r1
200012de:	fa0c f401 	lsl.w	r4, ip, r1
200012e2:	fa00 f901 	lsl.w	r9, r0, r1
200012e6:	fa22 f705 	lsr.w	r7, r2, r5
200012ea:	fa2c fc05 	lsr.w	ip, ip, r5
200012ee:	408a      	lsls	r2, r1
200012f0:	431f      	orrs	r7, r3
200012f2:	fa20 f305 	lsr.w	r3, r0, r5
200012f6:	0c38      	lsrs	r0, r7, #16
200012f8:	4323      	orrs	r3, r4
200012fa:	fa1f fe87 	uxth.w	lr, r7
200012fe:	0c1c      	lsrs	r4, r3, #16
20001300:	fbbc f8f0 	udiv	r8, ip, r0
20001304:	fb00 cc18 	mls	ip, r0, r8, ip
20001308:	ea44 440c 	orr.w	r4, r4, ip, lsl #16
2000130c:	fb08 fc0e 	mul.w	ip, r8, lr
20001310:	45a4      	cmp	ip, r4
20001312:	d90e      	bls.n	20001332 <__udivmoddi4+0x1ba>
20001314:	193c      	adds	r4, r7, r4
20001316:	f108 3aff 	add.w	sl, r8, #4294967295
2000131a:	bf2c      	ite	cs
2000131c:	f04f 0b01 	movcs.w	fp, #1
20001320:	f04f 0b00 	movcc.w	fp, #0
20001324:	45a4      	cmp	ip, r4
20001326:	d903      	bls.n	20001330 <__udivmoddi4+0x1b8>
20001328:	f1bb 0f00 	cmp.w	fp, #0
2000132c:	f000 80b8 	beq.w	200014a0 <__udivmoddi4+0x328>
20001330:	46d0      	mov	r8, sl
20001332:	eba4 040c 	sub.w	r4, r4, ip
20001336:	fa1f fc83 	uxth.w	ip, r3
2000133a:	fbb4 f3f0 	udiv	r3, r4, r0
2000133e:	fb00 4413 	mls	r4, r0, r3, r4
20001342:	fb03 fe0e 	mul.w	lr, r3, lr
20001346:	ea4c 4404 	orr.w	r4, ip, r4, lsl #16
2000134a:	45a6      	cmp	lr, r4
2000134c:	d90e      	bls.n	2000136c <__udivmoddi4+0x1f4>
2000134e:	193c      	adds	r4, r7, r4
20001350:	f103 30ff 	add.w	r0, r3, #4294967295
20001354:	bf2c      	ite	cs
20001356:	f04f 0c01 	movcs.w	ip, #1
2000135a:	f04f 0c00 	movcc.w	ip, #0
2000135e:	45a6      	cmp	lr, r4
20001360:	d903      	bls.n	2000136a <__udivmoddi4+0x1f2>
20001362:	f1bc 0f00 	cmp.w	ip, #0
20001366:	f000 809f 	beq.w	200014a8 <__udivmoddi4+0x330>
2000136a:	4603      	mov	r3, r0
2000136c:	ea43 4008 	orr.w	r0, r3, r8, lsl #16
20001370:	eba4 040e 	sub.w	r4, r4, lr
20001374:	fba0 ec02 	umull	lr, ip, r0, r2
20001378:	4564      	cmp	r4, ip
2000137a:	4673      	mov	r3, lr
2000137c:	46e0      	mov	r8, ip
2000137e:	d302      	bcc.n	20001386 <__udivmoddi4+0x20e>
20001380:	d107      	bne.n	20001392 <__udivmoddi4+0x21a>
20001382:	45f1      	cmp	r9, lr
20001384:	d205      	bcs.n	20001392 <__udivmoddi4+0x21a>
20001386:	ebbe 0302 	subs.w	r3, lr, r2
2000138a:	eb6c 0c07 	sbc.w	ip, ip, r7
2000138e:	3801      	subs	r0, #1
20001390:	46e0      	mov	r8, ip
20001392:	b15e      	cbz	r6, 200013ac <__udivmoddi4+0x234>
20001394:	ebb9 0203 	subs.w	r2, r9, r3
20001398:	eb64 0408 	sbc.w	r4, r4, r8
2000139c:	fa04 f505 	lsl.w	r5, r4, r5
200013a0:	fa22 f301 	lsr.w	r3, r2, r1
200013a4:	40cc      	lsrs	r4, r1
200013a6:	431d      	orrs	r5, r3
200013a8:	e9c6 5400 	strd	r5, r4, [r6]
200013ac:	2100      	movs	r1, #0
200013ae:	e732      	b.n	20001216 <__udivmoddi4+0x9e>
200013b0:	0842      	lsrs	r2, r0, #1
200013b2:	462f      	mov	r7, r5
200013b4:	084b      	lsrs	r3, r1, #1
200013b6:	46ac      	mov	ip, r5
200013b8:	ea42 72c1 	orr.w	r2, r2, r1, lsl #31
200013bc:	46ae      	mov	lr, r5
200013be:	07c4      	lsls	r4, r0, #31
200013c0:	0c11      	lsrs	r1, r2, #16
200013c2:	b292      	uxth	r2, r2
200013c4:	ea41 4103 	orr.w	r1, r1, r3, lsl #16
200013c8:	ea42 4201 	orr.w	r2, r2, r1, lsl #16
200013cc:	fbb1 f1f5 	udiv	r1, r1, r5
200013d0:	fbb3 f0f5 	udiv	r0, r3, r5
200013d4:	231f      	movs	r3, #31
200013d6:	eba2 020c 	sub.w	r2, r2, ip
200013da:	ea41 4100 	orr.w	r1, r1, r0, lsl #16
200013de:	e742      	b.n	20001266 <__udivmoddi4+0xee>
200013e0:	409d      	lsls	r5, r3
200013e2:	f1c3 0220 	rsb	r2, r3, #32
200013e6:	4099      	lsls	r1, r3
200013e8:	409c      	lsls	r4, r3
200013ea:	fa2c fc02 	lsr.w	ip, ip, r2
200013ee:	ea4f 4e15 	mov.w	lr, r5, lsr #16
200013f2:	fa20 f202 	lsr.w	r2, r0, r2
200013f6:	b2af      	uxth	r7, r5
200013f8:	fbbc f8fe 	udiv	r8, ip, lr
200013fc:	430a      	orrs	r2, r1
200013fe:	fb0e cc18 	mls	ip, lr, r8, ip
20001402:	0c11      	lsrs	r1, r2, #16
20001404:	ea41 410c 	orr.w	r1, r1, ip, lsl #16
20001408:	fb08 fc07 	mul.w	ip, r8, r7
2000140c:	458c      	cmp	ip, r1
2000140e:	d950      	bls.n	200014b2 <__udivmoddi4+0x33a>
20001410:	1869      	adds	r1, r5, r1
20001412:	f108 30ff 	add.w	r0, r8, #4294967295
20001416:	bf2c      	ite	cs
20001418:	f04f 0901 	movcs.w	r9, #1
2000141c:	f04f 0900 	movcc.w	r9, #0
20001420:	458c      	cmp	ip, r1
20001422:	d902      	bls.n	2000142a <__udivmoddi4+0x2b2>
20001424:	f1b9 0f00 	cmp.w	r9, #0
20001428:	d030      	beq.n	2000148c <__udivmoddi4+0x314>
2000142a:	eba1 010c 	sub.w	r1, r1, ip
2000142e:	fbb1 f8fe 	udiv	r8, r1, lr
20001432:	fb08 fc07 	mul.w	ip, r8, r7
20001436:	fb0e 1118 	mls	r1, lr, r8, r1
2000143a:	b292      	uxth	r2, r2
2000143c:	ea42 4201 	orr.w	r2, r2, r1, lsl #16
20001440:	4562      	cmp	r2, ip
20001442:	d234      	bcs.n	200014ae <__udivmoddi4+0x336>
20001444:	18aa      	adds	r2, r5, r2
20001446:	f108 31ff 	add.w	r1, r8, #4294967295
2000144a:	bf2c      	ite	cs
2000144c:	f04f 0901 	movcs.w	r9, #1
20001450:	f04f 0900 	movcc.w	r9, #0
20001454:	4562      	cmp	r2, ip
20001456:	d2be      	bcs.n	200013d6 <__udivmoddi4+0x25e>
20001458:	f1b9 0f00 	cmp.w	r9, #0
2000145c:	d1bb      	bne.n	200013d6 <__udivmoddi4+0x25e>
2000145e:	f1a8 0102 	sub.w	r1, r8, #2
20001462:	442a      	add	r2, r5
20001464:	e7b7      	b.n	200013d6 <__udivmoddi4+0x25e>
20001466:	1a84      	subs	r4, r0, r2
20001468:	eb6c 0203 	sbc.w	r2, ip, r3
2000146c:	2001      	movs	r0, #1
2000146e:	4617      	mov	r7, r2
20001470:	e6e7      	b.n	20001242 <__udivmoddi4+0xca>
20001472:	442c      	add	r4, r5
20001474:	3802      	subs	r0, #2
20001476:	e72b      	b.n	200012d0 <__udivmoddi4+0x158>
20001478:	f1ac 0c02 	sub.w	ip, ip, #2
2000147c:	442a      	add	r2, r5
2000147e:	e70c      	b.n	2000129a <__udivmoddi4+0x122>
20001480:	3902      	subs	r1, #2
20001482:	442a      	add	r2, r5
20001484:	e6a5      	b.n	200011d2 <__udivmoddi4+0x5a>
20001486:	442c      	add	r4, r5
20001488:	3802      	subs	r0, #2
2000148a:	e6ba      	b.n	20001202 <__udivmoddi4+0x8a>
2000148c:	eba5 0c0c 	sub.w	ip, r5, ip
20001490:	f1a8 0002 	sub.w	r0, r8, #2
20001494:	4461      	add	r1, ip
20001496:	fbb1 f8fe 	udiv	r8, r1, lr
2000149a:	fb08 fc07 	mul.w	ip, r8, r7
2000149e:	e7ca      	b.n	20001436 <__udivmoddi4+0x2be>
200014a0:	f1a8 0802 	sub.w	r8, r8, #2
200014a4:	443c      	add	r4, r7
200014a6:	e744      	b.n	20001332 <__udivmoddi4+0x1ba>
200014a8:	3b02      	subs	r3, #2
200014aa:	443c      	add	r4, r7
200014ac:	e75e      	b.n	2000136c <__udivmoddi4+0x1f4>
200014ae:	4641      	mov	r1, r8
200014b0:	e791      	b.n	200013d6 <__udivmoddi4+0x25e>
200014b2:	eba1 010c 	sub.w	r1, r1, ip
200014b6:	4640      	mov	r0, r8
200014b8:	fbb1 f8fe 	udiv	r8, r1, lr
200014bc:	fb08 fc07 	mul.w	ip, r8, r7
200014c0:	e7b9      	b.n	20001436 <__udivmoddi4+0x2be>
200014c2:	bf00      	nop

200014c4 <__aeabi_idiv0>:
200014c4:	4770      	bx	lr
200014c6:	bf00      	nop

200014c8 <__memset_veneer>:
200014c8:	f85f f000 	ldr.w	pc, [pc]	@ 200014cc <__memset_veneer+0x4>
200014cc:	10008ba1 	.word	0x10008ba1

200014d0 <__panic_veneer>:
200014d0:	f85f f000 	ldr.w	pc, [pc]	@ 200014d4 <__panic_veneer+0x4>
200014d4:	1000092d 	.word	0x1000092d

200014d8 <__tud_event_hook_cb_veneer>:
200014d8:	f85f f000 	ldr.w	pc, [pc]	@ 200014dc <__tud_event_hook_cb_veneer+0x4>
200014dc:	10004531 	.word	0x10004531

200014e0 <__best_effort_wfe_or_timeout_veneer>:
200014e0:	f85f f000 	ldr.w	pc, [pc]	@ 200014e4 <__best_effort_wfe_or_timeout_veneer+0x4>
200014e4:	10001659 	.word	0x10001659

200014e8 <__time_us_64_veneer>:
200014e8:	f85f f000 	ldr.w	pc, [pc]	@ 200014ec <__time_us_64_veneer+0x4>
200014ec:	10001761 	.word	0x10001761

200014f0 <__tu_fifo_write_veneer>:
200014f0:	f85f f000 	ldr.w	pc, [pc]	@ 200014f4 <__tu_fifo_write_veneer+0x4>
200014f4:	10005f09 	.word	0x10005f09

200014f8 <cooler>:
200014f8:	00000010 00000000 00000000 000030d3     .............0..
20001508:	0000000a                                ....

2000150c <striped_spin_lock_num>:
2000150c:	00000010                                ....

20001510 <irq_handler_chain_slots>:
20001510:	00000000 	.word	0x00000000
20001514:	00010000 	.word	0x00010000
	...
20001520:	00020000 	.word	0x00020000
	...
2000152c:	00030000 	.word	0x00030000
	...
20001538:	00ff0000 	.word	0x00ff0000
2000153c:	00000000 	.word	0x00000000

20001540 <irq_handler_chain_first_slot>:
20001540:	b501      	push	{r0, lr}
20001542:	6848      	ldr	r0, [r1, #4]
20001544:	3101      	adds	r1, #1
20001546:	468e      	mov	lr, r1
20001548:	4700      	bx	r0

2000154a <irq_handler_chain_remove_tail>:
2000154a:	4670      	mov	r0, lr
2000154c:	3809      	subs	r0, #9
2000154e:	4901      	ldr	r1, [pc, #4]	@ (20001554 <irq_handler_chain_remove_tail+0xa>)
20001550:	4788      	blx	r1
20001552:	bd01      	pop	{r0, pc}
20001554:	10000da1 	.word	0x10000da1

20001558 <default_alarm_pool>:
	...
2000156c:	20001b18                                ... 

20001570 <stdio_usb>:
20001570:	10003cdd 10003c89 10003c01 10003b71     .<...<...<..q;..
20001580:	00000000 00000100                       ........

20001588 <_usbd_qdef>:
20001588:	2000208c 000c0010 00000000 00000000     . . ............
	...

200015a4 <_usbd_rhport>:
200015a4:	000000ff                                ....

200015a8 <i2c0_inst>:
200015a8:	40090000 00000000                       ...@....

200015b0 <ucPrimaryCoreNum>:
200015b0:	000000ff                                ....

200015b4 <ulCriticalNesting>:
200015b4:	aaaaaaaa                                ....

200015b8 <__malloc_sbrk_base>:
200015b8:	ffffffff                                ....

200015bc <__malloc_trim_threshold>:
200015bc:	00020000                                ....

200015c0 <__malloc_av_>:
	...
200015c8:	200015c0 200015c0 200015c8 200015c8     ... ... ... ... 
200015d8:	200015d0 200015d0 200015d8 200015d8     ... ... ... ... 
200015e8:	200015e0 200015e0 200015e8 200015e8     ... ... ... ... 
200015f8:	200015f0 200015f0 200015f8 200015f8     ... ... ... ... 
20001608:	20001600 20001600 20001608 20001608     ... ... ... ... 
20001618:	20001610 20001610 20001618 20001618     ... ... ... ... 
20001628:	20001620 20001620 20001628 20001628      ..  .. (.. (.. 
20001638:	20001630 20001630 20001638 20001638     0.. 0.. 8.. 8.. 
20001648:	20001640 20001640 20001648 20001648     @.. @.. H.. H.. 
20001658:	20001650 20001650 20001658 20001658     P.. P.. X.. X.. 
20001668:	20001660 20001660 20001668 20001668     `.. `.. h.. h.. 
20001678:	20001670 20001670 20001678 20001678     p.. p.. x.. x.. 
20001688:	20001680 20001680 20001688 20001688     ... ... ... ... 
20001698:	20001690 20001690 20001698 20001698     ... ... ... ... 
200016a8:	200016a0 200016a0 200016a8 200016a8     ... ... ... ... 
200016b8:	200016b0 200016b0 200016b8 200016b8     ... ... ... ... 
200016c8:	200016c0 200016c0 200016c8 200016c8     ... ... ... ... 
200016d8:	200016d0 200016d0 200016d8 200016d8     ... ... ... ... 
200016e8:	200016e0 200016e0 200016e8 200016e8     ... ... ... ... 
200016f8:	200016f0 200016f0 200016f8 200016f8     ... ... ... ... 
20001708:	20001700 20001700 20001708 20001708     ... ... ... ... 
20001718:	20001710 20001710 20001718 20001718     ... ... ... ... 
20001728:	20001720 20001720 20001728 20001728      ..  .. (.. (.. 
20001738:	20001730 20001730 20001738 20001738     0.. 0.. 8.. 8.. 
20001748:	20001740 20001740 20001748 20001748     @.. @.. H.. H.. 
20001758:	20001750 20001750 20001758 20001758     P.. P.. X.. X.. 
20001768:	20001760 20001760 20001768 20001768     `.. `.. h.. h.. 
20001778:	20001770 20001770 20001778 20001778     p.. p.. x.. x.. 
20001788:	20001780 20001780 20001788 20001788     ... ... ... ... 
20001798:	20001790 20001790 20001798 20001798     ... ... ... ... 
200017a8:	200017a0 200017a0 200017a8 200017a8     ... ... ... ... 
200017b8:	200017b0 200017b0 200017b8 200017b8     ... ... ... ... 
200017c8:	200017c0 200017c0 200017c8 200017c8     ... ... ... ... 
200017d8:	200017d0 200017d0 200017d8 200017d8     ... ... ... ... 
200017e8:	200017e0 200017e0 200017e8 200017e8     ... ... ... ... 
200017f8:	200017f0 200017f0 200017f8 200017f8     ... ... ... ... 
20001808:	20001800 20001800 20001808 20001808     ... ... ... ... 
20001818:	20001810 20001810 20001818 20001818     ... ... ... ... 
20001828:	20001820 20001820 20001828 20001828      ..  .. (.. (.. 
20001838:	20001830 20001830 20001838 20001838     0.. 0.. 8.. 8.. 
20001848:	20001840 20001840 20001848 20001848     @.. @.. H.. H.. 
20001858:	20001850 20001850 20001858 20001858     P.. P.. X.. X.. 
20001868:	20001860 20001860 20001868 20001868     `.. `.. h.. h.. 
20001878:	20001870 20001870 20001878 20001878     p.. p.. x.. x.. 
20001888:	20001880 20001880 20001888 20001888     ... ... ... ... 
20001898:	20001890 20001890 20001898 20001898     ... ... ... ... 
200018a8:	200018a0 200018a0 200018a8 200018a8     ... ... ... ... 
200018b8:	200018b0 200018b0 200018b8 200018b8     ... ... ... ... 
200018c8:	200018c0 200018c0 200018c8 200018c8     ... ... ... ... 
200018d8:	200018d0 200018d0 200018d8 200018d8     ... ... ... ... 
200018e8:	200018e0 200018e0 200018e8 200018e8     ... ... ... ... 
200018f8:	200018f0 200018f0 200018f8 200018f8     ... ... ... ... 
20001908:	20001900 20001900 20001908 20001908     ... ... ... ... 
20001918:	20001910 20001910 20001918 20001918     ... ... ... ... 
20001928:	20001920 20001920 20001928 20001928      ..  .. (.. (.. 
20001938:	20001930 20001930 20001938 20001938     0.. 0.. 8.. 8.. 
20001948:	20001940 20001940 20001948 20001948     @.. @.. H.. H.. 
20001958:	20001950 20001950 20001958 20001958     P.. P.. X.. X.. 
20001968:	20001960 20001960 20001968 20001968     `.. `.. h.. h.. 
20001978:	20001970 20001970 20001978 20001978     p.. p.. x.. x.. 
20001988:	20001980 20001980 20001988 20001988     ... ... ... ... 
20001998:	20001990 20001990 20001998 20001998     ... ... ... ... 
200019a8:	200019a0 200019a0 200019a8 200019a8     ... ... ... ... 
200019b8:	200019b0 200019b0 200019b8 200019b8     ... ... ... ... 

200019c8 <_impure_ptr>:
200019c8:	200019d0 00000000                       ... ....

200019d0 <_impure_data>:
200019d0:	00000000 20001d28 20001d90 20001df8     ....(.. ... ... 
	...
20001a68:	00000001 00000000 abcd330e e66d1234     .........3..4.m.
20001a78:	0005deec 0000000b 00000000 00000000     ................
	...

20001b10 <print_mutex>:
	...
